province,date,industry,labour_val,employment_val,average_hourly_wage,employment_rate,min_wage,retail_sales,cpi,population
Alberta,2022/1/1,Accommodation and food services,,,,,15,,,
Alberta,2022/2/1,Accommodation and food services,,,,,15,,,
Alberta,2022/3/1,Accommodation and food services,,,,,15,,,
Alberta,2022/4/1,Accommodation and food services,,,,,15,,,
Alberta,2022/5/1,Accommodation and food services,,,,,15,,,
Alberta,2022/6/1,Accommodation and food services,,,,,15,,,
Alberta,2022/7/1,Accommodation and food services,,,,,15,,,
Alberta,2022/8/1,Accommodation and food services,,,,,15,,,
Alberta,2022/9/1,Accommodation and food services,,,,,15,,,
Alberta,2022/10/1,Accommodation and food services,,,,,15,,,
Alberta,2022/11/1,Accommodation and food services,,,,,15,,,
Alberta,2022/12/1,Accommodation and food services,,,,,15,,,
Alberta,2023/1/1,Accommodation and food services,124.6,107.8,19.1,0.8651685393258427,15,8882071,160.5,4596901
Alberta,2023/2/1,Accommodation and food services,126.6,107.5,18.37,0.84913112164297,15,8662936,160.1,4596901
Alberta,2023/3/1,Accommodation and food services,131.5,113.1,19.04,0.8600760456273764,15,8510247,161.7,4596901
Alberta,2023/4/1,Accommodation and food services,135.8,121.6,19.16,0.8954344624447717,15,8457389,163.7,4641615
Alberta,2023/5/1,Accommodation and food services,137.5,125.6,18.86,0.9134545454545454,15,8612681,164.1,4641615
Alberta,2023/6/1,Accommodation and food services,138.2,120.4,18.74,0.8712011577424025,15,8453128,164.4,4641615
Alberta,2023/7/1,Accommodation and food services,148.8,135.5,19.35,0.9106182795698924,15,8288179,166,4688576
Alberta,2023/8/1,Accommodation and food services,148.8,133.8,18.64,0.8991935483870968,15,8416788,166.8,4688576
Alberta,2023/9/1,Accommodation and food services,149,133.9,18.97,0.8986577181208054,15,8418645,166,4688576
Alberta,2023/10/1,Accommodation and food services,150.7,134,18.74,0.8891838088918381,15,8395532,165.2,4752173
Alberta,2023/11/1,Accommodation and food services,144.9,131.1,19.92,0.9047619047619048,15,8458007,165.6,4752173
Alberta,2023/12/1,Accommodation and food services,146,127,20.13,0.8698630136986302,15,8423493,165.6,4752173
Alberta,2024/1/1,Accommodation and food services,147.6,124.7,19.85,0.8448509485094852,15,8441899,165.9,4801806
Alberta,2024/2/1,Accommodation and food services,144.7,121.5,20.35,0.8396682791983414,15,8413303,166.8,4801806
Alberta,2024/3/1,Accommodation and food services,147.9,128.3,20.48,0.8674780256930359,15,8442887,167.3,4801806
Alberta,2024/4/1,Accommodation and food services,150,130.1,19.99,0.8673333333333333,15,8727736,168.6,4857695
Alberta,2024/5/1,Accommodation and food services,167.6,142.9,19.03,0.8526252983293556,15,8514238,169.1,4857695
Alberta,2024/6/1,Accommodation and food services,165.3,150,20.41,0.9074410163339384,15,8493713,169.4,4857695
Alberta,2024/7/1,Accommodation and food services,159.3,141.5,20.18,0.8882611424984306,15,8726323,170.4,4909030
Alberta,2024/8/1,Accommodation and food services,165.3,144.3,19.74,0.8729582577132486,15,8586684,170.2,4909030
Alberta,2024/9/1,Accommodation and food services,158.5,138.5,20.19,0.8738170347003155,15,8795820,169.2,4909030
Alberta,2024/10/1,Accommodation and food services,155.1,135.8,21.36,0.8755641521598969,15,8799934,170.1,4957075
Alberta,2024/11/1,Accommodation and food services,154.6,138,20.96,0.8926261319534282,15,8825587,170.2,4957075
Alberta,2024/12/1,Accommodation and food services,156.7,142.8,20.68,0.9112954690491386,15,8964586,169.7,4957075
Alberta,2025/1/1,Accommodation and food services,147.6,135.1,19.89,0.9153116531165312,15,9055175,170.1,4988181
Alberta,2025/2/1,Accommodation and food services,154.2,138.6,20.66,0.8988326848249028,15,8984268,171.4,4988181
Alberta,2025/3/1,Accommodation and food services,154.5,136.9,19.2,0.886084142394822,15,9041851,172,4988181
Alberta,2025/4/1,Accommodation and food services,157.4,140.1,19.05,0.8900889453621347,15,9002358,171.1,5010078
Alberta,2025/5/1,Accommodation and food services,158.8,141.7,19.17,0.8923173803526447,15,8935090,171.9,5010078
Alberta,2025/6/1,Accommodation and food services,163.6,149.3,19.86,0.9125916870415648,15,8982698,172.3,5010078
Alberta,2025/7/1,Accommodation and food services,168.1,152.4,19.82,0.9066032123735872,15,8975906,172.6,5029346
Alberta,2025/8/1,Accommodation and food services,173.2,154.5,19.02,0.8920323325635104,15,9048447,172.6,5029346
Alberta,2025/9/1,Accommodation and food services,164.1,144.9,19.85,0.8829981718464351,15,,172.4,5029346
Alberta,2022/1/1,Agriculture,,,,,15,,,
Alberta,2022/2/1,Agriculture,,,,,15,,,
Alberta,2022/3/1,Agriculture,,,,,15,,,
Alberta,2022/4/1,Agriculture,,,,,15,,,
Alberta,2022/5/1,Agriculture,,,,,15,,,
Alberta,2022/6/1,Agriculture,,,,,15,,,
Alberta,2022/7/1,Agriculture,,,,,15,,,
Alberta,2022/8/1,Agriculture,,,,,15,,,
Alberta,2022/9/1,Agriculture,,,,,15,,,
Alberta,2022/10/1,Agriculture,,,,,15,,,
Alberta,2022/11/1,Agriculture,,,,,15,,,
Alberta,2022/12/1,Agriculture,,,,,15,,,
Alberta,2023/1/1,Agriculture,46.9,15.2,27.77,0.32409381663113,15,8882071,160.5,4596901
Alberta,2023/2/1,Agriculture,43.9,18.9,24.16,0.4305239179954441,15,8662936,160.1,4596901
Alberta,2023/3/1,Agriculture,45,18.1,21.39,0.4022222222222222,15,8510247,161.7,4596901
Alberta,2023/4/1,Agriculture,46.5,15,21.36,0.3225806451612903,15,8457389,163.7,4641615
Alberta,2023/5/1,Agriculture,50.5,21.5,23.24,0.4257425742574257,15,8612681,164.1,4641615
Alberta,2023/6/1,Agriculture,48.8,19.8,23.31,0.4057377049180328,15,8453128,164.4,4641615
Alberta,2023/7/1,Agriculture,52,24.3,24.7,0.4673076923076923,15,8288179,166,4688576
Alberta,2023/8/1,Agriculture,48.1,19.9,24.2,0.4137214137214137,15,8416788,166.8,4688576
Alberta,2023/9/1,Agriculture,47.1,17.1,26.36,0.3630573248407643,15,8418645,166,4688576
Alberta,2023/10/1,Agriculture,49,23,25.46,0.4693877551020408,15,8395532,165.2,4752173
Alberta,2023/11/1,Agriculture,46.9,21.2,22.54,0.4520255863539446,15,8458007,165.6,4752173
Alberta,2023/12/1,Agriculture,40.5,16.6,23.89,0.4098765432098766,15,8423493,165.6,4752173
Alberta,2024/1/1,Agriculture,36,12.9,23.77,0.3583333333333333,15,8441899,165.9,4801806
Alberta,2024/2/1,Agriculture,36,14.7,27.17,0.4083333333333333,15,8413303,166.8,4801806
Alberta,2024/3/1,Agriculture,37,14.3,25.78,0.3864864864864865,15,8442887,167.3,4801806
Alberta,2024/4/1,Agriculture,37.1,18.6,24.26,0.5013477088948787,15,8727736,168.6,4857695
Alberta,2024/5/1,Agriculture,34.4,13.4,24.7,0.3895348837209302,15,8514238,169.1,4857695
Alberta,2024/6/1,Agriculture,37.8,16.6,22.84,0.4391534391534392,15,8493713,169.4,4857695
Alberta,2024/7/1,Agriculture,39.6,20.8,27.23,0.5252525252525253,15,8726323,170.4,4909030
Alberta,2024/8/1,Agriculture,38.2,16,26.14,0.4188481675392669,15,8586684,170.2,4909030
Alberta,2024/9/1,Agriculture,36.2,16.8,25.87,0.4640883977900552,15,8795820,169.2,4909030
Alberta,2024/10/1,Agriculture,37.9,20.1,27.19,0.5303430079155673,15,8799934,170.1,4957075
Alberta,2024/11/1,Agriculture,38.2,19.7,27.1,0.5157068062827225,15,8825587,170.2,4957075
Alberta,2024/12/1,Agriculture,36.8,15.7,27.75,0.4266304347826087,15,8964586,169.7,4957075
Alberta,2025/1/1,Agriculture,38.3,16.2,27.27,0.422976501305483,15,9055175,170.1,4988181
Alberta,2025/2/1,Agriculture,35.5,14,27.94,0.3943661971830985,15,8984268,171.4,4988181
Alberta,2025/3/1,Agriculture,38.7,13.3,28.32,0.3436692506459948,15,9041851,172,4988181
Alberta,2025/4/1,Agriculture,39,14.8,26.76,0.3794871794871795,15,9002358,171.1,5010078
Alberta,2025/5/1,Agriculture,49,19.8,24.87,0.4040816326530612,15,8935090,171.9,5010078
Alberta,2025/6/1,Agriculture,44.7,15.2,25.28,0.3400447427293064,15,8982698,172.3,5010078
Alberta,2025/7/1,Agriculture,38.7,12.8,28.31,0.330749354005168,15,8975906,172.6,5029346
Alberta,2025/8/1,Agriculture,39.8,11.9,26.1,0.2989949748743719,15,9048447,172.6,5029346
Alberta,2025/9/1,Agriculture,42.7,14.1,28.56,0.3302107728337236,15,,172.4,5029346
Alberta,2022/1/1,"Business, building and other support services",,,,,15,,,
Alberta,2022/2/1,"Business, building and other support services",,,,,15,,,
Alberta,2022/3/1,"Business, building and other support services",,,,,15,,,
Alberta,2022/4/1,"Business, building and other support services",,,,,15,,,
Alberta,2022/5/1,"Business, building and other support services",,,,,15,,,
Alberta,2022/6/1,"Business, building and other support services",,,,,15,,,
Alberta,2022/7/1,"Business, building and other support services",,,,,15,,,
Alberta,2022/8/1,"Business, building and other support services",,,,,15,,,
Alberta,2022/9/1,"Business, building and other support services",,,,,15,,,
Alberta,2022/10/1,"Business, building and other support services",,,,,15,,,
Alberta,2022/11/1,"Business, building and other support services",,,,,15,,,
Alberta,2022/12/1,"Business, building and other support services",,,,,15,,,
Alberta,2023/1/1,"Business, building and other support services",74.1,54.6,26.69,0.736842105263158,15,8882071,160.5,4596901
Alberta,2023/2/1,"Business, building and other support services",70.2,56.3,27.1,0.8019943019943019,15,8662936,160.1,4596901
Alberta,2023/3/1,"Business, building and other support services",77.5,61.4,28.07,0.792258064516129,15,8510247,161.7,4596901
Alberta,2023/4/1,"Business, building and other support services",77.6,57.5,28.95,0.740979381443299,15,8457389,163.7,4641615
Alberta,2023/5/1,"Business, building and other support services",78.5,55.9,28.05,0.7121019108280254,15,8612681,164.1,4641615
Alberta,2023/6/1,"Business, building and other support services",83.6,55.4,28.79,0.6626794258373206,15,8453128,164.4,4641615
Alberta,2023/7/1,"Business, building and other support services",83.9,60.1,26.11,0.7163289630512515,15,8288179,166,4688576
Alberta,2023/8/1,"Business, building and other support services",82,61.4,25.59,0.748780487804878,15,8416788,166.8,4688576
Alberta,2023/9/1,"Business, building and other support services",80.2,58,25.96,0.7231920199501246,15,8418645,166,4688576
Alberta,2023/10/1,"Business, building and other support services",81.5,63.3,26.89,0.7766871165644171,15,8395532,165.2,4752173
Alberta,2023/11/1,"Business, building and other support services",86.4,62.8,25.89,0.7268518518518517,15,8458007,165.6,4752173
Alberta,2023/12/1,"Business, building and other support services",84.5,63.6,26.28,0.7526627218934911,15,8423493,165.6,4752173
Alberta,2024/1/1,"Business, building and other support services",81.9,56.8,27.96,0.6935286935286934,15,8441899,165.9,4801806
Alberta,2024/2/1,"Business, building and other support services",93.6,62.1,27.72,0.6634615384615385,15,8413303,166.8,4801806
Alberta,2024/3/1,"Business, building and other support services",91,61.6,26.12,0.676923076923077,15,8442887,167.3,4801806
Alberta,2024/4/1,"Business, building and other support services",92.5,58.3,27.54,0.6302702702702703,15,8727736,168.6,4857695
Alberta,2024/5/1,"Business, building and other support services",95.6,63.6,27.95,0.6652719665271967,15,8514238,169.1,4857695
Alberta,2024/6/1,"Business, building and other support services",100.2,63.6,28.15,0.6347305389221557,15,8493713,169.4,4857695
Alberta,2024/7/1,"Business, building and other support services",91.9,64.7,29.3,0.7040261153427638,15,8726323,170.4,4909030
Alberta,2024/8/1,"Business, building and other support services",84.8,57,28.92,0.6721698113207547,15,8586684,170.2,4909030
Alberta,2024/9/1,"Business, building and other support services",79.7,57.6,29.02,0.7227101631116688,15,8795820,169.2,4909030
Alberta,2024/10/1,"Business, building and other support services",86.5,63,28.95,0.7283236994219653,15,8799934,170.1,4957075
Alberta,2024/11/1,"Business, building and other support services",89.2,58.3,30.28,0.6535874439461883,15,8825587,170.2,4957075
Alberta,2024/12/1,"Business, building and other support services",85.3,60.5,29.68,0.7092614302461899,15,8964586,169.7,4957075
Alberta,2025/1/1,"Business, building and other support services",85.3,57.2,30.61,0.6705744431418523,15,9055175,170.1,4988181
Alberta,2025/2/1,"Business, building and other support services",84.3,56,32.64,0.66429418742586,15,8984268,171.4,4988181
Alberta,2025/3/1,"Business, building and other support services",81.6,61.5,30.68,0.7536764705882354,15,9041851,172,4988181
Alberta,2025/4/1,"Business, building and other support services",82.5,61.4,28.65,0.7442424242424243,15,9002358,171.1,5010078
Alberta,2025/5/1,"Business, building and other support services",86.2,63.5,26.6,0.7366589327146171,15,8935090,171.9,5010078
Alberta,2025/6/1,"Business, building and other support services",92.4,67.8,28.99,0.7337662337662337,15,8982698,172.3,5010078
Alberta,2025/7/1,"Business, building and other support services",90.5,64.9,31.36,0.7171270718232045,15,8975906,172.6,5029346
Alberta,2025/8/1,"Business, building and other support services",88.4,66.1,27.46,0.7477375565610859,15,9048447,172.6,5029346
Alberta,2025/9/1,"Business, building and other support services",85.8,66.6,27.01,0.7762237762237761,15,,172.4,5029346
Alberta,2022/1/1,Construction,,,,,15,,,
Alberta,2022/2/1,Construction,,,,,15,,,
Alberta,2022/3/1,Construction,,,,,15,,,
Alberta,2022/4/1,Construction,,,,,15,,,
Alberta,2022/5/1,Construction,,,,,15,,,
Alberta,2022/6/1,Construction,,,,,15,,,
Alberta,2022/7/1,Construction,,,,,15,,,
Alberta,2022/8/1,Construction,,,,,15,,,
Alberta,2022/9/1,Construction,,,,,15,,,
Alberta,2022/10/1,Construction,,,,,15,,,
Alberta,2022/11/1,Construction,,,,,15,,,
Alberta,2022/12/1,Construction,,,,,15,,,
Alberta,2023/1/1,Construction,241.3,170.8,37.09,0.7078325735598839,15,8882071,160.5,4596901
Alberta,2023/2/1,Construction,235.6,167.3,37.06,0.7101018675721562,15,8662936,160.1,4596901
Alberta,2023/3/1,Construction,240,167.8,37.61,0.6991666666666667,15,8510247,161.7,4596901
Alberta,2023/4/1,Construction,240.7,172,37.26,0.7145824678022434,15,8457389,163.7,4641615
Alberta,2023/5/1,Construction,260.7,198,36.07,0.759493670886076,15,8612681,164.1,4641615
Alberta,2023/6/1,Construction,266.3,200.3,35.52,0.7521592189260233,15,8453128,164.4,4641615
Alberta,2023/7/1,Construction,271.8,206.9,36.2,0.7612214863870493,15,8288179,166,4688576
Alberta,2023/8/1,Construction,273.1,202.1,37.37,0.7400219699743683,15,8416788,166.8,4688576
Alberta,2023/9/1,Construction,250.1,188.7,36.94,0.7544982007197121,15,8418645,166,4688576
Alberta,2023/10/1,Construction,255.9,191.4,37.89,0.7479484173505275,15,8395532,165.2,4752173
Alberta,2023/11/1,Construction,261.5,191.2,37.54,0.7311663479923518,15,8458007,165.6,4752173
Alberta,2023/12/1,Construction,252.8,186.3,38.89,0.7369462025316456,15,8423493,165.6,4752173
Alberta,2024/1/1,Construction,248.7,178.3,39.9,0.7169280257338159,15,8441899,165.9,4801806
Alberta,2024/2/1,Construction,259.3,190.9,39.34,0.736212880833012,15,8413303,166.8,4801806
Alberta,2024/3/1,Construction,260.2,192.7,40.13,0.7405841660261338,15,8442887,167.3,4801806
Alberta,2024/4/1,Construction,268.2,194.2,38.68,0.7240865026099925,15,8727736,168.6,4857695
Alberta,2024/5/1,Construction,262.4,189.2,38.77,0.7210365853658537,15,8514238,169.1,4857695
Alberta,2024/6/1,Construction,256.4,198.5,37.66,0.7741809672386896,15,8493713,169.4,4857695
Alberta,2024/7/1,Construction,263.1,208.8,37.15,0.7936145952109463,15,8726323,170.4,4909030
Alberta,2024/8/1,Construction,278.4,213,37.44,0.7650862068965518,15,8586684,170.2,4909030
Alberta,2024/9/1,Construction,264.2,202.2,38.82,0.7653292959878879,15,8795820,169.2,4909030
Alberta,2024/10/1,Construction,263.2,207.5,37.33,0.7883738601823709,15,8799934,170.1,4957075
Alberta,2024/11/1,Construction,262.5,194.9,38.5,0.7424761904761905,15,8825587,170.2,4957075
Alberta,2024/12/1,Construction,266.7,189.9,37.34,0.7120359955005625,15,8964586,169.7,4957075
Alberta,2025/1/1,Construction,272.9,189.1,36.74,0.6929278123854892,15,9055175,170.1,4988181
Alberta,2025/2/1,Construction,287,198.3,37.62,0.6909407665505227,15,8984268,171.4,4988181
Alberta,2025/3/1,Construction,284.1,200,39.43,0.7039774727208729,15,9041851,172,4988181
Alberta,2025/4/1,Construction,296.5,212.5,39.21,0.7166947723440135,15,9002358,171.1,5010078
Alberta,2025/5/1,Construction,289,227.8,39.12,0.7882352941176471,15,8935090,171.9,5010078
Alberta,2025/6/1,Construction,283.5,216.5,40.07,0.763668430335097,15,8982698,172.3,5010078
Alberta,2025/7/1,Construction,278.7,214.8,39.71,0.7707212055974166,15,8975906,172.6,5029346
Alberta,2025/8/1,Construction,273.7,213.5,38.17,0.7800511508951407,15,9048447,172.6,5029346
Alberta,2025/9/1,Construction,275.2,212.9,38.44,0.7736191860465117,15,,172.4,5029346
Alberta,2022/1/1,Educational services,,,,,15,,,
Alberta,2022/2/1,Educational services,,,,,15,,,
Alberta,2022/3/1,Educational services,,,,,15,,,
Alberta,2022/4/1,Educational services,,,,,15,,,
Alberta,2022/5/1,Educational services,,,,,15,,,
Alberta,2022/6/1,Educational services,,,,,15,,,
Alberta,2022/7/1,Educational services,,,,,15,,,
Alberta,2022/8/1,Educational services,,,,,15,,,
Alberta,2022/9/1,Educational services,,,,,15,,,
Alberta,2022/10/1,Educational services,,,,,15,,,
Alberta,2022/11/1,Educational services,,,,,15,,,
Alberta,2022/12/1,Educational services,,,,,15,,,
Alberta,2023/1/1,Educational services,175.8,160.2,37.07,0.9112627986348122,15,8882071,160.5,4596901
Alberta,2023/2/1,Educational services,169.8,155.6,38.97,0.9163722025912836,15,8662936,160.1,4596901
Alberta,2023/3/1,Educational services,177,159.8,37.44,0.9028248587570622,15,8510247,161.7,4596901
Alberta,2023/4/1,Educational services,171.6,152.8,39.11,0.8904428904428905,15,8457389,163.7,4641615
Alberta,2023/5/1,Educational services,178.9,158.3,38.93,0.8848518725544997,15,8612681,164.1,4641615
Alberta,2023/6/1,Educational services,170.4,151.1,39.98,0.8867370892018779,15,8453128,164.4,4641615
Alberta,2023/7/1,Educational services,143.7,122.6,39.58,0.8531663187195546,15,8288179,166,4688576
Alberta,2023/8/1,Educational services,151.6,115.1,40.64,0.7592348284960422,15,8416788,166.8,4688576
Alberta,2023/9/1,Educational services,165.6,153.1,39.62,0.9245169082125604,15,8418645,166,4688576
Alberta,2023/10/1,Educational services,170.3,157.8,37.13,0.926600117439812,15,8395532,165.2,4752173
Alberta,2023/11/1,Educational services,164.2,152.8,36.12,0.9305724725943972,15,8458007,165.6,4752173
Alberta,2023/12/1,Educational services,168.7,156.7,36.33,0.92886781268524,15,8423493,165.6,4752173
Alberta,2024/1/1,Educational services,179.8,163.7,36.41,0.9104560622914348,15,8441899,165.9,4801806
Alberta,2024/2/1,Educational services,176.7,160.7,37.85,0.9094510469722694,15,8413303,166.8,4801806
Alberta,2024/3/1,Educational services,176.3,162.1,38.98,0.9194554736245036,15,8442887,167.3,4801806
Alberta,2024/4/1,Educational services,175.1,161.3,40.19,0.9211878926327812,15,8727736,168.6,4857695
Alberta,2024/5/1,Educational services,174.6,159.4,39.89,0.9129438717067584,15,8514238,169.1,4857695
Alberta,2024/6/1,Educational services,185.9,168.8,39.63,0.9080150618612156,15,8493713,169.4,4857695
Alberta,2024/7/1,Educational services,168.4,142,37.33,0.843230403800475,15,8726323,170.4,4909030
Alberta,2024/8/1,Educational services,171.1,141.8,36.94,0.8287551139684396,15,8586684,170.2,4909030
Alberta,2024/9/1,Educational services,164.3,156,38.15,0.9494826536822883,15,8795820,169.2,4909030
Alberta,2024/10/1,Educational services,171.8,159.7,37.43,0.9295692665890568,15,8799934,170.1,4957075
Alberta,2024/11/1,Educational services,168.9,154.2,39.2,0.9129662522202484,15,8825587,170.2,4957075
Alberta,2024/12/1,Educational services,174.8,164.7,39.12,0.9422196796338672,15,8964586,169.7,4957075
Alberta,2025/1/1,Educational services,178.7,168.9,37.23,0.9451594851706772,15,9055175,170.1,4988181
Alberta,2025/2/1,Educational services,178.3,166.1,38.48,0.93157599551318,15,8984268,171.4,4988181
Alberta,2025/3/1,Educational services,182.1,171.1,39.02,0.9395936298736958,15,9041851,172,4988181
Alberta,2025/4/1,Educational services,185.2,172.3,38.28,0.9303455723542118,15,9002358,171.1,5010078
Alberta,2025/5/1,Educational services,188.9,178.1,39.47,0.9428268925357332,15,8935090,171.9,5010078
Alberta,2025/6/1,Educational services,187.2,176,38.65,0.9401709401709404,15,8982698,172.3,5010078
Alberta,2025/7/1,Educational services,159.2,137.1,40.8,0.8611809045226131,15,8975906,172.6,5029346
Alberta,2025/8/1,Educational services,186.3,144.1,43.7,0.7734836285560922,15,9048447,172.6,5029346
Alberta,2025/9/1,Educational services,191.5,181.5,42.44,0.9477806788511748,15,,172.4,5029346
Alberta,2022/1/1,"Finance, insurance, real estate, rental and leasing",,,,,15,,,
Alberta,2022/2/1,"Finance, insurance, real estate, rental and leasing",,,,,15,,,
Alberta,2022/3/1,"Finance, insurance, real estate, rental and leasing",,,,,15,,,
Alberta,2022/4/1,"Finance, insurance, real estate, rental and leasing",,,,,15,,,
Alberta,2022/5/1,"Finance, insurance, real estate, rental and leasing",,,,,15,,,
Alberta,2022/6/1,"Finance, insurance, real estate, rental and leasing",,,,,15,,,
Alberta,2022/7/1,"Finance, insurance, real estate, rental and leasing",,,,,15,,,
Alberta,2022/8/1,"Finance, insurance, real estate, rental and leasing",,,,,15,,,
Alberta,2022/9/1,"Finance, insurance, real estate, rental and leasing",,,,,15,,,
Alberta,2022/10/1,"Finance, insurance, real estate, rental and leasing",,,,,15,,,
Alberta,2022/11/1,"Finance, insurance, real estate, rental and leasing",,,,,15,,,
Alberta,2022/12/1,"Finance, insurance, real estate, rental and leasing",,,,,15,,,
Alberta,2023/1/1,"Finance, insurance, real estate, rental and leasing",124.7,107,35.36,0.8580593424218124,15,8882071,160.5,4596901
Alberta,2023/2/1,"Finance, insurance, real estate, rental and leasing",127.8,105.3,36.05,0.823943661971831,15,8662936,160.1,4596901
Alberta,2023/3/1,"Finance, insurance, real estate, rental and leasing",136.9,107.9,34.3,0.7881665449233017,15,8510247,161.7,4596901
Alberta,2023/4/1,"Finance, insurance, real estate, rental and leasing",130.1,104.8,36.13,0.8055342044581092,15,8457389,163.7,4641615
Alberta,2023/5/1,"Finance, insurance, real estate, rental and leasing",136.1,110.1,36.95,0.8089639970609845,15,8612681,164.1,4641615
Alberta,2023/6/1,"Finance, insurance, real estate, rental and leasing",133.4,106.1,37.65,0.7953523238380809,15,8453128,164.4,4641615
Alberta,2023/7/1,"Finance, insurance, real estate, rental and leasing",137.3,106.5,36.92,0.7756737072104879,15,8288179,166,4688576
Alberta,2023/8/1,"Finance, insurance, real estate, rental and leasing",130.5,101.6,41.46,0.778544061302682,15,8416788,166.8,4688576
Alberta,2023/9/1,"Finance, insurance, real estate, rental and leasing",124.3,98.8,44.42,0.7948511665325825,15,8418645,166,4688576
Alberta,2023/10/1,"Finance, insurance, real estate, rental and leasing",130.7,101.4,43.15,0.775822494261668,15,8395532,165.2,4752173
Alberta,2023/11/1,"Finance, insurance, real estate, rental and leasing",126.8,99,45.69,0.7807570977917981,15,8458007,165.6,4752173
Alberta,2023/12/1,"Finance, insurance, real estate, rental and leasing",131.7,100.6,43.67,0.7638572513287776,15,8423493,165.6,4752173
Alberta,2024/1/1,"Finance, insurance, real estate, rental and leasing",136.8,106.6,42.9,0.7792397660818713,15,8441899,165.9,4801806
Alberta,2024/2/1,"Finance, insurance, real estate, rental and leasing",135.7,106.7,42.96,0.7862932940309507,15,8413303,166.8,4801806
Alberta,2024/3/1,"Finance, insurance, real estate, rental and leasing",134,102.9,43.34,0.7679104477611941,15,8442887,167.3,4801806
Alberta,2024/4/1,"Finance, insurance, real estate, rental and leasing",134.8,102.1,46.33,0.7574183976261126,15,8727736,168.6,4857695
Alberta,2024/5/1,"Finance, insurance, real estate, rental and leasing",134.4,102.1,47.47,0.759672619047619,15,8514238,169.1,4857695
Alberta,2024/6/1,"Finance, insurance, real estate, rental and leasing",135,101.8,46.21,0.754074074074074,15,8493713,169.4,4857695
Alberta,2024/7/1,"Finance, insurance, real estate, rental and leasing",136.3,102.9,47.41,0.7549523110785032,15,8726323,170.4,4909030
Alberta,2024/8/1,"Finance, insurance, real estate, rental and leasing",136.9,108.6,43.87,0.7932797662527391,15,8586684,170.2,4909030
Alberta,2024/9/1,"Finance, insurance, real estate, rental and leasing",141.7,111.3,41.59,0.7854622441778405,15,8795820,169.2,4909030
Alberta,2024/10/1,"Finance, insurance, real estate, rental and leasing",137.3,113,40.67,0.8230152949745083,15,8799934,170.1,4957075
Alberta,2024/11/1,"Finance, insurance, real estate, rental and leasing",142.5,112.5,38.92,0.7894736842105263,15,8825587,170.2,4957075
Alberta,2024/12/1,"Finance, insurance, real estate, rental and leasing",139.9,115.9,38.41,0.8284488920657612,15,8964586,169.7,4957075
Alberta,2025/1/1,"Finance, insurance, real estate, rental and leasing",141.9,115.2,40.96,0.8118393234672304,15,9055175,170.1,4988181
Alberta,2025/2/1,"Finance, insurance, real estate, rental and leasing",141.1,111.8,41.18,0.7923458540042523,15,8984268,171.4,4988181
Alberta,2025/3/1,"Finance, insurance, real estate, rental and leasing",147.6,116,40.89,0.7859078590785908,15,9041851,172,4988181
Alberta,2025/4/1,"Finance, insurance, real estate, rental and leasing",147.3,113.2,41.78,0.768499660556687,15,9002358,171.1,5010078
Alberta,2025/5/1,"Finance, insurance, real estate, rental and leasing",146.7,108.2,45.44,0.7375596455351058,15,8935090,171.9,5010078
Alberta,2025/6/1,"Finance, insurance, real estate, rental and leasing",152.4,118.7,44.04,0.7788713910761155,15,8982698,172.3,5010078
Alberta,2025/7/1,"Finance, insurance, real estate, rental and leasing",152.4,121.5,44.8,0.7972440944881889,15,8975906,172.6,5029346
Alberta,2025/8/1,"Finance, insurance, real estate, rental and leasing",152.7,122.3,44.01,0.8009168303863785,15,9048447,172.6,5029346
Alberta,2025/9/1,"Finance, insurance, real estate, rental and leasing",149.3,122,43.77,0.8171466845277964,15,,172.4,5029346
Alberta,2022/1/1,"Forestry, fishing, mining, quarrying, oil and gas",,,,,15,,,
Alberta,2022/2/1,"Forestry, fishing, mining, quarrying, oil and gas",,,,,15,,,
Alberta,2022/3/1,"Forestry, fishing, mining, quarrying, oil and gas",,,,,15,,,
Alberta,2022/4/1,"Forestry, fishing, mining, quarrying, oil and gas",,,,,15,,,
Alberta,2022/5/1,"Forestry, fishing, mining, quarrying, oil and gas",,,,,15,,,
Alberta,2022/6/1,"Forestry, fishing, mining, quarrying, oil and gas",,,,,15,,,
Alberta,2022/7/1,"Forestry, fishing, mining, quarrying, oil and gas",,,,,15,,,
Alberta,2022/8/1,"Forestry, fishing, mining, quarrying, oil and gas",,,,,15,,,
Alberta,2022/9/1,"Forestry, fishing, mining, quarrying, oil and gas",,,,,15,,,
Alberta,2022/10/1,"Forestry, fishing, mining, quarrying, oil and gas",,,,,15,,,
Alberta,2022/11/1,"Forestry, fishing, mining, quarrying, oil and gas",,,,,15,,,
Alberta,2022/12/1,"Forestry, fishing, mining, quarrying, oil and gas",,,,,15,,,
Alberta,2023/1/1,"Forestry, fishing, mining, quarrying, oil and gas",135.1,119.5,52.32,0.8845299777942265,15,8882071,160.5,4596901
Alberta,2023/2/1,"Forestry, fishing, mining, quarrying, oil and gas",144.5,124.1,51.41,0.8588235294117647,15,8662936,160.1,4596901
Alberta,2023/3/1,"Forestry, fishing, mining, quarrying, oil and gas",138.9,121.9,52.83,0.8776097912167027,15,8510247,161.7,4596901
Alberta,2023/4/1,"Forestry, fishing, mining, quarrying, oil and gas",134.4,117.4,53.79,0.8735119047619048,15,8457389,163.7,4641615
Alberta,2023/5/1,"Forestry, fishing, mining, quarrying, oil and gas",136.7,119.6,55.06,0.8749085588880761,15,8612681,164.1,4641615
Alberta,2023/6/1,"Forestry, fishing, mining, quarrying, oil and gas",134.6,117.2,52.26,0.8707280832095097,15,8453128,164.4,4641615
Alberta,2023/7/1,"Forestry, fishing, mining, quarrying, oil and gas",134.4,119.5,52.19,0.8891369047619048,15,8288179,166,4688576
Alberta,2023/8/1,"Forestry, fishing, mining, quarrying, oil and gas",139.6,128.2,52.94,0.9183381088825214,15,8416788,166.8,4688576
Alberta,2023/9/1,"Forestry, fishing, mining, quarrying, oil and gas",144,123.9,53.25,0.8604166666666667,15,8418645,166,4688576
Alberta,2023/10/1,"Forestry, fishing, mining, quarrying, oil and gas",143.9,124,51.59,0.8617095205003474,15,8395532,165.2,4752173
Alberta,2023/11/1,"Forestry, fishing, mining, quarrying, oil and gas",153.8,131.4,50.98,0.8543563068920675,15,8458007,165.6,4752173
Alberta,2023/12/1,"Forestry, fishing, mining, quarrying, oil and gas",160.7,138,51.43,0.8587429993777225,15,8423493,165.6,4752173
Alberta,2024/1/1,"Forestry, fishing, mining, quarrying, oil and gas",162.3,137.5,49.88,0.8471965495995071,15,8441899,165.9,4801806
Alberta,2024/2/1,"Forestry, fishing, mining, quarrying, oil and gas",159.7,140.9,51.59,0.8822792736380715,15,8413303,166.8,4801806
Alberta,2024/3/1,"Forestry, fishing, mining, quarrying, oil and gas",160.4,143.8,53.54,0.8965087281795512,15,8442887,167.3,4801806
Alberta,2024/4/1,"Forestry, fishing, mining, quarrying, oil and gas",158.1,147,53.56,0.9297912713472486,15,8727736,168.6,4857695
Alberta,2024/5/1,"Forestry, fishing, mining, quarrying, oil and gas",164.6,150.9,53.1,0.916767922235723,15,8514238,169.1,4857695
Alberta,2024/6/1,"Forestry, fishing, mining, quarrying, oil and gas",165.4,149,56.67,0.9008464328899636,15,8493713,169.4,4857695
Alberta,2024/7/1,"Forestry, fishing, mining, quarrying, oil and gas",167.5,156,57.79,0.9313432835820896,15,8726323,170.4,4909030
Alberta,2024/8/1,"Forestry, fishing, mining, quarrying, oil and gas",161,148.9,60.46,0.9248447204968944,15,8586684,170.2,4909030
Alberta,2024/9/1,"Forestry, fishing, mining, quarrying, oil and gas",165.5,148.9,56.6,0.8996978851963746,15,8795820,169.2,4909030
Alberta,2024/10/1,"Forestry, fishing, mining, quarrying, oil and gas",158.4,141.2,59.13,0.8914141414141413,15,8799934,170.1,4957075
Alberta,2024/11/1,"Forestry, fishing, mining, quarrying, oil and gas",153.4,133.7,56.47,0.8715775749674054,15,8825587,170.2,4957075
Alberta,2024/12/1,"Forestry, fishing, mining, quarrying, oil and gas",149.7,132.1,57.31,0.8824315297261189,15,8964586,169.7,4957075
Alberta,2025/1/1,"Forestry, fishing, mining, quarrying, oil and gas",149,127.8,57.98,0.8577181208053691,15,9055175,170.1,4988181
Alberta,2025/2/1,"Forestry, fishing, mining, quarrying, oil and gas",148.3,128.6,58.04,0.8671611598111935,15,8984268,171.4,4988181
Alberta,2025/3/1,"Forestry, fishing, mining, quarrying, oil and gas",153.1,138,56.4,0.9013716525146964,15,9041851,172,4988181
Alberta,2025/4/1,"Forestry, fishing, mining, quarrying, oil and gas",143.1,126,57.58,0.8805031446540881,15,9002358,171.1,5010078
Alberta,2025/5/1,"Forestry, fishing, mining, quarrying, oil and gas",150.8,131.6,57.93,0.8726790450928381,15,8935090,171.9,5010078
Alberta,2025/6/1,"Forestry, fishing, mining, quarrying, oil and gas",153,136.5,58.14,0.8921568627450981,15,8982698,172.3,5010078
Alberta,2025/7/1,"Forestry, fishing, mining, quarrying, oil and gas",149.5,130.6,57.96,0.8735785953177257,15,8975906,172.6,5029346
Alberta,2025/8/1,"Forestry, fishing, mining, quarrying, oil and gas",148,131.8,61.36,0.8905405405405407,15,9048447,172.6,5029346
Alberta,2025/9/1,"Forestry, fishing, mining, quarrying, oil and gas",151.1,133.8,58.81,0.8855062872270021,15,,172.4,5029346
Alberta,2022/1/1,Goods-producing sector,,,,,15,,,
Alberta,2022/2/1,Goods-producing sector,,,,,15,,,
Alberta,2022/3/1,Goods-producing sector,,,,,15,,,
Alberta,2022/4/1,Goods-producing sector,,,,,15,,,
Alberta,2022/5/1,Goods-producing sector,,,,,15,,,
Alberta,2022/6/1,Goods-producing sector,,,,,15,,,
Alberta,2022/7/1,Goods-producing sector,,,,,15,,,
Alberta,2022/8/1,Goods-producing sector,,,,,15,,,
Alberta,2022/9/1,Goods-producing sector,,,,,15,,,
Alberta,2022/10/1,Goods-producing sector,,,,,15,,,
Alberta,2022/11/1,Goods-producing sector,,,,,15,,,
Alberta,2022/12/1,Goods-producing sector,,,,,15,,,
Alberta,2023/1/1,Goods-producing sector,588.9,458.1,40.89,0.7778909831889965,15,8882071,160.5,4596901
Alberta,2023/2/1,Goods-producing sector,597.5,471.9,41.06,0.7897907949790794,15,8662936,160.1,4596901
Alberta,2023/3/1,Goods-producing sector,593.3,466.7,40.96,0.7866172256868363,15,8510247,161.7,4596901
Alberta,2023/4/1,Goods-producing sector,591.6,463.7,41.12,0.7838066260987153,15,8457389,163.7,4641615
Alberta,2023/5/1,Goods-producing sector,617.4,494,40.42,0.8001295756397797,15,8612681,164.1,4641615
Alberta,2023/6/1,Goods-producing sector,615,495.3,39.37,0.8053658536585366,15,8453128,164.4,4641615
Alberta,2023/7/1,Goods-producing sector,631.2,515.8,39.37,0.8171736375158427,15,8288179,166,4688576
Alberta,2023/8/1,Goods-producing sector,636.9,518.7,40.08,0.8144135657089026,15,8416788,166.8,4688576
Alberta,2023/9/1,Goods-producing sector,615.1,487.3,40.98,0.7922289058689644,15,8418645,166,4688576
Alberta,2023/10/1,Goods-producing sector,623.6,498.1,40.49,0.7987491982039769,15,8395532,165.2,4752173
Alberta,2023/11/1,Goods-producing sector,634.4,504,40.57,0.7944514501891551,15,8458007,165.6,4752173
Alberta,2023/12/1,Goods-producing sector,621.6,499.2,41.79,0.803088803088803,15,8423493,165.6,4752173
Alberta,2024/1/1,Goods-producing sector,616.1,486.5,41.59,0.7896445382243142,15,8441899,165.9,4801806
Alberta,2024/2/1,Goods-producing sector,628.3,506.3,42.1,0.8058252427184467,15,8413303,166.8,4801806
Alberta,2024/3/1,Goods-producing sector,643.7,518.7,43.06,0.8058101600124281,15,8442887,167.3,4801806
Alberta,2024/4/1,Goods-producing sector,650.6,530,42.37,0.8146326467875806,15,8727736,168.6,4857695
Alberta,2024/5/1,Goods-producing sector,644.8,526.1,42.54,0.8159119106699753,15,8514238,169.1,4857695
Alberta,2024/6/1,Goods-producing sector,646.9,536.2,42.81,0.8288761786984079,15,8493713,169.4,4857695
Alberta,2024/7/1,Goods-producing sector,650.9,554.3,42.74,0.8515901060070671,15,8726323,170.4,4909030
Alberta,2024/8/1,Goods-producing sector,660.2,550.8,43.35,0.8342926385943652,15,8586684,170.2,4909030
Alberta,2024/9/1,Goods-producing sector,645.6,532.6,42.52,0.8249690210656754,15,8795820,169.2,4909030
Alberta,2024/10/1,Goods-producing sector,641.8,540.9,42.44,0.842785914615145,15,8799934,170.1,4957075
Alberta,2024/11/1,Goods-producing sector,638.6,521,42.41,0.8158471656749139,15,8825587,170.2,4957075
Alberta,2024/12/1,Goods-producing sector,635.4,510.7,42.47,0.8037456720176267,15,8964586,169.7,4957075
Alberta,2025/1/1,Goods-producing sector,637.3,499.3,42.64,0.7834614781107799,15,9055175,170.1,4988181
Alberta,2025/2/1,Goods-producing sector,643.8,505.6,43.09,0.7853370611991303,15,8984268,171.4,4988181
Alberta,2025/3/1,Goods-producing sector,642.4,502.8,44.25,0.7826899128268991,15,9041851,172,4988181
Alberta,2025/4/1,Goods-producing sector,646,512.1,43.47,0.7927244582043343,15,9002358,171.1,5010078
Alberta,2025/5/1,Goods-producing sector,658.7,542.3,43.18,0.8232882951267647,15,8935090,171.9,5010078
Alberta,2025/6/1,Goods-producing sector,656,538.3,44.58,0.8205792682926829,15,8982698,172.3,5010078
Alberta,2025/7/1,Goods-producing sector,654.6,539.2,43.1,0.823709135349832,15,8975906,172.6,5029346
Alberta,2025/8/1,Goods-producing sector,640.8,520.5,43.82,0.8122659176029963,15,9048447,172.6,5029346
Alberta,2025/9/1,Goods-producing sector,650.4,527.8,43.14,0.81150061500615,15,,172.4,5029346
Alberta,2022/1/1,Health care and social assistance,,,,,15,,,
Alberta,2022/2/1,Health care and social assistance,,,,,15,,,
Alberta,2022/3/1,Health care and social assistance,,,,,15,,,
Alberta,2022/4/1,Health care and social assistance,,,,,15,,,
Alberta,2022/5/1,Health care and social assistance,,,,,15,,,
Alberta,2022/6/1,Health care and social assistance,,,,,15,,,
Alberta,2022/7/1,Health care and social assistance,,,,,15,,,
Alberta,2022/8/1,Health care and social assistance,,,,,15,,,
Alberta,2022/9/1,Health care and social assistance,,,,,15,,,
Alberta,2022/10/1,Health care and social assistance,,,,,15,,,
Alberta,2022/11/1,Health care and social assistance,,,,,15,,,
Alberta,2022/12/1,Health care and social assistance,,,,,15,,,
Alberta,2023/1/1,Health care and social assistance,318,283.3,32.77,0.8908805031446542,15,8882071,160.5,4596901
Alberta,2023/2/1,Health care and social assistance,325,286,33.23,0.88,15,8662936,160.1,4596901
Alberta,2023/3/1,Health care and social assistance,327.2,282.5,33.38,0.8633863080684597,15,8510247,161.7,4596901
Alberta,2023/4/1,Health care and social assistance,329.7,282.9,33.1,0.8580527752502275,15,8457389,163.7,4641615
Alberta,2023/5/1,Health care and social assistance,323.6,281.9,33.12,0.8711372064276883,15,8612681,164.1,4641615
Alberta,2023/6/1,Health care and social assistance,327.1,282.8,33.69,0.864567410577805,15,8453128,164.4,4641615
Alberta,2023/7/1,Health care and social assistance,334.5,286.3,35.06,0.8559043348281017,15,8288179,166,4688576
Alberta,2023/8/1,Health care and social assistance,339.6,286.6,34.13,0.8439340400471143,15,8416788,166.8,4688576
Alberta,2023/9/1,Health care and social assistance,331.4,286.4,34.17,0.864212432106216,15,8418645,166,4688576
Alberta,2023/10/1,Health care and social assistance,327.4,285.1,34.19,0.8708002443494198,15,8395532,165.2,4752173
Alberta,2023/11/1,Health care and social assistance,328.9,292.5,34.42,0.8893280632411068,15,8458007,165.6,4752173
Alberta,2023/12/1,Health care and social assistance,327.1,287.9,35.17,0.8801589727911953,15,8423493,165.6,4752173
Alberta,2024/1/1,Health care and social assistance,327.5,286.9,33.9,0.876030534351145,15,8441899,165.9,4801806
Alberta,2024/2/1,Health care and social assistance,319.6,277,35.52,0.8667083854818523,15,8413303,166.8,4801806
Alberta,2024/3/1,Health care and social assistance,329.7,288.6,34.95,0.875341219290264,15,8442887,167.3,4801806
Alberta,2024/4/1,Health care and social assistance,330.7,283.8,33.67,0.8581796189900213,15,8727736,168.6,4857695
Alberta,2024/5/1,Health care and social assistance,326,279.2,34.62,0.856441717791411,15,8514238,169.1,4857695
Alberta,2024/6/1,Health care and social assistance,327,282.4,33.38,0.8636085626911314,15,8493713,169.4,4857695
Alberta,2024/7/1,Health care and social assistance,334.6,291.9,33.78,0.8723849372384936,15,8726323,170.4,4909030
Alberta,2024/8/1,Health care and social assistance,329.5,283.4,34.1,0.8600910470409711,15,8586684,170.2,4909030
Alberta,2024/9/1,Health care and social assistance,340.9,289.8,34.57,0.8501026694045175,15,8795820,169.2,4909030
Alberta,2024/10/1,Health care and social assistance,339.1,292.5,35.1,0.8625774107932762,15,8799934,170.1,4957075
Alberta,2024/11/1,Health care and social assistance,337.4,289.9,35.68,0.8592175459395376,15,8825587,170.2,4957075
Alberta,2024/12/1,Health care and social assistance,348.3,298.3,35.35,0.8564455928797015,15,8964586,169.7,4957075
Alberta,2025/1/1,Health care and social assistance,347,299.7,36.54,0.8636887608069164,15,9055175,170.1,4988181
Alberta,2025/2/1,Health care and social assistance,338.9,300.4,35.01,0.8863971673059899,15,8984268,171.4,4988181
Alberta,2025/3/1,Health care and social assistance,334,293.3,35.22,0.8781437125748504,15,9041851,172,4988181
Alberta,2025/4/1,Health care and social assistance,336.7,292.4,34.98,0.8684288684288684,15,9002358,171.1,5010078
Alberta,2025/5/1,Health care and social assistance,332.9,293.4,34.54,0.8813457494743167,15,8935090,171.9,5010078
Alberta,2025/6/1,Health care and social assistance,337.3,296.4,36.4,0.8787429587903942,15,8982698,172.3,5010078
Alberta,2025/7/1,Health care and social assistance,333.6,286.8,35.94,0.8597122302158273,15,8975906,172.6,5029346
Alberta,2025/8/1,Health care and social assistance,351.3,302.7,35.87,0.8616567036720751,15,9048447,172.6,5029346
Alberta,2025/9/1,Health care and social assistance,355.1,305.9,36.16,0.8614474795832159,15,,172.4,5029346
Alberta,2022/1/1,"Information, culture and recreation",,,,,15,,,
Alberta,2022/2/1,"Information, culture and recreation",,,,,15,,,
Alberta,2022/3/1,"Information, culture and recreation",,,,,15,,,
Alberta,2022/4/1,"Information, culture and recreation",,,,,15,,,
Alberta,2022/5/1,"Information, culture and recreation",,,,,15,,,
Alberta,2022/6/1,"Information, culture and recreation",,,,,15,,,
Alberta,2022/7/1,"Information, culture and recreation",,,,,15,,,
Alberta,2022/8/1,"Information, culture and recreation",,,,,15,,,
Alberta,2022/9/1,"Information, culture and recreation",,,,,15,,,
Alberta,2022/10/1,"Information, culture and recreation",,,,,15,,,
Alberta,2022/11/1,"Information, culture and recreation",,,,,15,,,
Alberta,2022/12/1,"Information, culture and recreation",,,,,15,,,
Alberta,2023/1/1,"Information, culture and recreation",78,66.4,27.53,0.8512820512820514,15,8882071,160.5,4596901
Alberta,2023/2/1,"Information, culture and recreation",81.7,65.8,27.03,0.8053855569155446,15,8662936,160.1,4596901
Alberta,2023/3/1,"Information, culture and recreation",77.5,62.4,27.57,0.8051612903225807,15,8510247,161.7,4596901
Alberta,2023/4/1,"Information, culture and recreation",85.5,66,27.45,0.7719298245614035,15,8457389,163.7,4641615
Alberta,2023/5/1,"Information, culture and recreation",89.7,76.3,27.27,0.850613154960981,15,8612681,164.1,4641615
Alberta,2023/6/1,"Information, culture and recreation",91.7,77.9,28.82,0.8495092693565977,15,8453128,164.4,4641615
Alberta,2023/7/1,"Information, culture and recreation",92.9,80,27.16,0.8611410118406888,15,8288179,166,4688576
Alberta,2023/8/1,"Information, culture and recreation",94.2,75.9,25.6,0.8057324840764332,15,8416788,166.8,4688576
Alberta,2023/9/1,"Information, culture and recreation",87.6,72.3,27.48,0.8253424657534246,15,8418645,166,4688576
Alberta,2023/10/1,"Information, culture and recreation",85.2,71.9,28.71,0.8438967136150235,15,8395532,165.2,4752173
Alberta,2023/11/1,"Information, culture and recreation",83,67.7,30.57,0.8156626506024097,15,8458007,165.6,4752173
Alberta,2023/12/1,"Information, culture and recreation",84.7,69.8,26.25,0.8240850059031877,15,8423493,165.6,4752173
Alberta,2024/1/1,"Information, culture and recreation",86,71.2,27.16,0.8279069767441861,15,8441899,165.9,4801806
Alberta,2024/2/1,"Information, culture and recreation",86,70.9,28.17,0.8244186046511629,15,8413303,166.8,4801806
Alberta,2024/3/1,"Information, culture and recreation",88.5,73.8,27.41,0.8338983050847457,15,8442887,167.3,4801806
Alberta,2024/4/1,"Information, culture and recreation",89.1,76.2,27.11,0.8552188552188553,15,8727736,168.6,4857695
Alberta,2024/5/1,"Information, culture and recreation",96.1,81,25.66,0.8428720083246619,15,8514238,169.1,4857695
Alberta,2024/6/1,"Information, culture and recreation",101.8,85.3,25.38,0.8379174852652259,15,8493713,169.4,4857695
Alberta,2024/7/1,"Information, culture and recreation",110.4,93.4,25.26,0.8460144927536232,15,8726323,170.4,4909030
Alberta,2024/8/1,"Information, culture and recreation",103,85.3,24.48,0.8281553398058252,15,8586684,170.2,4909030
Alberta,2024/9/1,"Information, culture and recreation",89.2,71.6,28.39,0.8026905829596411,15,8795820,169.2,4909030
Alberta,2024/10/1,"Information, culture and recreation",99.1,69,28.28,0.6962663975782039,15,8799934,170.1,4957075
Alberta,2024/11/1,"Information, culture and recreation",91.2,69.3,29.34,0.7598684210526315,15,8825587,170.2,4957075
Alberta,2024/12/1,"Information, culture and recreation",89.1,71,28.85,0.7968574635241302,15,8964586,169.7,4957075
Alberta,2025/1/1,"Information, culture and recreation",86.6,70.8,28.55,0.8175519630484989,15,9055175,170.1,4988181
Alberta,2025/2/1,"Information, culture and recreation",90,74,28.05,0.8222222222222222,15,8984268,171.4,4988181
Alberta,2025/3/1,"Information, culture and recreation",87.4,70.4,29.38,0.8054919908466819,15,9041851,172,4988181
Alberta,2025/4/1,"Information, culture and recreation",95,74.2,30.52,0.7810526315789474,15,9002358,171.1,5010078
Alberta,2025/5/1,"Information, culture and recreation",107.1,84.7,28.92,0.7908496732026145,15,8935090,171.9,5010078
Alberta,2025/6/1,"Information, culture and recreation",114.9,93.6,28.11,0.814621409921671,15,8982698,172.3,5010078
Alberta,2025/7/1,"Information, culture and recreation",107.8,93.8,28.39,0.8701298701298701,15,8975906,172.6,5029346
Alberta,2025/8/1,"Information, culture and recreation",110.7,90.2,29.12,0.8148148148148148,15,9048447,172.6,5029346
Alberta,2025/9/1,"Information, culture and recreation",91.3,75.2,29.95,0.8236582694414021,15,,172.4,5029346
Alberta,2022/1/1,Manufacturing,,,,,15,,,
Alberta,2022/2/1,Manufacturing,,,,,15,,,
Alberta,2022/3/1,Manufacturing,,,,,15,,,
Alberta,2022/4/1,Manufacturing,,,,,15,,,
Alberta,2022/5/1,Manufacturing,,,,,15,,,
Alberta,2022/6/1,Manufacturing,,,,,15,,,
Alberta,2022/7/1,Manufacturing,,,,,15,,,
Alberta,2022/8/1,Manufacturing,,,,,15,,,
Alberta,2022/9/1,Manufacturing,,,,,15,,,
Alberta,2022/10/1,Manufacturing,,,,,15,,,
Alberta,2022/11/1,Manufacturing,,,,,15,,,
Alberta,2022/12/1,Manufacturing,,,,,15,,,
Alberta,2023/1/1,Manufacturing,145.7,133.2,35.47,0.9142072752230612,15,8882071,160.5,4596901
Alberta,2023/2/1,Manufacturing,151.6,139.9,37.28,0.9228232189973616,15,8662936,160.1,4596901
Alberta,2023/3/1,Manufacturing,148.8,139,35.66,0.9341397849462364,15,8510247,161.7,4596901
Alberta,2023/4/1,Manufacturing,149.8,139.6,36.06,0.931909212283044,15,8457389,163.7,4641615
Alberta,2023/5/1,Manufacturing,148.4,133.9,35.31,0.9022911051212938,15,8612681,164.1,4641615
Alberta,2023/6/1,Manufacturing,144.3,137.4,34.91,0.952182952182952,15,8453128,164.4,4641615
Alberta,2023/7/1,Manufacturing,152.6,144.9,34.35,0.9495412844036698,15,8288179,166,4688576
Alberta,2023/8/1,Manufacturing,156.7,149.3,33.52,0.9527760051052968,15,8416788,166.8,4688576
Alberta,2023/9/1,Manufacturing,153.9,138.4,36.2,0.8992852501624431,15,8418645,166,4688576
Alberta,2023/10/1,Manufacturing,154.2,139.8,35.07,0.906614785992218,15,8395532,165.2,4752173
Alberta,2023/11/1,Manufacturing,150.7,140.7,35.96,0.93364299933643,15,8458007,165.6,4752173
Alberta,2023/12/1,Manufacturing,147.3,138.2,36.18,0.9382213170400542,15,8423493,165.6,4752173
Alberta,2024/1/1,Manufacturing,146.9,135.8,35.63,0.9244383934649422,15,8441899,165.9,4801806
Alberta,2024/2/1,Manufacturing,152.2,139.4,36.29,0.9159001314060448,15,8413303,166.8,4801806
Alberta,2024/3/1,Manufacturing,161.2,143.1,36.88,0.8877171215880894,15,8442887,167.3,4801806
Alberta,2024/4/1,Manufacturing,161.9,146.3,37.07,0.903644224830142,15,8727736,168.6,4857695
Alberta,2024/5/1,Manufacturing,163.1,152.2,37.18,0.933169834457388,15,8514238,169.1,4857695
Alberta,2024/6/1,Manufacturing,165.7,150.4,36.75,0.907664453832227,15,8493713,169.4,4857695
Alberta,2024/7/1,Manufacturing,159.2,147.2,35.32,0.9246231155778896,15,8726323,170.4,4909030
Alberta,2024/8/1,Manufacturing,162.2,153,35.51,0.9432799013563502,15,8586684,170.2,4909030
Alberta,2024/9/1,Manufacturing,159.8,146.3,33.78,0.9155193992490612,15,8795820,169.2,4909030
Alberta,2024/10/1,Manufacturing,161.5,153,34.66,0.9473684210526316,15,8799934,170.1,4957075
Alberta,2024/11/1,Manufacturing,164.2,153.9,35.48,0.9372716199756396,15,8825587,170.2,4957075
Alberta,2024/12/1,Manufacturing,161.5,153.7,35.55,0.9517027863777088,15,8964586,169.7,4957075
Alberta,2025/1/1,Manufacturing,157.1,146.9,36.38,0.9350732017823044,15,9055175,170.1,4988181
Alberta,2025/2/1,Manufacturing,152.2,144.8,36.54,0.9513797634691196,15,8984268,171.4,4988181
Alberta,2025/3/1,Manufacturing,146.5,132.1,38.4,0.9017064846416382,15,9041851,172,4988181
Alberta,2025/4/1,Manufacturing,146.9,138.4,37.52,0.94213750850919,15,9002358,171.1,5010078
Alberta,2025/5/1,Manufacturing,148.3,141.6,37.02,0.9548213081591368,15,8935090,171.9,5010078
Alberta,2025/6/1,Manufacturing,153.6,148.7,38.45,0.9680989583333331,15,8982698,172.3,5010078
Alberta,2025/7/1,Manufacturing,167.6,160.9,34.77,0.9600238663484488,15,8975906,172.6,5029346
Alberta,2025/8/1,Manufacturing,153.5,138.7,35.57,0.9035830618892507,15,9048447,172.6,5029346
Alberta,2025/9/1,Manufacturing,156,142.4,34.04,0.9128205128205128,15,,172.4,5029346
Alberta,2022/1/1,Other services (except public administration),,,,,15,,,
Alberta,2022/2/1,Other services (except public administration),,,,,15,,,
Alberta,2022/3/1,Other services (except public administration),,,,,15,,,
Alberta,2022/4/1,Other services (except public administration),,,,,15,,,
Alberta,2022/5/1,Other services (except public administration),,,,,15,,,
Alberta,2022/6/1,Other services (except public administration),,,,,15,,,
Alberta,2022/7/1,Other services (except public administration),,,,,15,,,
Alberta,2022/8/1,Other services (except public administration),,,,,15,,,
Alberta,2022/9/1,Other services (except public administration),,,,,15,,,
Alberta,2022/10/1,Other services (except public administration),,,,,15,,,
Alberta,2022/11/1,Other services (except public administration),,,,,15,,,
Alberta,2022/12/1,Other services (except public administration),,,,,15,,,
Alberta,2023/1/1,Other services (except public administration),101.7,73.2,28.3,0.7197640117994101,15,8882071,160.5,4596901
Alberta,2023/2/1,Other services (except public administration),101.2,67.7,27.5,0.6689723320158103,15,8662936,160.1,4596901
Alberta,2023/3/1,Other services (except public administration),97.2,64.7,29.22,0.6656378600823045,15,8510247,161.7,4596901
Alberta,2023/4/1,Other services (except public administration),96.2,65.4,31.02,0.6798336798336799,15,8457389,163.7,4641615
Alberta,2023/5/1,Other services (except public administration),105.2,72.8,29.88,0.6920152091254752,15,8612681,164.1,4641615
Alberta,2023/6/1,Other services (except public administration),105.3,73.4,29.79,0.6970560303893638,15,8453128,164.4,4641615
Alberta,2023/7/1,Other services (except public administration),108.8,75.7,30.64,0.6957720588235294,15,8288179,166,4688576
Alberta,2023/8/1,Other services (except public administration),110.7,77.4,32,0.6991869918699187,15,8416788,166.8,4688576
Alberta,2023/9/1,Other services (except public administration),105.9,74.3,30.6,0.7016052880075543,15,8418645,166,4688576
Alberta,2023/10/1,Other services (except public administration),108.8,75.4,29.32,0.693014705882353,15,8395532,165.2,4752173
Alberta,2023/11/1,Other services (except public administration),103.8,69.2,29.92,0.6666666666666667,15,8458007,165.6,4752173
Alberta,2023/12/1,Other services (except public administration),109.4,81.1,30.39,0.7413162705667276,15,8423493,165.6,4752173
Alberta,2024/1/1,Other services (except public administration),105.9,78.6,29.88,0.7422096317280452,15,8441899,165.9,4801806
Alberta,2024/2/1,Other services (except public administration),109.2,82.8,28.79,0.7582417582417582,15,8413303,166.8,4801806
Alberta,2024/3/1,Other services (except public administration),108.8,80.2,30.23,0.7371323529411765,15,8442887,167.3,4801806
Alberta,2024/4/1,Other services (except public administration),114.2,84.3,31.06,0.7381786339754816,15,8727736,168.6,4857695
Alberta,2024/5/1,Other services (except public administration),119.6,87.4,30.41,0.7307692307692308,15,8514238,169.1,4857695
Alberta,2024/6/1,Other services (except public administration),117.9,82.2,28.37,0.6972010178117048,15,8493713,169.4,4857695
Alberta,2024/7/1,Other services (except public administration),116.4,76.7,29.37,0.6589347079037801,15,8726323,170.4,4909030
Alberta,2024/8/1,Other services (except public administration),111.9,73.4,29.61,0.6559428060768544,15,8586684,170.2,4909030
Alberta,2024/9/1,Other services (except public administration),103.9,68.6,29.96,0.6602502406159768,15,8795820,169.2,4909030
Alberta,2024/10/1,Other services (except public administration),109.1,76.5,30.64,0.7011915673693859,15,8799934,170.1,4957075
Alberta,2024/11/1,Other services (except public administration),102.6,73.3,30.58,0.7144249512670565,15,8825587,170.2,4957075
Alberta,2024/12/1,Other services (except public administration),111.1,79.3,30.14,0.7137713771377138,15,8964586,169.7,4957075
Alberta,2025/1/1,Other services (except public administration),110.3,74.2,30.8,0.672710788757933,15,9055175,170.1,4988181
Alberta,2025/2/1,Other services (except public administration),99.1,68.6,32.18,0.6922300706357215,15,8984268,171.4,4988181
Alberta,2025/3/1,Other services (except public administration),99.8,66.9,30.19,0.6703406813627255,15,9041851,172,4988181
Alberta,2025/4/1,Other services (except public administration),103.2,70.9,29.77,0.687015503875969,15,9002358,171.1,5010078
Alberta,2025/5/1,Other services (except public administration),105.3,66.1,33.27,0.627730294396961,15,8935090,171.9,5010078
Alberta,2025/6/1,Other services (except public administration),97.3,64.8,30.86,0.6659815005138746,15,8982698,172.3,5010078
Alberta,2025/7/1,Other services (except public administration),102,68.6,32.61,0.6725490196078431,15,8975906,172.6,5029346
Alberta,2025/8/1,Other services (except public administration),102,69.2,31.88,0.6784313725490196,15,9048447,172.6,5029346
Alberta,2025/9/1,Other services (except public administration),99.7,69.1,31.79,0.6930792377131394,15,,172.4,5029346
Alberta,2022/1/1,"Professional, scientific and technical services",,,,,15,,,
Alberta,2022/2/1,"Professional, scientific and technical services",,,,,15,,,
Alberta,2022/3/1,"Professional, scientific and technical services",,,,,15,,,
Alberta,2022/4/1,"Professional, scientific and technical services",,,,,15,,,
Alberta,2022/5/1,"Professional, scientific and technical services",,,,,15,,,
Alberta,2022/6/1,"Professional, scientific and technical services",,,,,15,,,
Alberta,2022/7/1,"Professional, scientific and technical services",,,,,15,,,
Alberta,2022/8/1,"Professional, scientific and technical services",,,,,15,,,
Alberta,2022/9/1,"Professional, scientific and technical services",,,,,15,,,
Alberta,2022/10/1,"Professional, scientific and technical services",,,,,15,,,
Alberta,2022/11/1,"Professional, scientific and technical services",,,,,15,,,
Alberta,2022/12/1,"Professional, scientific and technical services",,,,,15,,,
Alberta,2023/1/1,"Professional, scientific and technical services",253.8,165.1,42.68,0.6505122143420016,15,8882071,160.5,4596901
Alberta,2023/2/1,"Professional, scientific and technical services",251.4,163.8,43.26,0.6515513126491647,15,8662936,160.1,4596901
Alberta,2023/3/1,"Professional, scientific and technical services",253.2,175.6,42.81,0.693522906793049,15,8510247,161.7,4596901
Alberta,2023/4/1,"Professional, scientific and technical services",258.8,179.9,43.96,0.6951313755795981,15,8457389,163.7,4641615
Alberta,2023/5/1,"Professional, scientific and technical services",252.1,180.6,42.97,0.7163823879412932,15,8612681,164.1,4641615
Alberta,2023/6/1,"Professional, scientific and technical services",247.8,179.1,42.21,0.7227602905569007,15,8453128,164.4,4641615
Alberta,2023/7/1,"Professional, scientific and technical services",247.1,174.5,44.13,0.7061918251719952,15,8288179,166,4688576
Alberta,2023/8/1,"Professional, scientific and technical services",250.1,174.7,44.08,0.6985205917632946,15,8416788,166.8,4688576
Alberta,2023/9/1,"Professional, scientific and technical services",241.1,168.4,46.88,0.6984653670676069,15,8418645,166,4688576
Alberta,2023/10/1,"Professional, scientific and technical services",234.3,166.3,45.75,0.7097737942808365,15,8395532,165.2,4752173
Alberta,2023/11/1,"Professional, scientific and technical services",238.8,164.8,46.89,0.6901172529313233,15,8458007,165.6,4752173
Alberta,2023/12/1,"Professional, scientific and technical services",246.8,168.2,47.88,0.6815235008103727,15,8423493,165.6,4752173
Alberta,2024/1/1,"Professional, scientific and technical services",239.3,160.4,48.94,0.6702883409945675,15,8441899,165.9,4801806
Alberta,2024/2/1,"Professional, scientific and technical services",249.1,161.1,48.16,0.6467282215977519,15,8413303,166.8,4801806
Alberta,2024/3/1,"Professional, scientific and technical services",242.7,166.9,47.95,0.6876802637000412,15,8442887,167.3,4801806
Alberta,2024/4/1,"Professional, scientific and technical services",250.3,169.6,47.48,0.6775868957251298,15,8727736,168.6,4857695
Alberta,2024/5/1,"Professional, scientific and technical services",247.1,172.5,47.82,0.698097936058276,15,8514238,169.1,4857695
Alberta,2024/6/1,"Professional, scientific and technical services",247.5,176,45.46,0.7111111111111111,15,8493713,169.4,4857695
Alberta,2024/7/1,"Professional, scientific and technical services",244.4,175.4,44.25,0.7176759410801964,15,8726323,170.4,4909030
Alberta,2024/8/1,"Professional, scientific and technical services",244.6,182.8,48.09,0.7473426001635324,15,8586684,170.2,4909030
Alberta,2024/9/1,"Professional, scientific and technical services",243.1,186.4,47.57,0.7667626491155903,15,8795820,169.2,4909030
Alberta,2024/10/1,"Professional, scientific and technical services",244.9,186.8,48.95,0.7627603103307473,15,8799934,170.1,4957075
Alberta,2024/11/1,"Professional, scientific and technical services",254.6,189.6,48.37,0.7446975648075412,15,8825587,170.2,4957075
Alberta,2024/12/1,"Professional, scientific and technical services",239.3,176.1,48.8,0.7358963643961554,15,8964586,169.7,4957075
Alberta,2025/1/1,"Professional, scientific and technical services",248.1,179.7,48,0.7243047158403869,15,9055175,170.1,4988181
Alberta,2025/2/1,"Professional, scientific and technical services",256,174.6,48.78,0.68203125,15,8984268,171.4,4988181
Alberta,2025/3/1,"Professional, scientific and technical services",251.5,173.1,46.51,0.6882703777335983,15,9041851,172,4988181
Alberta,2025/4/1,"Professional, scientific and technical services",243.8,167.1,45.52,0.6853978671041837,15,9002358,171.1,5010078
Alberta,2025/5/1,"Professional, scientific and technical services",247.9,165.9,45.55,0.6692214602662364,15,8935090,171.9,5010078
Alberta,2025/6/1,"Professional, scientific and technical services",245.6,173.3,48.62,0.7056188925081434,15,8982698,172.3,5010078
Alberta,2025/7/1,"Professional, scientific and technical services",255.7,174.9,49.24,0.684004692999609,15,8975906,172.6,5029346
Alberta,2025/8/1,"Professional, scientific and technical services",262,169.6,47.78,0.6473282442748092,15,9048447,172.6,5029346
Alberta,2025/9/1,"Professional, scientific and technical services",257.8,169.1,48.82,0.6559348332040341,15,,172.4,5029346
Alberta,2022/1/1,Public administration,,,,,15,,,
Alberta,2022/2/1,Public administration,,,,,15,,,
Alberta,2022/3/1,Public administration,,,,,15,,,
Alberta,2022/4/1,Public administration,,,,,15,,,
Alberta,2022/5/1,Public administration,,,,,15,,,
Alberta,2022/6/1,Public administration,,,,,15,,,
Alberta,2022/7/1,Public administration,,,,,15,,,
Alberta,2022/8/1,Public administration,,,,,15,,,
Alberta,2022/9/1,Public administration,,,,,15,,,
Alberta,2022/10/1,Public administration,,,,,15,,,
Alberta,2022/11/1,Public administration,,,,,15,,,
Alberta,2022/12/1,Public administration,,,,,15,,,
Alberta,2023/1/1,Public administration,113.6,111.8,44.59,0.9841549295774648,15,8882071,160.5,4596901
Alberta,2023/2/1,Public administration,111.2,110.2,44.63,0.9910071942446044,15,8662936,160.1,4596901
Alberta,2023/3/1,Public administration,106.9,105.5,44.42,0.9869036482694106,15,8510247,161.7,4596901
Alberta,2023/4/1,Public administration,109.2,106.6,44.16,0.9761904761904762,15,8457389,163.7,4641615
Alberta,2023/5/1,Public administration,110.4,109.4,41.95,0.9909420289855072,15,8612681,164.1,4641615
Alberta,2023/6/1,Public administration,120.5,116.9,43.73,0.9701244813278008,15,8453128,164.4,4641615
Alberta,2023/7/1,Public administration,119.2,116,43.34,0.9731543624161072,15,8288179,166,4688576
Alberta,2023/8/1,Public administration,117.9,115.6,44,0.9804919423240032,15,8416788,166.8,4688576
Alberta,2023/9/1,Public administration,107.1,107,44.58,0.9990662931839402,15,8418645,166,4688576
Alberta,2023/10/1,Public administration,111.9,110.5,46.25,0.9874888293118856,15,8395532,165.2,4752173
Alberta,2023/11/1,Public administration,116.1,114.5,48.82,0.9862187769164514,15,8458007,165.6,4752173
Alberta,2023/12/1,Public administration,114.4,112.1,47.35,0.9798951048951048,15,8423493,165.6,4752173
Alberta,2024/1/1,Public administration,115.6,115,45.87,0.9948096885813148,15,8441899,165.9,4801806
Alberta,2024/2/1,Public administration,118,116.2,47.97,0.9847457627118644,15,8413303,166.8,4801806
Alberta,2024/3/1,Public administration,122.1,118,45.98,0.9664209664209664,15,8442887,167.3,4801806
Alberta,2024/4/1,Public administration,124.1,121.3,46.83,0.9774375503626108,15,8727736,168.6,4857695
Alberta,2024/5/1,Public administration,128.5,126.1,46.26,0.9813229571984436,15,8514238,169.1,4857695
Alberta,2024/6/1,Public administration,128.9,127.6,46.1,0.9899146625290922,15,8493713,169.4,4857695
Alberta,2024/7/1,Public administration,126.9,125.2,45.83,0.9866036249014972,15,8726323,170.4,4909030
Alberta,2024/8/1,Public administration,132.6,131.8,44.97,0.9939668174962294,15,8586684,170.2,4909030
Alberta,2024/9/1,Public administration,128.2,125.9,46.41,0.982059282371295,15,8795820,169.2,4909030
Alberta,2024/10/1,Public administration,124.1,119.6,46.47,0.9637389202256244,15,8799934,170.1,4957075
Alberta,2024/11/1,Public administration,125.5,121.3,45.86,0.9665338645418328,15,8825587,170.2,4957075
Alberta,2024/12/1,Public administration,124.8,121.5,44.83,0.9735576923076924,15,8964586,169.7,4957075
Alberta,2025/1/1,Public administration,125.7,120.4,47.95,0.9578361177406524,15,9055175,170.1,4988181
Alberta,2025/2/1,Public administration,124.9,121.8,46.47,0.9751801441152922,15,8984268,171.4,4988181
Alberta,2025/3/1,Public administration,130.1,124.1,46.28,0.9538816295157572,15,9041851,172,4988181
Alberta,2025/4/1,Public administration,134.9,131.7,45.79,0.9762787249814676,15,9002358,171.1,5010078
Alberta,2025/5/1,Public administration,131.8,128.8,46.73,0.977238239757208,15,8935090,171.9,5010078
Alberta,2025/6/1,Public administration,131.8,129.6,47.47,0.983308042488619,15,8982698,172.3,5010078
Alberta,2025/7/1,Public administration,136.2,135.6,45.18,0.9955947136563876,15,8975906,172.6,5029346
Alberta,2025/8/1,Public administration,143.4,142.6,45.63,0.9944211994421198,15,9048447,172.6,5029346
Alberta,2025/9/1,Public administration,143.4,141.7,46.38,0.9881450488145048,15,,172.4,5029346
Alberta,2022/1/1,Services-producing sector,,,,,15,,,
Alberta,2022/2/1,Services-producing sector,,,,,15,,,
Alberta,2022/3/1,Services-producing sector,,,,,15,,,
Alberta,2022/4/1,Services-producing sector,,,,,15,,,
Alberta,2022/5/1,Services-producing sector,,,,,15,,,
Alberta,2022/6/1,Services-producing sector,,,,,15,,,
Alberta,2022/7/1,Services-producing sector,,,,,15,,,
Alberta,2022/8/1,Services-producing sector,,,,,15,,,
Alberta,2022/9/1,Services-producing sector,,,,,15,,,
Alberta,2022/10/1,Services-producing sector,,,,,15,,,
Alberta,2022/11/1,Services-producing sector,,,,,15,,,
Alberta,2022/12/1,Services-producing sector,,,,,15,,,
Alberta,2023/1/1,Services-producing sector,1880.4,1569.5,32.12,0.8346628376941077,15,8882071,160.5,4596901
Alberta,2023/2/1,Services-producing sector,1883.5,1552.1,32.78,0.8240509689408017,15,8662936,160.1,4596901
Alberta,2023/3/1,Services-producing sector,1912,1578.3,32.63,0.8254707112970711,15,8510247,161.7,4596901
Alberta,2023/4/1,Services-producing sector,1913.2,1565.3,33.2,0.8181580597951076,15,8457389,163.7,4641615
Alberta,2023/5/1,Services-producing sector,1929.8,1613,32.86,0.8358379106643176,15,8612681,164.1,4641615
Alberta,2023/6/1,Services-producing sector,1956.6,1629,33.34,0.8325666973321068,15,8453128,164.4,4641615
Alberta,2023/7/1,Services-producing sector,1934,1608.2,33.26,0.831540847983454,15,8288179,166,4688576
Alberta,2023/8/1,Services-producing sector,1949.2,1605.2,33.24,0.823517340447363,15,8416788,166.8,4688576
Alberta,2023/9/1,Services-producing sector,1904.3,1596.5,34.02,0.8383658037073991,15,8418645,166,4688576
Alberta,2023/10/1,Services-producing sector,1923.9,1618.4,33.38,0.8412079629918395,15,8395532,165.2,4752173
Alberta,2023/11/1,Services-producing sector,1915.1,1606.9,34.21,0.8390684559553027,15,8458007,165.6,4752173
Alberta,2023/12/1,Services-producing sector,1935.5,1626.6,33.88,0.8404029966416946,15,8423493,165.6,4752173
Alberta,2024/1/1,Services-producing sector,1949.6,1620.6,33.72,0.8312474353713583,15,8441899,165.9,4801806
Alberta,2024/2/1,Services-producing sector,1958.5,1622.7,34.09,0.8285422517232576,15,8413303,166.8,4801806
Alberta,2024/3/1,Services-producing sector,1955.9,1631.3,33.96,0.83404059512245,15,8442887,167.3,4801806
Alberta,2024/4/1,Services-producing sector,1974.4,1623.9,34.78,0.8224777147487844,15,8727736,168.6,4857695
Alberta,2024/5/1,Services-producing sector,2002.1,1643.3,34.68,0.8207881724189601,15,8514238,169.1,4857695
Alberta,2024/6/1,Services-producing sector,2019.4,1660.1,34.29,0.8220758641180548,15,8493713,169.4,4857695
Alberta,2024/7/1,Services-producing sector,2002.6,1648.8,34.1,0.8233296714271447,15,8726323,170.4,4909030
Alberta,2024/8/1,Services-producing sector,2007.1,1654.7,34.26,0.8244232972946042,15,8586684,170.2,4909030
Alberta,2024/9/1,Services-producing sector,1969.7,1644.6,34.67,0.8349494846931004,15,8795820,169.2,4909030
Alberta,2024/10/1,Services-producing sector,1992.1,1657.7,34.75,0.8321369409166207,15,8799934,170.1,4957075
Alberta,2024/11/1,Services-producing sector,1999.6,1661.3,34.95,0.8308161632326465,15,8825587,170.2,4957075
Alberta,2024/12/1,Services-producing sector,2010.4,1705.9,34.73,0.8485376044568245,15,8964586,169.7,4957075
Alberta,2025/1/1,Services-producing sector,2009.2,1690.6,34.94,0.8414294246466255,15,9055175,170.1,4988181
Alberta,2025/2/1,Services-producing sector,2005.1,1686.8,35.1,0.8412548002593387,15,8984268,171.4,4988181
Alberta,2025/3/1,Services-producing sector,2008.8,1676.5,34.88,0.8345778574273198,15,9041851,172,4988181
Alberta,2025/4/1,Services-producing sector,2016.7,1687.6,34.65,0.8368126146675261,15,9002358,171.1,5010078
Alberta,2025/5/1,Services-producing sector,2038.5,1693,34.72,0.8305126318371352,15,8935090,171.9,5010078
Alberta,2025/6/1,Services-producing sector,2070.4,1739,35.68,0.8399343122102009,15,8982698,172.3,5010078
Alberta,2025/7/1,Services-producing sector,2051.7,1709,35.77,0.8329677828142517,15,8975906,172.6,5029346
Alberta,2025/8/1,Services-producing sector,2097,1723.3,35.68,0.8217930376728659,15,9048447,172.6,5029346
Alberta,2025/9/1,Services-producing sector,2056.1,1721.1,36.23,0.83707018141141,15,,172.4,5029346
Alberta,2022/1/1,"Total, all industries",,,,,15,,,
Alberta,2022/2/1,"Total, all industries",,,,,15,,,
Alberta,2022/3/1,"Total, all industries",,,,,15,,,
Alberta,2022/4/1,"Total, all industries",,,,,15,,,
Alberta,2022/5/1,"Total, all industries",,,,,15,,,
Alberta,2022/6/1,"Total, all industries",,,,,15,,,
Alberta,2022/7/1,"Total, all industries",,,,,15,,,
Alberta,2022/8/1,"Total, all industries",,,,,15,,,
Alberta,2022/9/1,"Total, all industries",,,,,15,,,
Alberta,2022/10/1,"Total, all industries",,,,,15,,,
Alberta,2022/11/1,"Total, all industries",,,,,15,,,
Alberta,2022/12/1,"Total, all industries",,,,,15,,,
Alberta,2023/1/1,"Total, all industries",2534.1,2027.6,34.1,0.8001262775738921,15,8882071,160.5,4596901
Alberta,2023/2/1,"Total, all industries",2543.8,2024,34.71,0.7956600361663653,15,8662936,160.1,4596901
Alberta,2023/3/1,"Total, all industries",2562.2,2045.1,34.53,0.798181250487862,15,8510247,161.7,4596901
Alberta,2023/4/1,"Total, all industries",2564.9,2029,35.01,0.7910639791024991,15,8457389,163.7,4641615
Alberta,2023/5/1,"Total, all industries",2603.3,2107,34.63,0.8093573541274536,15,8612681,164.1,4641615
Alberta,2023/6/1,"Total, all industries",2622.4,2124.3,34.75,0.8100594874923734,15,8453128,164.4,4641615
Alberta,2023/7/1,"Total, all industries",2642.6,2124,34.75,0.8037538787557709,15,8288179,166,4688576
Alberta,2023/8/1,"Total, all industries",2650.1,2123.8,34.91,0.8014037206143165,15,8416788,166.8,4688576
Alberta,2023/9/1,"Total, all industries",2579.5,2083.8,35.65,0.8078309749951542,15,8418645,166,4688576
Alberta,2023/10/1,"Total, all industries",2604.5,2116.5,35.05,0.8126319831061624,15,8395532,165.2,4752173
Alberta,2023/11/1,"Total, all industries",2616.4,2110.9,35.73,0.8067955970035163,15,8458007,165.6,4752173
Alberta,2023/12/1,"Total, all industries",2622.2,2125.8,35.74,0.8106933109602625,15,8423493,165.6,4752173
Alberta,2024/1/1,"Total, all industries",2630.8,2107.1,35.54,0.8009350767827276,15,8441899,165.9,4801806
Alberta,2024/2/1,"Total, all industries",2653.6,2128.9,36,0.8022686162194755,15,8413303,166.8,4801806
Alberta,2024/3/1,"Total, all industries",2667.3,2150.1,36.16,0.8060960521876054,15,8442887,167.3,4801806
Alberta,2024/4/1,"Total, all industries",2703.9,2153.9,36.65,0.7965901105810126,15,8727736,168.6,4857695
Alberta,2024/5/1,"Total, all industries",2721.8,2169.4,36.59,0.7970460724520537,15,8514238,169.1,4857695
Alberta,2024/6/1,"Total, all industries",2734.2,2196.3,36.37,0.8032696949747642,15,8493713,169.4,4857695
Alberta,2024/7/1,"Total, all industries",2734.2,2203.1,36.27,0.8057567112866653,15,8726323,170.4,4909030
Alberta,2024/8/1,"Total, all industries",2767,2205.5,36.53,0.7970726418503795,15,8586684,170.2,4909030
Alberta,2024/9/1,"Total, all industries",2702.8,2177.1,36.59,0.8054980020719253,15,8795820,169.2,4909030
Alberta,2024/10/1,"Total, all industries",2707.2,2198.6,36.65,0.8121306146572104,15,8799934,170.1,4957075
Alberta,2024/11/1,"Total, all industries",2735.2,2182.3,36.73,0.7978575606902605,15,8825587,170.2,4957075
Alberta,2024/12/1,"Total, all industries",2742.5,2216.5,36.52,0.80820419325433,15,8964586,169.7,4957075
Alberta,2025/1/1,"Total, all industries",2728.4,2189.9,36.69,0.8026315789473685,15,9055175,170.1,4988181
Alberta,2025/2/1,"Total, all industries",2731.4,2192.4,36.94,0.8026652998462327,15,8984268,171.4,4988181
Alberta,2025/3/1,"Total, all industries",2737.6,2179.4,37.04,0.7960987726475746,15,9041851,172,4988181
Alberta,2025/4/1,"Total, all industries",2759.9,2199.7,36.7,0.7970216312185223,15,9002358,171.1,5010078
Alberta,2025/5/1,"Total, all industries",2801.7,2235.3,36.77,0.7978370275190064,15,8935090,171.9,5010078
Alberta,2025/6/1,"Total, all industries",2819.7,2277.3,37.79,0.807639110543675,15,8982698,172.3,5010078
Alberta,2025/7/1,"Total, all industries",2827.1,2248.3,37.53,0.7952672349757703,15,8975906,172.6,5029346
Alberta,2025/8/1,"Total, all industries",2841.3,2243.8,37.57,0.7897089360503995,15,9048447,172.6,5029346
Alberta,2025/9/1,"Total, all industries",2809.3,2248.9,37.85,0.8005197024169722,15,,172.4,5029346
Alberta,2022/1/1,Transportation and warehousing,,,,,15,,,
Alberta,2022/2/1,Transportation and warehousing,,,,,15,,,
Alberta,2022/3/1,Transportation and warehousing,,,,,15,,,
Alberta,2022/4/1,Transportation and warehousing,,,,,15,,,
Alberta,2022/5/1,Transportation and warehousing,,,,,15,,,
Alberta,2022/6/1,Transportation and warehousing,,,,,15,,,
Alberta,2022/7/1,Transportation and warehousing,,,,,15,,,
Alberta,2022/8/1,Transportation and warehousing,,,,,15,,,
Alberta,2022/9/1,Transportation and warehousing,,,,,15,,,
Alberta,2022/10/1,Transportation and warehousing,,,,,15,,,
Alberta,2022/11/1,Transportation and warehousing,,,,,15,,,
Alberta,2022/12/1,Transportation and warehousing,,,,,15,,,
Alberta,2023/1/1,Transportation and warehousing,136.6,105.4,32.38,0.7715959004392388,15,8882071,160.5,4596901
Alberta,2023/2/1,Transportation and warehousing,142.5,112,34.09,0.7859649122807018,15,8662936,160.1,4596901
Alberta,2023/3/1,Transportation and warehousing,145.6,117.6,33.86,0.8076923076923077,15,8510247,161.7,4596901
Alberta,2023/4/1,Transportation and warehousing,143.6,113.5,34.3,0.7903899721448469,15,8457389,163.7,4641615
Alberta,2023/5/1,Transportation and warehousing,137.3,115.5,36.07,0.84122359796067,15,8612681,164.1,4641615
Alberta,2023/6/1,Transportation and warehousing,148.9,126.3,35.42,0.8482202820685023,15,8453128,164.4,4641615
Alberta,2023/7/1,Transportation and warehousing,145,119.1,37.22,0.8213793103448276,15,8288179,166,4688576
Alberta,2023/8/1,Transportation and warehousing,146.3,121.3,35.52,0.8291182501708817,15,8416788,166.8,4688576
Alberta,2023/9/1,Transportation and warehousing,151,119.7,35.59,0.7927152317880795,15,8418645,166,4688576
Alberta,2023/10/1,Transportation and warehousing,153.8,114.2,34.06,0.742522756827048,15,8395532,165.2,4752173
Alberta,2023/11/1,Transportation and warehousing,152,117,35.32,0.7697368421052632,15,8458007,165.6,4752173
Alberta,2023/12/1,Transportation and warehousing,146.3,119,33.23,0.8133971291866028,15,8423493,165.6,4752173
Alberta,2024/1/1,Transportation and warehousing,157.7,123,32.42,0.7799619530754598,15,8441899,165.9,4801806
Alberta,2024/2/1,Transportation and warehousing,150.7,122.7,34.13,0.8142003981420041,15,8413303,166.8,4801806
Alberta,2024/3/1,Transportation and warehousing,149.5,118.7,32.28,0.793979933110368,15,8442887,167.3,4801806
Alberta,2024/4/1,Transportation and warehousing,148.4,118.5,36.33,0.7985175202156334,15,8727736,168.6,4857695
Alberta,2024/5/1,Transportation and warehousing,149.8,117.8,35.61,0.7863818424566087,15,8514238,169.1,4857695
Alberta,2024/6/1,Transportation and warehousing,152.7,114.3,38.17,0.7485265225933203,15,8493713,169.4,4857695
Alberta,2024/7/1,Transportation and warehousing,143.4,109,37.92,0.7601115760111575,15,8726323,170.4,4909030
Alberta,2024/8/1,Transportation and warehousing,144.4,111.3,39.34,0.770775623268698,15,8586684,170.2,4909030
Alberta,2024/9/1,Transportation and warehousing,148.3,112.2,38.74,0.7565745111260958,15,8795820,169.2,4909030
Alberta,2024/10/1,Transportation and warehousing,148.5,118.4,35.13,0.7973063973063973,15,8799934,170.1,4957075
Alberta,2024/11/1,Transportation and warehousing,149.7,122.4,35.45,0.8176352705410823,15,8825587,170.2,4957075
Alberta,2024/12/1,Transportation and warehousing,153.7,124.9,37.4,0.8126219908913469,15,8964586,169.7,4957075
Alberta,2025/1/1,Transportation and warehousing,157.6,132.5,35.12,0.8407360406091371,15,9055175,170.1,4988181
Alberta,2025/2/1,Transportation and warehousing,156.3,135.2,36.54,0.8650031989763275,15,8984268,171.4,4988181
Alberta,2025/3/1,Transportation and warehousing,159.6,131.4,36.51,0.8233082706766918,15,9041851,172,4988181
Alberta,2025/4/1,Transportation and warehousing,157.5,136.6,37.2,0.8673015873015872,15,9002358,171.1,5010078
Alberta,2025/5/1,Transportation and warehousing,153.4,129.1,35.15,0.8415906127770534,15,8935090,171.9,5010078
Alberta,2025/6/1,Transportation and warehousing,159.8,134.4,38.66,0.8410513141426783,15,8982698,172.3,5010078
Alberta,2025/7/1,Transportation and warehousing,164.5,135.1,37.48,0.8212765957446808,15,8975906,172.6,5029346
Alberta,2025/8/1,Transportation and warehousing,162.6,129.3,37.93,0.7952029520295204,15,9048447,172.6,5029346
Alberta,2025/9/1,Transportation and warehousing,152.6,121.6,38.85,0.7968545216251638,15,,172.4,5029346
Alberta,2022/1/1,Utilities,,,,,15,,,
Alberta,2022/2/1,Utilities,,,,,15,,,
Alberta,2022/3/1,Utilities,,,,,15,,,
Alberta,2022/4/1,Utilities,,,,,15,,,
Alberta,2022/5/1,Utilities,,,,,15,,,
Alberta,2022/6/1,Utilities,,,,,15,,,
Alberta,2022/7/1,Utilities,,,,,15,,,
Alberta,2022/8/1,Utilities,,,,,15,,,
Alberta,2022/9/1,Utilities,,,,,15,,,
Alberta,2022/10/1,Utilities,,,,,15,,,
Alberta,2022/11/1,Utilities,,,,,15,,,
Alberta,2022/12/1,Utilities,,,,,15,,,
Alberta,2023/1/1,Utilities,19.9,19.4,51.41,0.9748743718592964,15,8882071,160.5,4596901
Alberta,2023/2/1,Utilities,21.8,21.7,51.82,0.9954128440366972,15,8662936,160.1,4596901
Alberta,2023/3/1,Utilities,20.4,19.9,51.3,0.9754901960784312,15,8510247,161.7,4596901
Alberta,2023/4/1,Utilities,20.2,19.6,50.33,0.9702970297029704,15,8457389,163.7,4641615
Alberta,2023/5/1,Utilities,21.1,21.1,48.26,1,15,8612681,164.1,4641615
Alberta,2023/6/1,Utilities,21,20.6,48.73,0.980952380952381,15,8453128,164.4,4641615
Alberta,2023/7/1,Utilities,20.3,20.3,49.58,1,15,8288179,166,4688576
Alberta,2023/8/1,Utilities,19.3,19.2,50.06,0.9948186528497408,15,8416788,166.8,4688576
Alberta,2023/9/1,Utilities,19.9,19.1,49.16,0.9597989949748744,15,8418645,166,4688576
Alberta,2023/10/1,Utilities,20.6,19.8,51.77,0.9611650485436892,15,8395532,165.2,4752173
Alberta,2023/11/1,Utilities,21.5,19.5,53.1,0.9069767441860463,15,8458007,165.6,4752173
Alberta,2023/12/1,Utilities,20.3,20.1,55.87,0.9901477832512317,15,8423493,165.6,4752173
Alberta,2024/1/1,Utilities,22.1,22.1,50.68,1,15,8441899,165.9,4801806
Alberta,2024/2/1,Utilities,21.1,20.4,52.82,0.9668246445497628,15,8413303,166.8,4801806
Alberta,2024/3/1,Utilities,24.9,24.9,50.56,1,15,8442887,167.3,4801806
Alberta,2024/4/1,Utilities,25.2,23.9,50.12,0.9484126984126984,15,8727736,168.6,4857695
Alberta,2024/5/1,Utilities,20.3,20.3,51.21,1,15,8514238,169.1,4857695
Alberta,2024/6/1,Utilities,21.7,21.7,52.01,1,15,8493713,169.4,4857695
Alberta,2024/7/1,Utilities,21.5,21.5,53.79,1,15,8726323,170.4,4909030
Alberta,2024/8/1,Utilities,20.5,19.9,52.66,0.9707317073170731,15,8586684,170.2,4909030
Alberta,2024/9/1,Utilities,19.9,18.4,53.85,0.9246231155778896,15,8795820,169.2,4909030
Alberta,2024/10/1,Utilities,20.7,19.1,53,0.922705314009662,15,8799934,170.1,4957075
Alberta,2024/11/1,Utilities,20.3,18.7,55.74,0.9211822660098522,15,8825587,170.2,4957075
Alberta,2024/12/1,Utilities,20.6,19.3,58.52,0.9368932038834952,15,8964586,169.7,4957075
Alberta,2025/1/1,Utilities,20,19.3,59.37,0.965,15,9055175,170.1,4988181
Alberta,2025/2/1,Utilities,20.8,19.9,59.22,0.9567307692307692,15,8984268,171.4,4988181
Alberta,2025/3/1,Utilities,20,19.4,58.14,0.97,15,9041851,172,4988181
Alberta,2025/4/1,Utilities,20.6,20.4,53.11,0.9902912621359222,15,9002358,171.1,5010078
Alberta,2025/5/1,Utilities,21.6,21.5,53.23,0.9953703703703703,15,8935090,171.9,5010078
Alberta,2025/6/1,Utilities,21.3,21.3,59.94,1,15,8982698,172.3,5010078
Alberta,2025/7/1,Utilities,20.1,20.1,58.86,1,15,8975906,172.6,5029346
Alberta,2025/8/1,Utilities,25.7,24.7,53.84,0.9610894941634242,15,9048447,172.6,5029346
Alberta,2025/9/1,Utilities,25.4,24.5,59.64,0.9645669291338584,15,,172.4,5029346
Alberta,2022/1/1,Wholesale and retail trade,,,,,15,,,
Alberta,2022/2/1,Wholesale and retail trade,,,,,15,,,
Alberta,2022/3/1,Wholesale and retail trade,,,,,15,,,
Alberta,2022/4/1,Wholesale and retail trade,,,,,15,,,
Alberta,2022/5/1,Wholesale and retail trade,,,,,15,,,
Alberta,2022/6/1,Wholesale and retail trade,,,,,15,,,
Alberta,2022/7/1,Wholesale and retail trade,,,,,15,,,
Alberta,2022/8/1,Wholesale and retail trade,,,,,15,,,
Alberta,2022/9/1,Wholesale and retail trade,,,,,15,,,
Alberta,2022/10/1,Wholesale and retail trade,,,,,15,,,
Alberta,2022/11/1,Wholesale and retail trade,,,,,15,,,
Alberta,2022/12/1,Wholesale and retail trade,,,,,15,,,
Alberta,2023/1/1,Wholesale and retail trade,379.6,334.6,25.53,0.8814541622760801,15,8882071,160.5,4596901
Alberta,2023/2/1,Wholesale and retail trade,376.1,322,26.58,0.8561552778516351,15,8662936,160.1,4596901
Alberta,2023/3/1,Wholesale and retail trade,381.6,327.7,26.57,0.8587526205450733,15,8510247,161.7,4596901
Alberta,2023/4/1,Wholesale and retail trade,375,314.2,27.03,0.8378666666666666,15,8457389,163.7,4641615
Alberta,2023/5/1,Wholesale and retail trade,380.3,326.6,26.74,0.8587956876150408,15,8612681,164.1,4641615
Alberta,2023/6/1,Wholesale and retail trade,389.8,339.4,27.43,0.870702924576706,15,8453128,164.4,4641615
Alberta,2023/7/1,Wholesale and retail trade,372.8,331.8,26.59,0.8900214592274678,15,8288179,166,4688576
Alberta,2023/8/1,Wholesale and retail trade,377.4,341.7,26.66,0.9054054054054056,15,8416788,166.8,4688576
Alberta,2023/9/1,Wholesale and retail trade,361,324.7,27.26,0.8994459833795013,15,8418645,166,4688576
Alberta,2023/10/1,Wholesale and retail trade,369.3,338.4,26.42,0.9163281884646628,15,8395532,165.2,4752173
Alberta,2023/11/1,Wholesale and retail trade,370.2,335.5,26.91,0.9062668827660724,15,8458007,165.6,4752173
Alberta,2023/12/1,Wholesale and retail trade,376,340.7,26.59,0.9061170212765958,15,8423493,165.6,4752173
Alberta,2024/1/1,Wholesale and retail trade,371.5,333.7,26.75,0.898250336473755,15,8441899,165.9,4801806
Alberta,2024/2/1,Wholesale and retail trade,375.1,341,25.58,0.9090909090909092,15,8413303,166.8,4801806
Alberta,2024/3/1,Wholesale and retail trade,365.4,330.2,26.02,0.9036672140120416,15,8442887,167.3,4801806
Alberta,2024/4/1,Wholesale and retail trade,365.3,318.5,27.57,0.8718861209964412,15,8727736,168.6,4857695
Alberta,2024/5/1,Wholesale and retail trade,362.8,311.2,27.65,0.8577728776185225,15,8514238,169.1,4857695
Alberta,2024/6/1,Wholesale and retail trade,357.2,308.2,27.63,0.8628219484882419,15,8493713,169.4,4857695
Alberta,2024/7/1,Wholesale and retail trade,370.7,326.1,28.15,0.879687078500135,15,8726323,170.4,4909030
Alberta,2024/8/1,Wholesale and retail trade,383,335.1,27.39,0.874934725848564,15,8586684,170.2,4909030
Alberta,2024/9/1,Wholesale and retail trade,371.8,326.7,26.96,0.8786982248520709,15,8795820,169.2,4909030
Alberta,2024/10/1,Wholesale and retail trade,376.5,323.3,27.48,0.8586985391766269,15,8799934,170.1,4957075
Alberta,2024/11/1,Wholesale and retail trade,383.4,332.6,27.93,0.8675013041210226,15,8825587,170.2,4957075
Alberta,2024/12/1,Wholesale and retail trade,387.4,350.9,28.25,0.9057821373257616,15,8964586,169.7,4957075
Alberta,2025/1/1,Wholesale and retail trade,380.5,337,27.64,0.885676741130092,15,9055175,170.1,4988181
Alberta,2025/2/1,Wholesale and retail trade,382,339.8,28.26,0.8895287958115183,15,8984268,171.4,4988181
Alberta,2025/3/1,Wholesale and retail trade,380.6,331.9,28.7,0.8720441408302679,15,9041851,172,4988181
Alberta,2025/4/1,Wholesale and retail trade,373,327.6,28.68,0.8782841823056301,15,9002358,171.1,5010078
Alberta,2025/5/1,Wholesale and retail trade,379.6,333.3,28.58,0.8780295047418335,15,8935090,171.9,5010078
Alberta,2025/6/1,Wholesale and retail trade,388,335.1,29.54,0.863659793814433,15,8982698,172.3,5010078
Alberta,2025/7/1,Wholesale and retail trade,381.6,338.5,29.65,0.8870545073375261,15,8975906,172.6,5029346
Alberta,2025/8/1,Wholesale and retail trade,364.2,332.6,29.64,0.913234486545854,15,9048447,172.6,5029346
Alberta,2025/9/1,Wholesale and retail trade,365.4,323.5,29.61,0.8853311439518337,15,,172.4,5029346
British Columbia,2022/1/1,Accommodation and food services,,,,,15.2,,,
British Columbia,2022/2/1,Accommodation and food services,,,,,15.2,,,
British Columbia,2022/3/1,Accommodation and food services,,,,,15.2,,,
British Columbia,2022/4/1,Accommodation and food services,,,,,15.2,,,
British Columbia,2022/5/1,Accommodation and food services,,,,,15.2,,,
British Columbia,2022/6/1,Accommodation and food services,,,,,15.65,,,
British Columbia,2022/7/1,Accommodation and food services,,,,,15.65,,,
British Columbia,2022/8/1,Accommodation and food services,,,,,15.65,,,
British Columbia,2022/9/1,Accommodation and food services,,,,,15.65,,,
British Columbia,2022/10/1,Accommodation and food services,,,,,15.65,,,
British Columbia,2022/11/1,Accommodation and food services,,,,,15.65,,,
British Columbia,2022/12/1,Accommodation and food services,,,,,15.65,,,
British Columbia,2023/1/1,Accommodation and food services,197.4,168.8,20.89,0.8551165146909828,15.65,9022641,148.1,5432939
British Columbia,2023/2/1,Accommodation and food services,197.1,167.7,21.13,0.8508371385083714,15.65,8710353,149.1,5432939
British Columbia,2023/3/1,Accommodation and food services,200.7,173.6,21.8,0.8649725959143,15.65,9017594,149.7,5432939
British Columbia,2023/4/1,Accommodation and food services,212.7,184.1,21.55,0.8655383168782322,15.65,8790084,150.4,5466566
British Columbia,2023/5/1,Accommodation and food services,213.7,184,21.6,0.8610201216658868,15.65,9059680,151,5466566
British Columbia,2023/6/1,Accommodation and food services,212.9,186.1,21.9,0.8741193048379521,16.75,8953609,151.6,5466566
British Columbia,2023/7/1,Accommodation and food services,223.7,199.9,21.18,0.8936075100581136,16.75,9036552,152.1,5515296
British Columbia,2023/8/1,Accommodation and food services,224.4,203.5,22.7,0.9068627450980392,16.75,9034157,152.6,5515296
British Columbia,2023/9/1,Accommodation and food services,201.6,182,22.16,0.9027777777777778,16.75,9059493,152.7,5515296
British Columbia,2023/10/1,Accommodation and food services,201,181.9,22.33,0.9049751243781096,16.75,8973848,152.6,5572694
British Columbia,2023/11/1,Accommodation and food services,195,175.9,22.11,0.902051282051282,16.75,9078007,152.8,5572694
British Columbia,2023/12/1,Accommodation and food services,190.9,169.8,22.1,0.8894709271870089,16.75,9030013,152.1,5572694
British Columbia,2024/1/1,Accommodation and food services,188,166.2,21.51,0.8840425531914893,16.75,8602072,152.6,5601024
British Columbia,2024/2/1,Accommodation and food services,184.6,162.4,21.82,0.8797399783315277,16.75,8979918,153,5601024
British Columbia,2024/3/1,Accommodation and food services,190.2,159.6,21.25,0.8391167192429022,16.75,8960322,153.8,5601024
British Columbia,2024/4/1,Accommodation and food services,191.1,173.2,22.36,0.9063317634746206,16.75,9041785,154.7,5638043
British Columbia,2024/5/1,Accommodation and food services,200.6,180.5,22.64,0.8998005982053838,16.75,8926423,155.4,5638043
British Columbia,2024/6/1,Accommodation and food services,199.5,180.7,22.37,0.9057644110275688,17.4,8898870,155.5,5638043
British Columbia,2024/7/1,Accommodation and food services,203.5,187.2,22.49,0.91990171990172,17.4,9015739,156.4,5671114
British Columbia,2024/8/1,Accommodation and food services,204,184.4,22.33,0.903921568627451,17.4,9022425,156.2,5671114
British Columbia,2024/9/1,Accommodation and food services,188.6,169.3,23.05,0.8976670201484624,17.4,9123075,155.8,5671114
British Columbia,2024/10/1,Accommodation and food services,196.3,173.6,22.49,0.8843606724401426,17.4,9202925,156.2,5696852
British Columbia,2024/11/1,Accommodation and food services,207.2,184.7,21.95,0.8914092664092664,17.4,9252003,156.3,5696852
British Columbia,2024/12/1,Accommodation and food services,199.3,176.4,23.07,0.8850978424485699,17.4,9358028,156.1,5696852
British Columbia,2025/1/1,Accommodation and food services,194.5,173.2,23.68,0.8904884318766066,17.4,9449274,156,5699989
British Columbia,2025/2/1,Accommodation and food services,192.4,170.8,23.28,0.8877338877338877,17.4,9383484,157.6,5699989
British Columbia,2025/3/1,Accommodation and food services,201.9,177.8,23.61,0.8806339772164438,17.4,9463479,157.8,5699989
British Columbia,2025/4/1,Accommodation and food services,192.7,172.7,23.55,0.8962117280747276,17.4,9640333,157.8,5699690
British Columbia,2025/5/1,Accommodation and food services,191.2,168.7,23.47,0.8823221757322176,17.4,9615788,159,5699690
British Columbia,2025/6/1,Accommodation and food services,202.6,182.9,22.9,0.9027640671273446,17.85,9770810,158.8,5699690
British Columbia,2025/7/1,Accommodation and food services,205.4,185.9,23.31,0.9050632911392406,17.85,9650716,159.1,5697536
British Columbia,2025/8/1,Accommodation and food services,200.3,183.3,23.29,0.9151273090364452,17.85,9646356,159,5697536
British Columbia,2025/9/1,Accommodation and food services,205.3,180.9,23.09,0.8811495372625426,17.85,,158.8,5697536
British Columbia,2022/1/1,Agriculture,,,,,15.2,,,
British Columbia,2022/2/1,Agriculture,,,,,15.2,,,
British Columbia,2022/3/1,Agriculture,,,,,15.2,,,
British Columbia,2022/4/1,Agriculture,,,,,15.2,,,
British Columbia,2022/5/1,Agriculture,,,,,15.2,,,
British Columbia,2022/6/1,Agriculture,,,,,15.65,,,
British Columbia,2022/7/1,Agriculture,,,,,15.65,,,
British Columbia,2022/8/1,Agriculture,,,,,15.65,,,
British Columbia,2022/9/1,Agriculture,,,,,15.65,,,
British Columbia,2022/10/1,Agriculture,,,,,15.65,,,
British Columbia,2022/11/1,Agriculture,,,,,15.65,,,
British Columbia,2022/12/1,Agriculture,,,,,15.65,,,
British Columbia,2023/1/1,Agriculture,20.4,11.6,26.81,0.5686274509803921,15.65,9022641,148.1,5432939
British Columbia,2023/2/1,Agriculture,25.4,16.3,24.64,0.641732283464567,15.65,8710353,149.1,5432939
British Columbia,2023/3/1,Agriculture,23.5,14.4,22.58,0.6127659574468085,15.65,9017594,149.7,5432939
British Columbia,2023/4/1,Agriculture,24.4,18.1,22.82,0.7418032786885247,15.65,8790084,150.4,5466566
British Columbia,2023/5/1,Agriculture,28.1,21.2,22.32,0.7544483985765124,15.65,9059680,151,5466566
British Columbia,2023/6/1,Agriculture,32.1,16.4,23.4,0.5109034267912772,16.75,8953609,151.6,5466566
British Columbia,2023/7/1,Agriculture,28.6,17.7,20.87,0.6188811188811189,16.75,9036552,152.1,5515296
British Columbia,2023/8/1,Agriculture,30.8,18.2,21.75,0.5909090909090908,16.75,9034157,152.6,5515296
British Columbia,2023/9/1,Agriculture,24.2,14,22.08,0.578512396694215,16.75,9059493,152.7,5515296
British Columbia,2023/10/1,Agriculture,26.7,15.2,19.98,0.5692883895131086,16.75,8973848,152.6,5572694
British Columbia,2023/11/1,Agriculture,22.5,12.4,22.15,0.5511111111111111,16.75,9078007,152.8,5572694
British Columbia,2023/12/1,Agriculture,22.9,12,22.15,0.5240174672489083,16.75,9030013,152.1,5572694
British Columbia,2024/1/1,Agriculture,19,11.5,22.42,0.6052631578947368,16.75,8602072,152.6,5601024
British Columbia,2024/2/1,Agriculture,18.4,10.3,28.18,0.5597826086956522,16.75,8979918,153,5601024
British Columbia,2024/3/1,Agriculture,19,9.9,24.45,0.5210526315789474,16.75,8960322,153.8,5601024
British Columbia,2024/4/1,Agriculture,17.9,11.5,36.97,0.6424581005586593,16.75,9041785,154.7,5638043
British Columbia,2024/5/1,Agriculture,18.6,13.7,32.18,0.7365591397849461,16.75,8926423,155.4,5638043
British Columbia,2024/6/1,Agriculture,21.8,14.3,28.2,0.6559633027522936,17.4,8898870,155.5,5638043
British Columbia,2024/7/1,Agriculture,28.5,21.7,29,0.7614035087719297,17.4,9015739,156.4,5671114
British Columbia,2024/8/1,Agriculture,23.6,18,24.26,0.7627118644067796,17.4,9022425,156.2,5671114
British Columbia,2024/9/1,Agriculture,20.3,12.9,26.58,0.6354679802955665,17.4,9123075,155.8,5671114
British Columbia,2024/10/1,Agriculture,17.2,11.2,30.45,0.6511627906976744,17.4,9202925,156.2,5696852
British Columbia,2024/11/1,Agriculture,14.9,9.4,28.2,0.6308724832214765,17.4,9252003,156.3,5696852
British Columbia,2024/12/1,Agriculture,12.3,8,27.87,0.6504065040650406,17.4,9358028,156.1,5696852
British Columbia,2025/1/1,Agriculture,9.7,5.1,32.02,0.5257731958762887,17.4,9449274,156,5699989
British Columbia,2025/2/1,Agriculture,13,7.8,27.11,0.6,17.4,9383484,157.6,5699989
British Columbia,2025/3/1,Agriculture,13.8,8.9,23.4,0.644927536231884,17.4,9463479,157.8,5699989
British Columbia,2025/4/1,Agriculture,18.6,12.4,34.5,0.6666666666666666,17.4,9640333,157.8,5699690
British Columbia,2025/5/1,Agriculture,15,10.6,24.02,0.7066666666666667,17.4,9615788,159,5699690
British Columbia,2025/6/1,Agriculture,14.3,10.7,25.3,0.7482517482517481,17.85,9770810,158.8,5699690
British Columbia,2025/7/1,Agriculture,17,12.7,29,0.7470588235294118,17.85,9650716,159.1,5697536
British Columbia,2025/8/1,Agriculture,21.3,13.5,28.39,0.6338028169014084,17.85,9646356,159,5697536
British Columbia,2025/9/1,Agriculture,20.9,14.3,29.37,0.6842105263157896,17.85,,158.8,5697536
British Columbia,2022/1/1,"Business, building and other support services",,,,,15.2,,,
British Columbia,2022/2/1,"Business, building and other support services",,,,,15.2,,,
British Columbia,2022/3/1,"Business, building and other support services",,,,,15.2,,,
British Columbia,2022/4/1,"Business, building and other support services",,,,,15.2,,,
British Columbia,2022/5/1,"Business, building and other support services",,,,,15.2,,,
British Columbia,2022/6/1,"Business, building and other support services",,,,,15.65,,,
British Columbia,2022/7/1,"Business, building and other support services",,,,,15.65,,,
British Columbia,2022/8/1,"Business, building and other support services",,,,,15.65,,,
British Columbia,2022/9/1,"Business, building and other support services",,,,,15.65,,,
British Columbia,2022/10/1,"Business, building and other support services",,,,,15.65,,,
British Columbia,2022/11/1,"Business, building and other support services",,,,,15.65,,,
British Columbia,2022/12/1,"Business, building and other support services",,,,,15.65,,,
British Columbia,2023/1/1,"Business, building and other support services",95.9,56.5,25.78,0.5891553701772679,15.65,9022641,148.1,5432939
British Columbia,2023/2/1,"Business, building and other support services",94.8,57.8,25.3,0.609704641350211,15.65,8710353,149.1,5432939
British Columbia,2023/3/1,"Business, building and other support services",99.1,59.5,25.6,0.6004036326942482,15.65,9017594,149.7,5432939
British Columbia,2023/4/1,"Business, building and other support services",101.6,63.9,26.83,0.6289370078740157,15.65,8790084,150.4,5466566
British Columbia,2023/5/1,"Business, building and other support services",95.1,65.1,27.36,0.6845425867507886,15.65,9059680,151,5466566
British Columbia,2023/6/1,"Business, building and other support services",97.7,65.8,27.07,0.6734902763561924,16.75,8953609,151.6,5466566
British Columbia,2023/7/1,"Business, building and other support services",97.9,66.2,25.48,0.6762002042900919,16.75,9036552,152.1,5515296
British Columbia,2023/8/1,"Business, building and other support services",101.3,69.4,28.12,0.6850937808489636,16.75,9034157,152.6,5515296
British Columbia,2023/9/1,"Business, building and other support services",101.6,68.9,30.02,0.6781496062992127,16.75,9059493,152.7,5515296
British Columbia,2023/10/1,"Business, building and other support services",93.9,63.6,28.59,0.6773162939297125,16.75,8973848,152.6,5572694
British Columbia,2023/11/1,"Business, building and other support services",92.2,59.7,28.34,0.6475054229934925,16.75,9078007,152.8,5572694
British Columbia,2023/12/1,"Business, building and other support services",83.3,51.6,27.93,0.6194477791116447,16.75,9030013,152.1,5572694
British Columbia,2024/1/1,"Business, building and other support services",90.2,60.6,28.01,0.6718403547671841,16.75,8602072,152.6,5601024
British Columbia,2024/2/1,"Business, building and other support services",92.1,61.5,30.8,0.6677524429967427,16.75,8979918,153,5601024
British Columbia,2024/3/1,"Business, building and other support services",92.1,62.3,30.03,0.6764386536373507,16.75,8960322,153.8,5601024
British Columbia,2024/4/1,"Business, building and other support services",95.3,63.9,29.48,0.6705141657922351,16.75,9041785,154.7,5638043
British Columbia,2024/5/1,"Business, building and other support services",103,71.1,29.32,0.6902912621359223,16.75,8926423,155.4,5638043
British Columbia,2024/6/1,"Business, building and other support services",105.9,74.4,28.4,0.7025495750708215,17.4,8898870,155.5,5638043
British Columbia,2024/7/1,"Business, building and other support services",103,70.4,28.66,0.6834951456310681,17.4,9015739,156.4,5671114
British Columbia,2024/8/1,"Business, building and other support services",99.8,67.7,28.26,0.6783567134268538,17.4,9022425,156.2,5671114
British Columbia,2024/9/1,"Business, building and other support services",102.4,68.5,29.47,0.668945313,17.4,9123075,155.8,5671114
British Columbia,2024/10/1,"Business, building and other support services",106.4,74.4,29.28,0.6992481203007519,17.4,9202925,156.2,5696852
British Columbia,2024/11/1,"Business, building and other support services",103,68.6,29.09,0.6660194174757281,17.4,9252003,156.3,5696852
British Columbia,2024/12/1,"Business, building and other support services",102.7,69.3,27.93,0.6747809152872444,17.4,9358028,156.1,5696852
British Columbia,2025/1/1,"Business, building and other support services",101.1,63.1,29.49,0.6241345202769536,17.4,9449274,156,5699989
British Columbia,2025/2/1,"Business, building and other support services",102.6,67.9,29.97,0.6617933723196882,17.4,9383484,157.6,5699989
British Columbia,2025/3/1,"Business, building and other support services",97.9,62,30.2,0.6332992849846782,17.4,9463479,157.8,5699989
British Columbia,2025/4/1,"Business, building and other support services",95,68,33.79,0.7157894736842105,17.4,9640333,157.8,5699690
British Columbia,2025/5/1,"Business, building and other support services",99.9,66.6,32.48,0.6666666666666665,17.4,9615788,159,5699690
British Columbia,2025/6/1,"Business, building and other support services",101.4,71,30,0.700197238658777,17.85,9770810,158.8,5699690
British Columbia,2025/7/1,"Business, building and other support services",102.5,70.4,30.56,0.686829268292683,17.85,9650716,159.1,5697536
British Columbia,2025/8/1,"Business, building and other support services",106.2,72.2,29.96,0.67984934086629,17.85,9646356,159,5697536
British Columbia,2025/9/1,"Business, building and other support services",102.7,68.6,30.76,0.667964946445959,17.85,,158.8,5697536
British Columbia,2022/1/1,Construction,,,,,15.2,,,
British Columbia,2022/2/1,Construction,,,,,15.2,,,
British Columbia,2022/3/1,Construction,,,,,15.2,,,
British Columbia,2022/4/1,Construction,,,,,15.2,,,
British Columbia,2022/5/1,Construction,,,,,15.2,,,
British Columbia,2022/6/1,Construction,,,,,15.65,,,
British Columbia,2022/7/1,Construction,,,,,15.65,,,
British Columbia,2022/8/1,Construction,,,,,15.65,,,
British Columbia,2022/9/1,Construction,,,,,15.65,,,
British Columbia,2022/10/1,Construction,,,,,15.65,,,
British Columbia,2022/11/1,Construction,,,,,15.65,,,
British Columbia,2022/12/1,Construction,,,,,15.65,,,
British Columbia,2023/1/1,Construction,262.1,181.7,36.06,0.6932468523464326,15.65,9022641,148.1,5432939
British Columbia,2023/2/1,Construction,261.8,176.1,36.76,0.6726508785332315,15.65,8710353,149.1,5432939
British Columbia,2023/3/1,Construction,261.2,176.4,35.58,0.6753445635528331,15.65,9017594,149.7,5432939
British Columbia,2023/4/1,Construction,258.2,175.6,36.73,0.6800929512006196,15.65,8790084,150.4,5466566
British Columbia,2023/5/1,Construction,254.3,170.2,37.3,0.6692882422335823,15.65,9059680,151,5466566
British Columbia,2023/6/1,Construction,253.1,168,35.47,0.6637692611615962,16.75,8953609,151.6,5466566
British Columbia,2023/7/1,Construction,236.1,154.1,36.88,0.6526895383312156,16.75,9036552,152.1,5515296
British Columbia,2023/8/1,Construction,228.5,160.4,36.84,0.7019693654266959,16.75,9034157,152.6,5515296
British Columbia,2023/9/1,Construction,234.3,162,37.15,0.6914212548015365,16.75,9059493,152.7,5515296
British Columbia,2023/10/1,Construction,239.7,169.9,38.23,0.708802670004172,16.75,8973848,152.6,5572694
British Columbia,2023/11/1,Construction,244.5,175.6,37.51,0.718200408997955,16.75,9078007,152.8,5572694
British Columbia,2023/12/1,Construction,241.3,176.4,36.98,0.731040198922503,16.75,9030013,152.1,5572694
British Columbia,2024/1/1,Construction,243.3,176.5,37.84,0.7254418413481298,16.75,8602072,152.6,5601024
British Columbia,2024/2/1,Construction,253.3,179.6,38.15,0.7090406632451638,16.75,8979918,153,5601024
British Columbia,2024/3/1,Construction,249.1,171.1,37.07,0.6868727418707347,16.75,8960322,153.8,5601024
British Columbia,2024/4/1,Construction,254.3,175.4,38.01,0.689736531655525,16.75,9041785,154.7,5638043
British Columbia,2024/5/1,Construction,256.7,176.1,36.34,0.6860148032723024,16.75,8926423,155.4,5638043
British Columbia,2024/6/1,Construction,262.1,177.4,36.99,0.6768409004196871,17.4,8898870,155.5,5638043
British Columbia,2024/7/1,Construction,271.6,196.5,35.78,0.7234904270986745,17.4,9015739,156.4,5671114
British Columbia,2024/8/1,Construction,267.5,190,36.4,0.7102803738317757,17.4,9022425,156.2,5671114
British Columbia,2024/9/1,Construction,259.6,179.6,37.42,0.6918335901386748,17.4,9123075,155.8,5671114
British Columbia,2024/10/1,Construction,254.9,180.6,37.94,0.7085131424087877,17.4,9202925,156.2,5696852
British Columbia,2024/11/1,Construction,265.8,186.2,39.28,0.7005267118133934,17.4,9252003,156.3,5696852
British Columbia,2024/12/1,Construction,264.6,187.9,39.75,0.7101284958427815,17.4,9358028,156.1,5696852
British Columbia,2025/1/1,Construction,266.8,185.8,39.18,0.6964017991004497,17.4,9449274,156,5699989
British Columbia,2025/2/1,Construction,259.6,188.5,39.88,0.7261171032357472,17.4,9383484,157.6,5699989
British Columbia,2025/3/1,Construction,262.2,195.9,39.58,0.7471395881006866,17.4,9463479,157.8,5699989
British Columbia,2025/4/1,Construction,268,192.2,41.18,0.7171641791044776,17.4,9640333,157.8,5699690
British Columbia,2025/5/1,Construction,281.2,210.2,40.73,0.7475106685633002,17.4,9615788,159,5699690
British Columbia,2025/6/1,Construction,280.1,203.8,40.13,0.7275972866833273,17.85,9770810,158.8,5699690
British Columbia,2025/7/1,Construction,273.6,204.3,40.4,0.7467105263157895,17.85,9650716,159.1,5697536
British Columbia,2025/8/1,Construction,283.7,212.7,38.8,0.74973563623546,17.85,9646356,159,5697536
British Columbia,2025/9/1,Construction,275,210.2,39.92,0.7643636363636364,17.85,,158.8,5697536
British Columbia,2022/1/1,Educational services,,,,,15.2,,,
British Columbia,2022/2/1,Educational services,,,,,15.2,,,
British Columbia,2022/3/1,Educational services,,,,,15.2,,,
British Columbia,2022/4/1,Educational services,,,,,15.2,,,
British Columbia,2022/5/1,Educational services,,,,,15.2,,,
British Columbia,2022/6/1,Educational services,,,,,15.65,,,
British Columbia,2022/7/1,Educational services,,,,,15.65,,,
British Columbia,2022/8/1,Educational services,,,,,15.65,,,
British Columbia,2022/9/1,Educational services,,,,,15.65,,,
British Columbia,2022/10/1,Educational services,,,,,15.65,,,
British Columbia,2022/11/1,Educational services,,,,,15.65,,,
British Columbia,2022/12/1,Educational services,,,,,15.65,,,
British Columbia,2023/1/1,Educational services,224.1,203,37.84,0.9058456046407852,15.65,9022641,148.1,5432939
British Columbia,2023/2/1,Educational services,224.3,201.5,38.3,0.8983504235399019,15.65,8710353,149.1,5432939
British Columbia,2023/3/1,Educational services,224.1,201,37.93,0.8969210174029452,15.65,9017594,149.7,5432939
British Columbia,2023/4/1,Educational services,230.8,207.8,37.82,0.9003466204506065,15.65,8790084,150.4,5466566
British Columbia,2023/5/1,Educational services,229.4,208.7,38.07,0.9097646033129904,15.65,9059680,151,5466566
British Columbia,2023/6/1,Educational services,229.6,202.2,36.25,0.8806620209059233,16.75,8953609,151.6,5466566
British Columbia,2023/7/1,Educational services,196.6,164.2,38.04,0.8351983723296033,16.75,9036552,152.1,5515296
British Columbia,2023/8/1,Educational services,209.9,167.3,39.12,0.7970462124821344,16.75,9034157,152.6,5515296
British Columbia,2023/9/1,Educational services,241.5,215.7,39.93,0.893167701863354,16.75,9059493,152.7,5515296
British Columbia,2023/10/1,Educational services,235.7,214.8,40.27,0.9113279592702588,16.75,8973848,152.6,5572694
British Columbia,2023/11/1,Educational services,237.3,217.1,40.72,0.9148756847871892,16.75,9078007,152.8,5572694
British Columbia,2023/12/1,Educational services,236.8,213.7,40.52,0.9024493243243242,16.75,9030013,152.1,5572694
British Columbia,2024/1/1,Educational services,236.2,214.7,39.67,0.9089754445385266,16.75,8602072,152.6,5601024
British Columbia,2024/2/1,Educational services,240.4,217.4,40.29,0.9043261231281198,16.75,8979918,153,5601024
British Columbia,2024/3/1,Educational services,234.2,209.8,40.78,0.8958155422715629,16.75,8960322,153.8,5601024
British Columbia,2024/4/1,Educational services,237.1,216.2,40.52,0.9118515394348377,16.75,9041785,154.7,5638043
British Columbia,2024/5/1,Educational services,229.7,205.4,42.26,0.8942098389203309,16.75,8926423,155.4,5638043
British Columbia,2024/6/1,Educational services,227,199.2,41.44,0.877533039647577,17.4,8898870,155.5,5638043
British Columbia,2024/7/1,Educational services,194.4,159.2,44.27,0.8189300411522633,17.4,9015739,156.4,5671114
British Columbia,2024/8/1,Educational services,208,158.1,42.54,0.7600961538461538,17.4,9022425,156.2,5671114
British Columbia,2024/9/1,Educational services,226.6,199.7,40.3,0.8812886142983231,17.4,9123075,155.8,5671114
British Columbia,2024/10/1,Educational services,229.6,206.1,40.02,0.8976480836236934,17.4,9202925,156.2,5696852
British Columbia,2024/11/1,Educational services,231.5,207.1,39.86,0.8946004319654427,17.4,9252003,156.3,5696852
British Columbia,2024/12/1,Educational services,231.8,213.7,40.93,0.9219154443485764,17.4,9358028,156.1,5696852
British Columbia,2025/1/1,Educational services,237.7,214.1,42.08,0.9007151872107699,17.4,9449274,156,5699989
British Columbia,2025/2/1,Educational services,239.3,220,42.57,0.9193480986209778,17.4,9383484,157.6,5699989
British Columbia,2025/3/1,Educational services,239.8,212.8,42.91,0.8874061718098415,17.4,9463479,157.8,5699989
British Columbia,2025/4/1,Educational services,236.5,208.3,43.26,0.8807610993657505,17.4,9640333,157.8,5699690
British Columbia,2025/5/1,Educational services,243,211.7,43.44,0.87119341563786,17.4,9615788,159,5699690
British Columbia,2025/6/1,Educational services,233.3,209.7,44.32,0.898842691813116,17.85,9770810,158.8,5699690
British Columbia,2025/7/1,Educational services,206.2,166.8,44.49,0.8089233753637246,17.85,9650716,159.1,5697536
British Columbia,2025/8/1,Educational services,210.5,161.6,45.2,0.7676959619952494,17.85,9646356,159,5697536
British Columbia,2025/9/1,Educational services,234.6,212.9,43.94,0.9075021312872976,17.85,,158.8,5697536
British Columbia,2022/1/1,"Finance, insurance, real estate, rental and leasing",,,,,15.2,,,
British Columbia,2022/2/1,"Finance, insurance, real estate, rental and leasing",,,,,15.2,,,
British Columbia,2022/3/1,"Finance, insurance, real estate, rental and leasing",,,,,15.2,,,
British Columbia,2022/4/1,"Finance, insurance, real estate, rental and leasing",,,,,15.2,,,
British Columbia,2022/5/1,"Finance, insurance, real estate, rental and leasing",,,,,15.2,,,
British Columbia,2022/6/1,"Finance, insurance, real estate, rental and leasing",,,,,15.65,,,
British Columbia,2022/7/1,"Finance, insurance, real estate, rental and leasing",,,,,15.65,,,
British Columbia,2022/8/1,"Finance, insurance, real estate, rental and leasing",,,,,15.65,,,
British Columbia,2022/9/1,"Finance, insurance, real estate, rental and leasing",,,,,15.65,,,
British Columbia,2022/10/1,"Finance, insurance, real estate, rental and leasing",,,,,15.65,,,
British Columbia,2022/11/1,"Finance, insurance, real estate, rental and leasing",,,,,15.65,,,
British Columbia,2022/12/1,"Finance, insurance, real estate, rental and leasing",,,,,15.65,,,
British Columbia,2023/1/1,"Finance, insurance, real estate, rental and leasing",167.7,127.5,40.45,0.7602862254025046,15.65,9022641,148.1,5432939
British Columbia,2023/2/1,"Finance, insurance, real estate, rental and leasing",172.2,130.3,38.97,0.7566782810685251,15.65,8710353,149.1,5432939
British Columbia,2023/3/1,"Finance, insurance, real estate, rental and leasing",171.9,130.8,39.51,0.7609075043630018,15.65,9017594,149.7,5432939
British Columbia,2023/4/1,"Finance, insurance, real estate, rental and leasing",171.1,136.8,38.98,0.799532437171245,15.65,8790084,150.4,5466566
British Columbia,2023/5/1,"Finance, insurance, real estate, rental and leasing",178.9,139.7,40.05,0.780883174958077,15.65,9059680,151,5466566
British Columbia,2023/6/1,"Finance, insurance, real estate, rental and leasing",183.4,138.5,39.78,0.7551799345692475,16.75,8953609,151.6,5466566
British Columbia,2023/7/1,"Finance, insurance, real estate, rental and leasing",185.8,146.3,41.53,0.78740581270183,16.75,9036552,152.1,5515296
British Columbia,2023/8/1,"Finance, insurance, real estate, rental and leasing",181.8,137.9,41.66,0.7585258525852585,16.75,9034157,152.6,5515296
British Columbia,2023/9/1,"Finance, insurance, real estate, rental and leasing",184.3,135.1,41.35,0.733043950081389,16.75,9059493,152.7,5515296
British Columbia,2023/10/1,"Finance, insurance, real estate, rental and leasing",182.1,133,42.01,0.7303679297089511,16.75,8973848,152.6,5572694
British Columbia,2023/11/1,"Finance, insurance, real estate, rental and leasing",182.2,139.3,41.43,0.7645444566410539,16.75,9078007,152.8,5572694
British Columbia,2023/12/1,"Finance, insurance, real estate, rental and leasing",183,137.1,43.14,0.7491803278688525,16.75,9030013,152.1,5572694
British Columbia,2024/1/1,"Finance, insurance, real estate, rental and leasing",181.6,132.3,41,0.72852422907489,16.75,8602072,152.6,5601024
British Columbia,2024/2/1,"Finance, insurance, real estate, rental and leasing",181.7,137.5,40.37,0.7567418822234453,16.75,8979918,153,5601024
British Columbia,2024/3/1,"Finance, insurance, real estate, rental and leasing",193.8,144.2,42.33,0.7440660474716201,16.75,8960322,153.8,5601024
British Columbia,2024/4/1,"Finance, insurance, real estate, rental and leasing",192.3,140,40.35,0.7280291211648465,16.75,9041785,154.7,5638043
British Columbia,2024/5/1,"Finance, insurance, real estate, rental and leasing",198.9,139.5,41.98,0.7013574660633484,16.75,8926423,155.4,5638043
British Columbia,2024/6/1,"Finance, insurance, real estate, rental and leasing",192.1,142.3,40.8,0.7407600208224884,17.4,8898870,155.5,5638043
British Columbia,2024/7/1,"Finance, insurance, real estate, rental and leasing",191.3,136.1,40.28,0.7114479874542603,17.4,9015739,156.4,5671114
British Columbia,2024/8/1,"Finance, insurance, real estate, rental and leasing",190.5,137.3,39.14,0.720734908136483,17.4,9022425,156.2,5671114
British Columbia,2024/9/1,"Finance, insurance, real estate, rental and leasing",182.4,125.9,39.51,0.6902412280701754,17.4,9123075,155.8,5671114
British Columbia,2024/10/1,"Finance, insurance, real estate, rental and leasing",180.2,126.5,41.01,0.7019977802441731,17.4,9202925,156.2,5696852
British Columbia,2024/11/1,"Finance, insurance, real estate, rental and leasing",180.5,127.6,38.53,0.7069252077562327,17.4,9252003,156.3,5696852
British Columbia,2024/12/1,"Finance, insurance, real estate, rental and leasing",182.3,129.2,41.97,0.7087218869994514,17.4,9358028,156.1,5696852
British Columbia,2025/1/1,"Finance, insurance, real estate, rental and leasing",184.3,126.9,42.56,0.6885512750949538,17.4,9449274,156,5699989
British Columbia,2025/2/1,"Finance, insurance, real estate, rental and leasing",188.6,138.9,44.32,0.7364793213149523,17.4,9383484,157.6,5699989
British Columbia,2025/3/1,"Finance, insurance, real estate, rental and leasing",191.3,139.4,43.47,0.7286983795086251,17.4,9463479,157.8,5699989
British Columbia,2025/4/1,"Finance, insurance, real estate, rental and leasing",193.3,145.1,45.32,0.750646663217796,17.4,9640333,157.8,5699690
British Columbia,2025/5/1,"Finance, insurance, real estate, rental and leasing",198.6,142.6,44.17,0.7180261832829808,17.4,9615788,159,5699690
British Columbia,2025/6/1,"Finance, insurance, real estate, rental and leasing",198.2,142.5,42.8,0.718970736629667,17.85,9770810,158.8,5699690
British Columbia,2025/7/1,"Finance, insurance, real estate, rental and leasing",194.4,142,43.77,0.7304526748971193,17.85,9650716,159.1,5697536
British Columbia,2025/8/1,"Finance, insurance, real estate, rental and leasing",198.4,148.2,42.7,0.7469758064516129,17.85,9646356,159,5697536
British Columbia,2025/9/1,"Finance, insurance, real estate, rental and leasing",195.9,158.9,43.69,0.8111281265952016,17.85,,158.8,5697536
British Columbia,2022/1/1,"Forestry, fishing, mining, quarrying, oil and gas",,,,,15.2,,,
British Columbia,2022/2/1,"Forestry, fishing, mining, quarrying, oil and gas",,,,,15.2,,,
British Columbia,2022/3/1,"Forestry, fishing, mining, quarrying, oil and gas",,,,,15.2,,,
British Columbia,2022/4/1,"Forestry, fishing, mining, quarrying, oil and gas",,,,,15.2,,,
British Columbia,2022/5/1,"Forestry, fishing, mining, quarrying, oil and gas",,,,,15.2,,,
British Columbia,2022/6/1,"Forestry, fishing, mining, quarrying, oil and gas",,,,,15.65,,,
British Columbia,2022/7/1,"Forestry, fishing, mining, quarrying, oil and gas",,,,,15.65,,,
British Columbia,2022/8/1,"Forestry, fishing, mining, quarrying, oil and gas",,,,,15.65,,,
British Columbia,2022/9/1,"Forestry, fishing, mining, quarrying, oil and gas",,,,,15.65,,,
British Columbia,2022/10/1,"Forestry, fishing, mining, quarrying, oil and gas",,,,,15.65,,,
British Columbia,2022/11/1,"Forestry, fishing, mining, quarrying, oil and gas",,,,,15.65,,,
British Columbia,2022/12/1,"Forestry, fishing, mining, quarrying, oil and gas",,,,,15.65,,,
British Columbia,2023/1/1,"Forestry, fishing, mining, quarrying, oil and gas",46.2,37.7,48.38,0.816017316017316,15.65,9022641,148.1,5432939
British Columbia,2023/2/1,"Forestry, fishing, mining, quarrying, oil and gas",48.4,39.7,48.33,0.8202479338842976,15.65,8710353,149.1,5432939
British Columbia,2023/3/1,"Forestry, fishing, mining, quarrying, oil and gas",46.8,40.4,47,0.8632478632478633,15.65,9017594,149.7,5432939
British Columbia,2023/4/1,"Forestry, fishing, mining, quarrying, oil and gas",46.8,40.5,48.83,0.8653846153846154,15.65,8790084,150.4,5466566
British Columbia,2023/5/1,"Forestry, fishing, mining, quarrying, oil and gas",55,45.5,41.64,0.8272727272727273,15.65,9059680,151,5466566
British Columbia,2023/6/1,"Forestry, fishing, mining, quarrying, oil and gas",54.4,45.3,43.06,0.832720588235294,16.75,8953609,151.6,5466566
British Columbia,2023/7/1,"Forestry, fishing, mining, quarrying, oil and gas",56.3,50.7,44.69,0.9005328596802843,16.75,9036552,152.1,5515296
British Columbia,2023/8/1,"Forestry, fishing, mining, quarrying, oil and gas",57.1,53,44.88,0.9281961471103328,16.75,9034157,152.6,5515296
British Columbia,2023/9/1,"Forestry, fishing, mining, quarrying, oil and gas",57.6,52.4,45.39,0.9097222222222222,16.75,9059493,152.7,5515296
British Columbia,2023/10/1,"Forestry, fishing, mining, quarrying, oil and gas",58.2,51.6,43.7,0.8865979381443299,16.75,8973848,152.6,5572694
British Columbia,2023/11/1,"Forestry, fishing, mining, quarrying, oil and gas",57.7,47.6,44.76,0.8249566724436742,16.75,9078007,152.8,5572694
British Columbia,2023/12/1,"Forestry, fishing, mining, quarrying, oil and gas",56.5,49.5,45.09,0.8761061946902655,16.75,9030013,152.1,5572694
British Columbia,2024/1/1,"Forestry, fishing, mining, quarrying, oil and gas",52.9,45.6,46.76,0.8620037807183365,16.75,8602072,152.6,5601024
British Columbia,2024/2/1,"Forestry, fishing, mining, quarrying, oil and gas",54.8,47.4,49.39,0.864963503649635,16.75,8979918,153,5601024
British Columbia,2024/3/1,"Forestry, fishing, mining, quarrying, oil and gas",56.5,48.1,53.08,0.8513274336283186,16.75,8960322,153.8,5601024
British Columbia,2024/4/1,"Forestry, fishing, mining, quarrying, oil and gas",52.4,44.4,51.94,0.8473282442748091,16.75,9041785,154.7,5638043
British Columbia,2024/5/1,"Forestry, fishing, mining, quarrying, oil and gas",57.1,47.6,50.93,0.8336252189141856,16.75,8926423,155.4,5638043
British Columbia,2024/6/1,"Forestry, fishing, mining, quarrying, oil and gas",56.3,49.2,51.08,0.8738898756660747,17.4,8898870,155.5,5638043
British Columbia,2024/7/1,"Forestry, fishing, mining, quarrying, oil and gas",56.8,51.9,49.72,0.9137323943661972,17.4,9015739,156.4,5671114
British Columbia,2024/8/1,"Forestry, fishing, mining, quarrying, oil and gas",58,54.3,48.73,0.936206896551724,17.4,9022425,156.2,5671114
British Columbia,2024/9/1,"Forestry, fishing, mining, quarrying, oil and gas",56.2,51,49.36,0.9074733096085408,17.4,9123075,155.8,5671114
British Columbia,2024/10/1,"Forestry, fishing, mining, quarrying, oil and gas",58.8,51.2,49.1,0.870748299319728,17.4,9202925,156.2,5696852
British Columbia,2024/11/1,"Forestry, fishing, mining, quarrying, oil and gas",54.6,45.9,49.82,0.8406593406593406,17.4,9252003,156.3,5696852
British Columbia,2024/12/1,"Forestry, fishing, mining, quarrying, oil and gas",51.6,43.1,50.55,0.8352713178294574,17.4,9358028,156.1,5696852
British Columbia,2025/1/1,"Forestry, fishing, mining, quarrying, oil and gas",48.9,41.5,50.25,0.8486707566462168,17.4,9449274,156,5699989
British Columbia,2025/2/1,"Forestry, fishing, mining, quarrying, oil and gas",52,42.3,49.24,0.8134615384615385,17.4,9383484,157.6,5699989
British Columbia,2025/3/1,"Forestry, fishing, mining, quarrying, oil and gas",46.1,40.7,48.6,0.8828633405639914,17.4,9463479,157.8,5699989
British Columbia,2025/4/1,"Forestry, fishing, mining, quarrying, oil and gas",45.1,38.1,53.29,0.844789356984479,17.4,9640333,157.8,5699690
British Columbia,2025/5/1,"Forestry, fishing, mining, quarrying, oil and gas",49.9,41.1,43.75,0.8236472945891784,17.4,9615788,159,5699690
British Columbia,2025/6/1,"Forestry, fishing, mining, quarrying, oil and gas",47.8,43,45.52,0.8995815899581591,17.85,9770810,158.8,5699690
British Columbia,2025/7/1,"Forestry, fishing, mining, quarrying, oil and gas",47.6,41.1,47.89,0.8634453781512605,17.85,9650716,159.1,5697536
British Columbia,2025/8/1,"Forestry, fishing, mining, quarrying, oil and gas",49.7,41.2,47.82,0.8289738430583501,17.85,9646356,159,5697536
British Columbia,2025/9/1,"Forestry, fishing, mining, quarrying, oil and gas",45.9,40.5,46.94,0.8823529411764706,17.85,,158.8,5697536
British Columbia,2022/1/1,Goods-producing sector,,,,,15.2,,,
British Columbia,2022/2/1,Goods-producing sector,,,,,15.2,,,
British Columbia,2022/3/1,Goods-producing sector,,,,,15.2,,,
British Columbia,2022/4/1,Goods-producing sector,,,,,15.2,,,
British Columbia,2022/5/1,Goods-producing sector,,,,,15.2,,,
British Columbia,2022/6/1,Goods-producing sector,,,,,15.65,,,
British Columbia,2022/7/1,Goods-producing sector,,,,,15.65,,,
British Columbia,2022/8/1,Goods-producing sector,,,,,15.65,,,
British Columbia,2022/9/1,Goods-producing sector,,,,,15.65,,,
British Columbia,2022/10/1,Goods-producing sector,,,,,15.65,,,
British Columbia,2022/11/1,Goods-producing sector,,,,,15.65,,,
British Columbia,2022/12/1,Goods-producing sector,,,,,15.65,,,
British Columbia,2023/1/1,Goods-producing sector,529.8,413.7,36.74,0.7808607021517554,15.65,9022641,148.1,5432939
British Columbia,2023/2/1,Goods-producing sector,545.5,414.9,37.03,0.7605866177818514,15.65,8710353,149.1,5432939
British Columbia,2023/3/1,Goods-producing sector,538.1,418.8,36.5,0.7782939973982531,15.65,9017594,149.7,5432939
British Columbia,2023/4/1,Goods-producing sector,532.1,417.2,36.85,0.7840631460251832,15.65,8790084,150.4,5466566
British Columbia,2023/5/1,Goods-producing sector,539.7,416.4,36.3,0.7715397443023901,15.65,9059680,151,5466566
British Columbia,2023/6/1,Goods-producing sector,547.1,414.7,36.47,0.7579967099250593,16.75,8953609,151.6,5466566
British Columbia,2023/7/1,Goods-producing sector,521.9,405.8,37.03,0.7775435907261928,16.75,9036552,152.1,5515296
British Columbia,2023/8/1,Goods-producing sector,514.9,404.6,37,0.7857836473101574,16.75,9034157,152.6,5515296
British Columbia,2023/9/1,Goods-producing sector,512.5,399.7,37.38,0.7799024390243903,16.75,9059493,152.7,5515296
British Columbia,2023/10/1,Goods-producing sector,520.1,405.6,37.06,0.7798500288406076,16.75,8973848,152.6,5572694
British Columbia,2023/11/1,Goods-producing sector,533.2,425.1,37.12,0.7972618154538634,16.75,9078007,152.8,5572694
British Columbia,2023/12/1,Goods-producing sector,524.4,420.9,37.08,0.8026315789473684,16.75,9030013,152.1,5572694
British Columbia,2024/1/1,Goods-producing sector,516.9,410.9,37.89,0.7949313213387502,16.75,8602072,152.6,5601024
British Columbia,2024/2/1,Goods-producing sector,523.5,417.4,39.44,0.7973256924546323,16.75,8979918,153,5601024
British Columbia,2024/3/1,Goods-producing sector,530.1,418,38.7,0.7885304659498208,16.75,8960322,153.8,5601024
British Columbia,2024/4/1,Goods-producing sector,521.9,413.1,39.29,0.7915309446254073,16.75,9041785,154.7,5638043
British Columbia,2024/5/1,Goods-producing sector,536.3,424,37.72,0.7906022748461683,16.75,8926423,155.4,5638043
British Columbia,2024/6/1,Goods-producing sector,545.5,434.6,38.18,0.7967002749770853,17.4,8898870,155.5,5638043
British Columbia,2024/7/1,Goods-producing sector,570.8,465.2,37.33,0.8149964961457604,17.4,9015739,156.4,5671114
British Columbia,2024/8/1,Goods-producing sector,552,448.3,37.5,0.8121376811594203,17.4,9022425,156.2,5671114
British Columbia,2024/9/1,Goods-producing sector,541.4,433.5,39.31,0.800701884004433,17.4,9123075,155.8,5671114
British Columbia,2024/10/1,Goods-producing sector,536.6,429,38.99,0.7994781960491987,17.4,9202925,156.2,5696852
British Columbia,2024/11/1,Goods-producing sector,532,425.4,39.78,0.7996240601503759,17.4,9252003,156.3,5696852
British Columbia,2024/12/1,Goods-producing sector,536.2,434.4,40.16,0.8101454681089145,17.4,9358028,156.1,5696852
British Columbia,2025/1/1,Goods-producing sector,537.1,425.9,40.11,0.7929622044312046,17.4,9449274,156,5699989
British Columbia,2025/2/1,Goods-producing sector,532.3,428.5,39.97,0.804997182040203,17.4,9383484,157.6,5699989
British Columbia,2025/3/1,Goods-producing sector,534.1,441.9,39.46,0.8273731510953004,17.4,9463479,157.8,5699989
British Columbia,2025/4/1,Goods-producing sector,542.2,437,40.9,0.8059756547399483,17.4,9640333,157.8,5699690
British Columbia,2025/5/1,Goods-producing sector,552.4,452.7,39.89,0.8195148443157133,17.4,9615788,159,5699690
British Columbia,2025/6/1,Goods-producing sector,546.6,450,39.33,0.823271130625686,17.85,9770810,158.8,5699690
British Columbia,2025/7/1,Goods-producing sector,541.9,448.4,39.87,0.8274589407639786,17.85,9650716,159.1,5697536
British Columbia,2025/8/1,Goods-producing sector,560.3,456.5,39.12,0.8147421024451188,17.85,9646356,159,5697536
British Columbia,2025/9/1,Goods-producing sector,548.9,456.6,39.68,0.8318455092002187,17.85,,158.8,5697536
British Columbia,2022/1/1,Health care and social assistance,,,,,15.2,,,
British Columbia,2022/2/1,Health care and social assistance,,,,,15.2,,,
British Columbia,2022/3/1,Health care and social assistance,,,,,15.2,,,
British Columbia,2022/4/1,Health care and social assistance,,,,,15.2,,,
British Columbia,2022/5/1,Health care and social assistance,,,,,15.2,,,
British Columbia,2022/6/1,Health care and social assistance,,,,,15.65,,,
British Columbia,2022/7/1,Health care and social assistance,,,,,15.65,,,
British Columbia,2022/8/1,Health care and social assistance,,,,,15.65,,,
British Columbia,2022/9/1,Health care and social assistance,,,,,15.65,,,
British Columbia,2022/10/1,Health care and social assistance,,,,,15.65,,,
British Columbia,2022/11/1,Health care and social assistance,,,,,15.65,,,
British Columbia,2022/12/1,Health care and social assistance,,,,,15.65,,,
British Columbia,2023/1/1,Health care and social assistance,371.4,314.3,32.26,0.8462574044157244,15.65,9022641,148.1,5432939
British Columbia,2023/2/1,Health care and social assistance,380.7,329.4,32.54,0.8652482269503545,15.65,8710353,149.1,5432939
British Columbia,2023/3/1,Health care and social assistance,374.2,323.5,32.88,0.864510956707643,15.65,9017594,149.7,5432939
British Columbia,2023/4/1,Health care and social assistance,371,313.3,32.86,0.8444743935309973,15.65,8790084,150.4,5466566
British Columbia,2023/5/1,Health care and social assistance,382.8,328.8,33.34,0.8589341692789969,15.65,9059680,151,5466566
British Columbia,2023/6/1,Health care and social assistance,394.4,334.2,33.52,0.8473630831643002,16.75,8953609,151.6,5466566
British Columbia,2023/7/1,Health care and social assistance,396.4,344.6,34.29,0.8693239152371344,16.75,9036552,152.1,5515296
British Columbia,2023/8/1,Health care and social assistance,391,330.4,34.64,0.8450127877237851,16.75,9034157,152.6,5515296
British Columbia,2023/9/1,Health care and social assistance,388.1,330.3,35.82,0.8510693120329812,16.75,9059493,152.7,5515296
British Columbia,2023/10/1,Health care and social assistance,393.7,331,35.69,0.840741681483363,16.75,8973848,152.6,5572694
British Columbia,2023/11/1,Health care and social assistance,402.3,331.5,36.53,0.8240119313944817,16.75,9078007,152.8,5572694
British Columbia,2023/12/1,Health care and social assistance,414.3,344.7,35.93,0.8320057929036929,16.75,9030013,152.1,5572694
British Columbia,2024/1/1,Health care and social assistance,409.2,343,36.15,0.8382209188660802,16.75,8602072,152.6,5601024
British Columbia,2024/2/1,Health care and social assistance,412.1,347.4,36.01,0.8429992720213539,16.75,8979918,153,5601024
British Columbia,2024/3/1,Health care and social assistance,420,353.2,35.35,0.8409523809523809,16.75,8960322,153.8,5601024
British Columbia,2024/4/1,Health care and social assistance,419,356.9,35.39,0.8517899761336515,16.75,9041785,154.7,5638043
British Columbia,2024/5/1,Health care and social assistance,423.3,356.1,36.5,0.8412473423104182,16.75,8926423,155.4,5638043
British Columbia,2024/6/1,Health care and social assistance,416.3,346.6,36.45,0.832572663944271,17.4,8898870,155.5,5638043
British Columbia,2024/7/1,Health care and social assistance,417.8,355.3,36.49,0.850406893250359,17.4,9015739,156.4,5671114
British Columbia,2024/8/1,Health care and social assistance,415.1,347.9,36.26,0.8381112984822934,17.4,9022425,156.2,5671114
British Columbia,2024/9/1,Health care and social assistance,410.8,351.6,36.75,0.8558909444985394,17.4,9123075,155.8,5671114
British Columbia,2024/10/1,Health care and social assistance,414.3,352.8,37,0.8515568428674873,17.4,9202925,156.2,5696852
British Columbia,2024/11/1,Health care and social assistance,414.2,355,36.07,0.8570738773539354,17.4,9252003,156.3,5696852
British Columbia,2024/12/1,Health care and social assistance,419.2,354.1,36.55,0.8447041984732825,17.4,9358028,156.1,5696852
British Columbia,2025/1/1,Health care and social assistance,413.3,347.7,37.24,0.8412775223808371,17.4,9449274,156,5699989
British Columbia,2025/2/1,Health care and social assistance,415.4,350.7,37.62,0.8442465093885412,17.4,9383484,157.6,5699989
British Columbia,2025/3/1,Health care and social assistance,427,356.6,37.67,0.835128805620609,17.4,9463479,157.8,5699989
British Columbia,2025/4/1,Health care and social assistance,421.4,353.3,37.82,0.8383958234456574,17.4,9640333,157.8,5699690
British Columbia,2025/5/1,Health care and social assistance,432.4,365.1,37.79,0.8443570767807587,17.4,9615788,159,5699690
British Columbia,2025/6/1,Health care and social assistance,428.3,362.8,38.22,0.8470698108802241,17.85,9770810,158.8,5699690
British Columbia,2025/7/1,Health care and social assistance,426.8,358.5,37.85,0.8399718837863167,17.85,9650716,159.1,5697536
British Columbia,2025/8/1,Health care and social assistance,425.5,349.4,38.51,0.8211515863689777,17.85,9646356,159,5697536
British Columbia,2025/9/1,Health care and social assistance,417.2,350.4,39.01,0.8398849472674975,17.85,,158.8,5697536
British Columbia,2022/1/1,"Information, culture and recreation",,,,,15.2,,,
British Columbia,2022/2/1,"Information, culture and recreation",,,,,15.2,,,
British Columbia,2022/3/1,"Information, culture and recreation",,,,,15.2,,,
British Columbia,2022/4/1,"Information, culture and recreation",,,,,15.2,,,
British Columbia,2022/5/1,"Information, culture and recreation",,,,,15.2,,,
British Columbia,2022/6/1,"Information, culture and recreation",,,,,15.65,,,
British Columbia,2022/7/1,"Information, culture and recreation",,,,,15.65,,,
British Columbia,2022/8/1,"Information, culture and recreation",,,,,15.65,,,
British Columbia,2022/9/1,"Information, culture and recreation",,,,,15.65,,,
British Columbia,2022/10/1,"Information, culture and recreation",,,,,15.65,,,
British Columbia,2022/11/1,"Information, culture and recreation",,,,,15.65,,,
British Columbia,2022/12/1,"Information, culture and recreation",,,,,15.65,,,
British Columbia,2023/1/1,"Information, culture and recreation",156.4,115.4,31.39,0.7378516624040921,15.65,9022641,148.1,5432939
British Columbia,2023/2/1,"Information, culture and recreation",151.8,114.9,33.79,0.7569169960474308,15.65,8710353,149.1,5432939
British Columbia,2023/3/1,"Information, culture and recreation",160.1,118.9,33.21,0.7426608369768896,15.65,9017594,149.7,5432939
British Columbia,2023/4/1,"Information, culture and recreation",148.1,102.5,34.68,0.6920999324780553,15.65,8790084,150.4,5466566
British Columbia,2023/5/1,"Information, culture and recreation",145.6,108.7,35.04,0.7465659340659341,15.65,9059680,151,5466566
British Columbia,2023/6/1,"Information, culture and recreation",151.7,115.5,34.36,0.7613711272247858,16.75,8953609,151.6,5466566
British Columbia,2023/7/1,"Information, culture and recreation",154.2,111,34.55,0.7198443579766538,16.75,9036552,152.1,5515296
British Columbia,2023/8/1,"Information, culture and recreation",153.4,117.7,33.86,0.7672750977835724,16.75,9034157,152.6,5515296
British Columbia,2023/9/1,"Information, culture and recreation",153.1,117.6,35.09,0.768125408229915,16.75,9059493,152.7,5515296
British Columbia,2023/10/1,"Information, culture and recreation",148.8,110.3,34.76,0.741263440860215,16.75,8973848,152.6,5572694
British Columbia,2023/11/1,"Information, culture and recreation",147.1,107.5,35.64,0.7307953772943576,16.75,9078007,152.8,5572694
British Columbia,2023/12/1,"Information, culture and recreation",155.9,126.1,35.3,0.8088518280949326,16.75,9030013,152.1,5572694
British Columbia,2024/1/1,"Information, culture and recreation",158.3,120.5,36.81,0.7612128869235628,16.75,8602072,152.6,5601024
British Columbia,2024/2/1,"Information, culture and recreation",160.9,127.5,34.02,0.7924176507147296,16.75,8979918,153,5601024
British Columbia,2024/3/1,"Information, culture and recreation",163.4,118.3,34.97,0.7239902080783354,16.75,8960322,153.8,5601024
British Columbia,2024/4/1,"Information, culture and recreation",171.3,135.3,34.41,0.7898423817863398,16.75,9041785,154.7,5638043
British Columbia,2024/5/1,"Information, culture and recreation",162.9,123.7,36.93,0.7593615715162676,16.75,8926423,155.4,5638043
British Columbia,2024/6/1,"Information, culture and recreation",164.4,127.7,36.7,0.7767639902676399,17.4,8898870,155.5,5638043
British Columbia,2024/7/1,"Information, culture and recreation",166.5,128.9,37.57,0.7741741741741742,17.4,9015739,156.4,5671114
British Columbia,2024/8/1,"Information, culture and recreation",164.1,132.6,37.07,0.8080438756855576,17.4,9022425,156.2,5671114
British Columbia,2024/9/1,"Information, culture and recreation",150.2,118.4,38.24,0.7882822902796273,17.4,9123075,155.8,5671114
British Columbia,2024/10/1,"Information, culture and recreation",152,118.9,37.94,0.7822368421052632,17.4,9202925,156.2,5696852
British Columbia,2024/11/1,"Information, culture and recreation",149.7,109.3,37.16,0.730126920507682,17.4,9252003,156.3,5696852
British Columbia,2024/12/1,"Information, culture and recreation",145.4,106.5,36.03,0.7324621733149931,17.4,9358028,156.1,5696852
British Columbia,2025/1/1,"Information, culture and recreation",148.8,105.7,36.25,0.7103494623655914,17.4,9449274,156,5699989
British Columbia,2025/2/1,"Information, culture and recreation",149.6,107.4,37.81,0.7179144385026739,17.4,9383484,157.6,5699989
British Columbia,2025/3/1,"Information, culture and recreation",154.1,112,35.32,0.72680077871512,17.4,9463479,157.8,5699989
British Columbia,2025/4/1,"Information, culture and recreation",153.2,115.2,35.06,0.751958224543081,17.4,9640333,157.8,5699690
British Columbia,2025/5/1,"Information, culture and recreation",153.4,116.4,36.15,0.758800521512386,17.4,9615788,159,5699690
British Columbia,2025/6/1,"Information, culture and recreation",152.2,114.1,36.86,0.7496714848883049,17.85,9770810,158.8,5699690
British Columbia,2025/7/1,"Information, culture and recreation",155.4,117.6,35.57,0.7567567567567567,17.85,9650716,159.1,5697536
British Columbia,2025/8/1,"Information, culture and recreation",136.5,106.4,36.09,0.7794871794871795,17.85,9646356,159,5697536
British Columbia,2025/9/1,"Information, culture and recreation",139.2,103.3,36.53,0.7420977011494253,17.85,,158.8,5697536
British Columbia,2022/1/1,Manufacturing,,,,,15.2,,,
British Columbia,2022/2/1,Manufacturing,,,,,15.2,,,
British Columbia,2022/3/1,Manufacturing,,,,,15.2,,,
British Columbia,2022/4/1,Manufacturing,,,,,15.2,,,
British Columbia,2022/5/1,Manufacturing,,,,,15.2,,,
British Columbia,2022/6/1,Manufacturing,,,,,15.65,,,
British Columbia,2022/7/1,Manufacturing,,,,,15.65,,,
British Columbia,2022/8/1,Manufacturing,,,,,15.65,,,
British Columbia,2022/9/1,Manufacturing,,,,,15.65,,,
British Columbia,2022/10/1,Manufacturing,,,,,15.65,,,
British Columbia,2022/11/1,Manufacturing,,,,,15.65,,,
British Columbia,2022/12/1,Manufacturing,,,,,15.65,,,
British Columbia,2023/1/1,Manufacturing,185.2,166.8,34.96,0.900647948164147,15.65,9022641,148.1,5432939
British Columbia,2023/2/1,Manufacturing,192.7,165.8,35.06,0.8604047742605087,15.65,8710353,149.1,5432939
British Columbia,2023/3/1,Manufacturing,187.6,168.6,35.42,0.8987206823027718,15.65,9017594,149.7,5432939
British Columbia,2023/4/1,Manufacturing,184.6,164.8,34.89,0.8927410617551463,15.65,8790084,150.4,5466566
British Columbia,2023/5/1,Manufacturing,182.4,159.6,34.94,0.8749999999999999,15.65,9059680,151,5466566
British Columbia,2023/6/1,Manufacturing,186.5,163.9,36.01,0.8788203753351207,16.75,8953609,151.6,5466566
British Columbia,2023/7/1,Manufacturing,180.8,163.2,35.81,0.902654867256637,16.75,9036552,152.1,5515296
British Columbia,2023/8/1,Manufacturing,179.4,154.1,35.36,0.8589743589743589,16.75,9034157,152.6,5515296
British Columbia,2023/9/1,Manufacturing,177.8,152.9,35.54,0.8599550056242969,16.75,9059493,152.7,5515296
British Columbia,2023/10/1,Manufacturing,176.7,151.4,34.23,0.856819468024901,16.75,8973848,152.6,5572694
British Columbia,2023/11/1,Manufacturing,191.1,172.3,34.74,0.9016221873364731,16.75,9078007,152.8,5572694
British Columbia,2023/12/1,Manufacturing,189,168.8,35.04,0.8931216931216932,16.75,9030013,152.1,5572694
British Columbia,2024/1/1,Manufacturing,184.6,161,35.44,0.8721560130010835,16.75,8602072,152.6,5601024
British Columbia,2024/2/1,Manufacturing,181.2,164.2,37.66,0.9061810154525386,16.75,8979918,153,5601024
British Columbia,2024/3/1,Manufacturing,187.2,170.6,36.26,0.9113247863247864,16.75,8960322,153.8,5601024
British Columbia,2024/4/1,Manufacturing,178.8,163.6,36.14,0.9149888143176732,16.75,9041785,154.7,5638043
British Columbia,2024/5/1,Manufacturing,186,168.7,34.72,0.906989247311828,16.75,8926423,155.4,5638043
British Columbia,2024/6/1,Manufacturing,189.2,177.6,35.57,0.9386892177589852,17.4,8898870,155.5,5638043
British Columbia,2024/7/1,Manufacturing,195.7,176.9,35.56,0.9039345937659684,17.4,9015739,156.4,5671114
British Columbia,2024/8/1,Manufacturing,186.5,169.5,35.39,0.9088471849865952,17.4,9022425,156.2,5671114
British Columbia,2024/9/1,Manufacturing,186.4,171.1,37.7,0.9179184549356224,17.4,9123075,155.8,5671114
British Columbia,2024/10/1,Manufacturing,186.3,166.6,36.33,0.8942565754159956,17.4,9202925,156.2,5696852
British Columbia,2024/11/1,Manufacturing,177.9,165.2,36.98,0.9286115795390668,17.4,9252003,156.3,5696852
British Columbia,2024/12/1,Manufacturing,187.7,175.3,37.22,0.933937133724028,17.4,9358028,156.1,5696852
British Columbia,2025/1/1,Manufacturing,195.2,177,37.63,0.9067622950819672,17.4,9449274,156,5699989
British Columbia,2025/2/1,Manufacturing,193.7,176,37.18,0.9086215797625194,17.4,9383484,157.6,5699989
British Columbia,2025/3/1,Manufacturing,198.4,182.8,37.03,0.9213709677419356,17.4,9463479,157.8,5699989
British Columbia,2025/4/1,Manufacturing,195.8,179.8,37.48,0.9182839632277836,17.4,9640333,157.8,5699690
British Columbia,2025/5/1,Manufacturing,192.5,177,38.25,0.9194805194805196,17.4,9615788,159,5699690
British Columbia,2025/6/1,Manufacturing,192,180.4,37.07,0.9395833333333332,17.85,9770810,158.8,5699690
British Columbia,2025/7/1,Manufacturing,188.9,176.1,37.41,0.9322392800423503,17.85,9650716,159.1,5697536
British Columbia,2025/8/1,Manufacturing,191.9,175.4,37.16,0.9140177175612298,17.85,9646356,159,5697536
British Columbia,2025/9/1,Manufacturing,191.8,177.6,37.62,0.9259645464025024,17.85,,158.8,5697536
British Columbia,2022/1/1,Other services (except public administration),,,,,15.2,,,
British Columbia,2022/2/1,Other services (except public administration),,,,,15.2,,,
British Columbia,2022/3/1,Other services (except public administration),,,,,15.2,,,
British Columbia,2022/4/1,Other services (except public administration),,,,,15.2,,,
British Columbia,2022/5/1,Other services (except public administration),,,,,15.2,,,
British Columbia,2022/6/1,Other services (except public administration),,,,,15.65,,,
British Columbia,2022/7/1,Other services (except public administration),,,,,15.65,,,
British Columbia,2022/8/1,Other services (except public administration),,,,,15.65,,,
British Columbia,2022/9/1,Other services (except public administration),,,,,15.65,,,
British Columbia,2022/10/1,Other services (except public administration),,,,,15.65,,,
British Columbia,2022/11/1,Other services (except public administration),,,,,15.65,,,
British Columbia,2022/12/1,Other services (except public administration),,,,,15.65,,,
British Columbia,2023/1/1,Other services (except public administration),110.2,80.1,28.63,0.7268602540834845,15.65,9022641,148.1,5432939
British Columbia,2023/2/1,Other services (except public administration),108.4,81.7,30.1,0.753690036900369,15.65,8710353,149.1,5432939
British Columbia,2023/3/1,Other services (except public administration),108.5,81.5,28.74,0.7511520737327189,15.65,9017594,149.7,5432939
British Columbia,2023/4/1,Other services (except public administration),112.5,78.8,29.7,0.7004444444444444,15.65,8790084,150.4,5466566
British Columbia,2023/5/1,Other services (except public administration),113.8,77.2,29.89,0.6783831282952548,15.65,9059680,151,5466566
British Columbia,2023/6/1,Other services (except public administration),109.7,73.9,29.93,0.6736554238833182,16.75,8953609,151.6,5466566
British Columbia,2023/7/1,Other services (except public administration),114.3,84.3,30.14,0.7375328083989501,16.75,9036552,152.1,5515296
British Columbia,2023/8/1,Other services (except public administration),118.4,78.7,30.4,0.6646959459459459,16.75,9034157,152.6,5515296
British Columbia,2023/9/1,Other services (except public administration),120.2,81.2,31.1,0.6755407653910149,16.75,9059493,152.7,5515296
British Columbia,2023/10/1,Other services (except public administration),123,83.8,30.73,0.6813008130081301,16.75,8973848,152.6,5572694
British Columbia,2023/11/1,Other services (except public administration),121.5,82.1,30.94,0.6757201646090535,16.75,9078007,152.8,5572694
British Columbia,2023/12/1,Other services (except public administration),119.7,84.7,32.52,0.7076023391812866,16.75,9030013,152.1,5572694
British Columbia,2024/1/1,Other services (except public administration),126.6,87.3,32.11,0.6895734597156398,16.75,8602072,152.6,5601024
British Columbia,2024/2/1,Other services (except public administration),127.1,90.6,31.82,0.7128245476003147,16.75,8979918,153,5601024
British Columbia,2024/3/1,Other services (except public administration),128,91.2,33.56,0.7125,16.75,8960322,153.8,5601024
British Columbia,2024/4/1,Other services (except public administration),127.7,90.1,31.94,0.7055599060297572,16.75,9041785,154.7,5638043
British Columbia,2024/5/1,Other services (except public administration),123.9,87.6,32.73,0.7070217917675544,16.75,8926423,155.4,5638043
British Columbia,2024/6/1,Other services (except public administration),119.1,82,32.42,0.6884970612930311,17.4,8898870,155.5,5638043
British Columbia,2024/7/1,Other services (except public administration),122.8,84.1,32.58,0.6848534201954397,17.4,9015739,156.4,5671114
British Columbia,2024/8/1,Other services (except public administration),126.8,90.2,32.84,0.7113564668769716,17.4,9022425,156.2,5671114
British Columbia,2024/9/1,Other services (except public administration),120.7,83.2,32.21,0.6893123446561723,17.4,9123075,155.8,5671114
British Columbia,2024/10/1,Other services (except public administration),122.3,88.3,31.68,0.7219950940310711,17.4,9202925,156.2,5696852
British Columbia,2024/11/1,Other services (except public administration),116.5,82.6,32.11,0.7090128755364806,17.4,9252003,156.3,5696852
British Columbia,2024/12/1,Other services (except public administration),115.1,81.4,30.8,0.7072111207645526,17.4,9358028,156.1,5696852
British Columbia,2025/1/1,Other services (except public administration),115.4,83.1,32.53,0.7201039861351819,17.4,9449274,156,5699989
British Columbia,2025/2/1,Other services (except public administration),117.6,87.4,31.32,0.7431972789115647,17.4,9383484,157.6,5699989
British Columbia,2025/3/1,Other services (except public administration),108.8,81.2,31.37,0.7463235294117647,17.4,9463479,157.8,5699989
British Columbia,2025/4/1,Other services (except public administration),118.6,82.9,32.59,0.6989881956155144,17.4,9640333,157.8,5699690
British Columbia,2025/5/1,Other services (except public administration),111.2,77.7,33.1,0.6987410071942446,17.4,9615788,159,5699690
British Columbia,2025/6/1,Other services (except public administration),112.6,83,34.06,0.7371225577264654,17.85,9770810,158.8,5699690
British Columbia,2025/7/1,Other services (except public administration),122.4,90.3,31.92,0.7377450980392156,17.85,9650716,159.1,5697536
British Columbia,2025/8/1,Other services (except public administration),124.2,86.3,33.93,0.6948470209339774,17.85,9646356,159,5697536
British Columbia,2025/9/1,Other services (except public administration),122.8,83.4,33.83,0.6791530944625408,17.85,,158.8,5697536
British Columbia,2022/1/1,"Professional, scientific and technical services",,,,,15.2,,,
British Columbia,2022/2/1,"Professional, scientific and technical services",,,,,15.2,,,
British Columbia,2022/3/1,"Professional, scientific and technical services",,,,,15.2,,,
British Columbia,2022/4/1,"Professional, scientific and technical services",,,,,15.2,,,
British Columbia,2022/5/1,"Professional, scientific and technical services",,,,,15.2,,,
British Columbia,2022/6/1,"Professional, scientific and technical services",,,,,15.65,,,
British Columbia,2022/7/1,"Professional, scientific and technical services",,,,,15.65,,,
British Columbia,2022/8/1,"Professional, scientific and technical services",,,,,15.65,,,
British Columbia,2022/9/1,"Professional, scientific and technical services",,,,,15.65,,,
British Columbia,2022/10/1,"Professional, scientific and technical services",,,,,15.65,,,
British Columbia,2022/11/1,"Professional, scientific and technical services",,,,,15.65,,,
British Columbia,2022/12/1,"Professional, scientific and technical services",,,,,15.65,,,
British Columbia,2023/1/1,"Professional, scientific and technical services",280.1,202.3,46.95,0.7222420564084255,15.65,9022641,148.1,5432939
British Columbia,2023/2/1,"Professional, scientific and technical services",284.6,201,46.38,0.7062543921293042,15.65,8710353,149.1,5432939
British Columbia,2023/3/1,"Professional, scientific and technical services",284.1,198.2,45.64,0.697641675466385,15.65,9017594,149.7,5432939
British Columbia,2023/4/1,"Professional, scientific and technical services",283.7,196.3,46.66,0.6919280930560452,15.65,8790084,150.4,5466566
British Columbia,2023/5/1,"Professional, scientific and technical services",289.7,207.5,46.13,0.7162581981360028,15.65,9059680,151,5466566
British Columbia,2023/6/1,"Professional, scientific and technical services",295.6,212.8,46.26,0.7198917456021651,16.75,8953609,151.6,5466566
British Columbia,2023/7/1,"Professional, scientific and technical services",310.3,209.6,46.4,0.67547534643893,16.75,9036552,152.1,5515296
British Columbia,2023/8/1,"Professional, scientific and technical services",307.3,216.1,47.34,0.7032216075496257,16.75,9034157,152.6,5515296
British Columbia,2023/9/1,"Professional, scientific and technical services",313.5,223.6,47.02,0.713237639553429,16.75,9059493,152.7,5515296
British Columbia,2023/10/1,"Professional, scientific and technical services",325.9,237.2,46.64,0.7278306228904572,16.75,8973848,152.6,5572694
British Columbia,2023/11/1,"Professional, scientific and technical services",303.9,219.6,47.23,0.7226061204343535,16.75,9078007,152.8,5572694
British Columbia,2023/12/1,"Professional, scientific and technical services",309.4,213,46.03,0.6884292178409825,16.75,9030013,152.1,5572694
British Columbia,2024/1/1,"Professional, scientific and technical services",304.9,210.6,49.81,0.6907182682846835,16.75,8602072,152.6,5601024
British Columbia,2024/2/1,"Professional, scientific and technical services",310.4,215.4,50.22,0.6939432989690723,16.75,8979918,153,5601024
British Columbia,2024/3/1,"Professional, scientific and technical services",309.5,209.7,50.34,0.6775444264943457,16.75,8960322,153.8,5601024
British Columbia,2024/4/1,"Professional, scientific and technical services",312.1,211.6,51.71,0.6779878244152514,16.75,9041785,154.7,5638043
British Columbia,2024/5/1,"Professional, scientific and technical services",321.2,223.5,51.81,0.6958281444582815,16.75,8926423,155.4,5638043
British Columbia,2024/6/1,"Professional, scientific and technical services",311.4,217.7,52.28,0.6991008349389852,17.4,8898870,155.5,5638043
British Columbia,2024/7/1,"Professional, scientific and technical services",306.6,214.9,52.26,0.7009132420091324,17.4,9015739,156.4,5671114
British Columbia,2024/8/1,"Professional, scientific and technical services",312,214.5,51.49,0.6875,17.4,9022425,156.2,5671114
British Columbia,2024/9/1,"Professional, scientific and technical services",307.3,216.2,49.89,0.7035470224536283,17.4,9123075,155.8,5671114
British Columbia,2024/10/1,"Professional, scientific and technical services",310,216.7,51.5,0.6990322580645161,17.4,9202925,156.2,5696852
British Columbia,2024/11/1,"Professional, scientific and technical services",316.2,217.6,50.07,0.6881720430107527,17.4,9252003,156.3,5696852
British Columbia,2024/12/1,"Professional, scientific and technical services",322.2,217,49.57,0.6734947237740534,17.4,9358028,156.1,5696852
British Columbia,2025/1/1,"Professional, scientific and technical services",326.8,218.2,49.01,0.6676866585067319,17.4,9449274,156,5699989
British Columbia,2025/2/1,"Professional, scientific and technical services",321.7,216.9,49.53,0.674230649673609,17.4,9383484,157.6,5699989
British Columbia,2025/3/1,"Professional, scientific and technical services",327.3,215.2,50.13,0.6575007638252367,17.4,9463479,157.8,5699989
British Columbia,2025/4/1,"Professional, scientific and technical services",321,213.7,51.4,0.6657320872274143,17.4,9640333,157.8,5699690
British Columbia,2025/5/1,"Professional, scientific and technical services",330.2,224.9,49.93,0.6811023622047244,17.4,9615788,159,5699690
British Columbia,2025/6/1,"Professional, scientific and technical services",331.8,226.4,48.48,0.6823387582881254,17.85,9770810,158.8,5699690
British Columbia,2025/7/1,"Professional, scientific and technical services",331.1,225.9,50.08,0.6822712171549381,17.85,9650716,159.1,5697536
British Columbia,2025/8/1,"Professional, scientific and technical services",325.7,222.3,49.68,0.682529935523488,17.85,9646356,159,5697536
British Columbia,2025/9/1,"Professional, scientific and technical services",316,223.9,49.64,0.7085443037974684,17.85,,158.8,5697536
British Columbia,2022/1/1,Public administration,,,,,15.2,,,
British Columbia,2022/2/1,Public administration,,,,,15.2,,,
British Columbia,2022/3/1,Public administration,,,,,15.2,,,
British Columbia,2022/4/1,Public administration,,,,,15.2,,,
British Columbia,2022/5/1,Public administration,,,,,15.2,,,
British Columbia,2022/6/1,Public administration,,,,,15.65,,,
British Columbia,2022/7/1,Public administration,,,,,15.65,,,
British Columbia,2022/8/1,Public administration,,,,,15.65,,,
British Columbia,2022/9/1,Public administration,,,,,15.65,,,
British Columbia,2022/10/1,Public administration,,,,,15.65,,,
British Columbia,2022/11/1,Public administration,,,,,15.65,,,
British Columbia,2022/12/1,Public administration,,,,,15.65,,,
British Columbia,2023/1/1,Public administration,141.3,140.7,42.09,0.9957537154989384,15.65,9022641,148.1,5432939
British Columbia,2023/2/1,Public administration,140.5,139,42.38,0.98932384341637,15.65,8710353,149.1,5432939
British Columbia,2023/3/1,Public administration,139.2,136.7,41.52,0.9820402298850576,15.65,9017594,149.7,5432939
British Columbia,2023/4/1,Public administration,142.1,139.6,42.13,0.9824067558057706,15.65,8790084,150.4,5466566
British Columbia,2023/5/1,Public administration,144.7,143.5,42.36,0.991706979958535,15.65,9059680,151,5466566
British Columbia,2023/6/1,Public administration,144.5,142.1,41.64,0.9833910034602076,16.75,8953609,151.6,5466566
British Columbia,2023/7/1,Public administration,149.5,146.6,41.14,0.9806020066889632,16.75,9036552,152.1,5515296
British Columbia,2023/8/1,Public administration,149.7,148.6,40.83,0.9926519706078824,16.75,9034157,152.6,5515296
British Columbia,2023/9/1,Public administration,143.9,143.2,42.62,0.9951355107713687,16.75,9059493,152.7,5515296
British Columbia,2023/10/1,Public administration,149,146.9,42.32,0.9859060402684564,16.75,8973848,152.6,5572694
British Columbia,2023/11/1,Public administration,149.7,147.3,42.57,0.9839679358717436,16.75,9078007,152.8,5572694
British Columbia,2023/12/1,Public administration,150.9,148.5,43.81,0.9840954274353876,16.75,9030013,152.1,5572694
British Columbia,2024/1/1,Public administration,154.8,153.7,44.88,0.9928940568475452,16.75,8602072,152.6,5601024
British Columbia,2024/2/1,Public administration,154.9,153.7,44.62,0.9922530664945124,16.75,8979918,153,5601024
British Columbia,2024/3/1,Public administration,154.3,152.1,44.6,0.985742060920285,16.75,8960322,153.8,5601024
British Columbia,2024/4/1,Public administration,152.6,150.6,45.86,0.9868938401048492,16.75,9041785,154.7,5638043
British Columbia,2024/5/1,Public administration,155,153.9,47.37,0.9929032258064516,16.75,8926423,155.4,5638043
British Columbia,2024/6/1,Public administration,159.8,157.5,46.29,0.9856070087609512,17.4,8898870,155.5,5638043
British Columbia,2024/7/1,Public administration,161.6,159.9,46.17,0.989480198019802,17.4,9015739,156.4,5671114
British Columbia,2024/8/1,Public administration,159.2,156.2,44.77,0.9811557788944724,17.4,9022425,156.2,5671114
British Columbia,2024/9/1,Public administration,157.8,156.5,46.05,0.9917617237008872,17.4,9123075,155.8,5671114
British Columbia,2024/10/1,Public administration,159.4,158,45.31,0.9912170639899625,17.4,9202925,156.2,5696852
British Columbia,2024/11/1,Public administration,150.5,148.4,46.1,0.986046511627907,17.4,9252003,156.3,5696852
British Columbia,2024/12/1,Public administration,148.3,145.5,47.26,0.9811193526635198,17.4,9358028,156.1,5696852
British Columbia,2025/1/1,Public administration,157.1,154.2,47.22,0.9815404201145768,17.4,9449274,156,5699989
British Columbia,2025/2/1,Public administration,155.7,151.6,49,0.9736673089274246,17.4,9383484,157.6,5699989
British Columbia,2025/3/1,Public administration,155.4,152.2,47.99,0.9794079794079792,17.4,9463479,157.8,5699989
British Columbia,2025/4/1,Public administration,164.2,159.1,47.82,0.9689403166869672,17.4,9640333,157.8,5699690
British Columbia,2025/5/1,Public administration,164.9,160.3,48.7,0.9721043056397816,17.4,9615788,159,5699690
British Columbia,2025/6/1,Public administration,165.9,162.2,48.41,0.9776974080771548,17.85,9770810,158.8,5699690
British Columbia,2025/7/1,Public administration,164.2,160.5,48.77,0.977466504263094,17.85,9650716,159.1,5697536
British Columbia,2025/8/1,Public administration,162.7,158.3,47.78,0.9729563614013524,17.85,9646356,159,5697536
British Columbia,2025/9/1,Public administration,158.3,156,47.86,0.98547062539482,17.85,,158.8,5697536
British Columbia,2022/1/1,Services-producing sector,,,,,15.2,,,
British Columbia,2022/2/1,Services-producing sector,,,,,15.2,,,
British Columbia,2022/3/1,Services-producing sector,,,,,15.2,,,
British Columbia,2022/4/1,Services-producing sector,,,,,15.2,,,
British Columbia,2022/5/1,Services-producing sector,,,,,15.2,,,
British Columbia,2022/6/1,Services-producing sector,,,,,15.65,,,
British Columbia,2022/7/1,Services-producing sector,,,,,15.65,,,
British Columbia,2022/8/1,Services-producing sector,,,,,15.65,,,
British Columbia,2022/9/1,Services-producing sector,,,,,15.65,,,
British Columbia,2022/10/1,Services-producing sector,,,,,15.65,,,
British Columbia,2022/11/1,Services-producing sector,,,,,15.65,,,
British Columbia,2022/12/1,Services-producing sector,,,,,15.65,,,
British Columbia,2023/1/1,Services-producing sector,2328.2,1919.6,33.48,0.8244996134352719,15.65,9022641,148.1,5432939
British Columbia,2023/2/1,Services-producing sector,2342.1,1929.9,33.57,0.8240040988856155,15.65,8710353,149.1,5432939
British Columbia,2023/3/1,Services-producing sector,2355.2,1951,33.2,0.8283797554347827,15.65,9017594,149.7,5432939
British Columbia,2023/4/1,Services-producing sector,2379.3,1954.3,33.68,0.8213760349682679,15.65,8790084,150.4,5466566
British Columbia,2023/5/1,Services-producing sector,2410.1,1996.5,33.87,0.8283888635326335,15.65,9059680,151,5466566
British Columbia,2023/6/1,Services-producing sector,2427.1,2000.1,33.84,0.8240698776317416,16.75,8953609,151.6,5466566
British Columbia,2023/7/1,Services-producing sector,2444.3,1998,33.93,0.8174119379781531,16.75,9036552,152.1,5515296
British Columbia,2023/8/1,Services-producing sector,2463.9,2012.1,34.34,0.8166321685133324,16.75,9034157,152.6,5515296
British Columbia,2023/9/1,Services-producing sector,2461,2027.8,35.32,0.8239739943112556,16.75,9059493,152.7,5515296
British Columbia,2023/10/1,Services-producing sector,2459.8,2018.6,35.39,0.8206358240507358,16.75,8973848,152.6,5572694
British Columbia,2023/11/1,Services-producing sector,2453.3,2008.3,35.52,0.8186116659193738,16.75,9078007,152.8,5572694
British Columbia,2023/12/1,Services-producing sector,2461.7,2018.9,35.53,0.8201243043425276,16.75,9030013,152.1,5572694
British Columbia,2024/1/1,Services-producing sector,2449.6,2008,36.03,0.8197256694970608,16.75,8602072,152.6,5601024
British Columbia,2024/2/1,Services-producing sector,2460.3,2016.1,36,0.8194529122464739,16.75,8979918,153,5601024
British Columbia,2024/3/1,Services-producing sector,2491.2,2007.9,36.06,0.8059971098265897,16.75,8960322,153.8,5601024
British Columbia,2024/4/1,Services-producing sector,2497.8,2051.3,35.92,0.821242693570342,16.75,9041785,154.7,5638043
British Columbia,2024/5/1,Services-producing sector,2516.1,2055.2,36.83,0.8168196812527324,16.75,8926423,155.4,5638043
British Columbia,2024/6/1,Services-producing sector,2509.2,2063.8,36.43,0.8224932249322494,17.4,8898870,155.5,5638043
British Columbia,2024/7/1,Services-producing sector,2469.4,2017.1,36.52,0.8168380983234793,17.4,9015739,156.4,5671114
British Columbia,2024/8/1,Services-producing sector,2494.2,2027.5,36.02,0.8128858952770428,17.4,9022425,156.2,5671114
British Columbia,2024/9/1,Services-producing sector,2454.6,2022,36.3,0.823759472011733,17.4,9123075,155.8,5671114
British Columbia,2024/10/1,Services-producing sector,2466.8,2041.4,36.38,0.8275498621696125,17.4,9202925,156.2,5696852
British Columbia,2024/11/1,Services-producing sector,2470,2030.2,35.86,0.8219433198380567,17.4,9252003,156.3,5696852
British Columbia,2024/12/1,Services-producing sector,2475.7,2026.9,36.22,0.8187179383608677,17.4,9358028,156.1,5696852
British Columbia,2025/1/1,Services-producing sector,2489.9,2012.3,36.99,0.8081850676734005,17.4,9449274,156,5699989
British Columbia,2025/2/1,Services-producing sector,2493.3,2023.5,37.45,0.8115750210564312,17.4,9383484,157.6,5699989
British Columbia,2025/3/1,Services-producing sector,2524,2031.3,37.24,0.8047939778129952,17.4,9463479,157.8,5699989
British Columbia,2025/4/1,Services-producing sector,2517.2,2047.2,37.68,0.813284601938662,17.4,9640333,157.8,5699690
British Columbia,2025/5/1,Services-producing sector,2545.7,2061.3,37.67,0.8097183485878149,17.4,9615788,159,5699690
British Columbia,2025/6/1,Services-producing sector,2546.6,2082.7,37.25,0.8178355454331265,17.85,9770810,158.8,5699690
British Columbia,2025/7/1,Services-producing sector,2526.3,2050.4,37.28,0.8116217393025373,17.85,9650716,159.1,5697536
British Columbia,2025/8/1,Services-producing sector,2512.5,2026.1,37.23,0.806407960199005,17.85,9646356,159,5697536
British Columbia,2025/9/1,Services-producing sector,2494.2,2058.4,37.55,0.8252746371582071,17.85,,158.8,5697536
British Columbia,2022/1/1,"Total, all industries",,,,,15.2,,,
British Columbia,2022/2/1,"Total, all industries",,,,,15.2,,,
British Columbia,2022/3/1,"Total, all industries",,,,,15.2,,,
British Columbia,2022/4/1,"Total, all industries",,,,,15.2,,,
British Columbia,2022/5/1,"Total, all industries",,,,,15.2,,,
British Columbia,2022/6/1,"Total, all industries",,,,,15.65,,,
British Columbia,2022/7/1,"Total, all industries",,,,,15.65,,,
British Columbia,2022/8/1,"Total, all industries",,,,,15.65,,,
British Columbia,2022/9/1,"Total, all industries",,,,,15.65,,,
British Columbia,2022/10/1,"Total, all industries",,,,,15.65,,,
British Columbia,2022/11/1,"Total, all industries",,,,,15.65,,,
British Columbia,2022/12/1,"Total, all industries",,,,,15.65,,,
British Columbia,2023/1/1,"Total, all industries",2913.4,2333.2,34.06,0.80085123910208,15.65,9022641,148.1,5432939
British Columbia,2023/2/1,"Total, all industries",2952.5,2344.8,34.18,0.7941744284504658,15.65,8710353,149.1,5432939
British Columbia,2023/3/1,"Total, all industries",2950.9,2369.8,33.78,0.8030770273475889,15.65,9017594,149.7,5432939
British Columbia,2023/4/1,"Total, all industries",2966.1,2371.4,34.24,0.799501028286302,15.65,8790084,150.4,5466566
British Columbia,2023/5/1,"Total, all industries",3008,2412.9,34.29,0.8021609042553192,15.65,9059680,151,5466566
British Columbia,2023/6/1,"Total, all industries",3030.6,2414.8,34.29,0.7968059130205241,16.75,8953609,151.6,5466566
British Columbia,2023/7/1,"Total, all industries",3033.5,2403.8,34.45,0.7924179990110434,16.75,9036552,152.1,5515296
British Columbia,2023/8/1,"Total, all industries",3045.4,2416.7,34.78,0.793557496552177,16.75,9034157,152.6,5515296
British Columbia,2023/9/1,"Total, all industries",3032.7,2427.5,35.66,0.8004418504962575,16.75,9059493,152.7,5515296
British Columbia,2023/10/1,"Total, all industries",3031.2,2424.2,35.67,0.7997492742148324,16.75,8973848,152.6,5572694
British Columbia,2023/11/1,"Total, all industries",3037.6,2433.4,35.8,0.8010929681327364,16.75,9078007,152.8,5572694
British Columbia,2023/12/1,"Total, all industries",3044.8,2439.8,35.8,0.8013005780346821,16.75,9030013,152.1,5572694
British Columbia,2024/1/1,"Total, all industries",3036,2418.8,36.34,0.7967061923583664,16.75,8602072,152.6,5601024
British Columbia,2024/2/1,"Total, all industries",3046.4,2433.5,36.59,0.7988117121848739,16.75,8979918,153,5601024
British Columbia,2024/3/1,"Total, all industries",3081.4,2425.9,36.52,0.7872720192120465,16.75,8960322,153.8,5601024
British Columbia,2024/4/1,"Total, all industries",3083.7,2464.4,36.49,0.7991698284528327,16.75,9041785,154.7,5638043
British Columbia,2024/5/1,"Total, all industries",3120.6,2479.2,36.99,0.7944626033455104,16.75,8926423,155.4,5638043
British Columbia,2024/6/1,"Total, all industries",3114.7,2498.4,36.74,0.8021318265001446,17.4,8898870,155.5,5638043
British Columbia,2024/7/1,"Total, all industries",3117.2,2482.3,36.67,0.7963236237649174,17.4,9015739,156.4,5671114
British Columbia,2024/8/1,"Total, all industries",3122.6,2475.9,36.29,0.7928969448536477,17.4,9022425,156.2,5671114
British Columbia,2024/9/1,"Total, all industries",3075,2455.5,36.83,0.7985365853658537,17.4,9123075,155.8,5671114
British Columbia,2024/10/1,"Total, all industries",3083.3,2470.4,36.84,0.8012194726429475,17.4,9202925,156.2,5696852
British Columbia,2024/11/1,"Total, all industries",3073.2,2455.6,36.54,0.7990368345698295,17.4,9252003,156.3,5696852
British Columbia,2024/12/1,"Total, all industries",3076.4,2461.4,36.92,0.8000910154726304,17.4,9358028,156.1,5696852
British Columbia,2025/1/1,"Total, all industries",3102.2,2438.2,37.53,0.7859583521371929,17.4,9449274,156,5699989
British Columbia,2025/2/1,"Total, all industries",3103.1,2452.1,37.89,0.7902097902097902,17.4,9383484,157.6,5699989
British Columbia,2025/3/1,"Total, all industries",3131.5,2473.2,37.64,0.7897812549896215,17.4,9463479,157.8,5699989
British Columbia,2025/4/1,"Total, all industries",3142.7,2484.2,38.24,0.790466796067076,17.4,9640333,157.8,5699690
British Columbia,2025/5/1,"Total, all industries",3191.4,2514.1,38.07,0.7877733909882809,17.4,9615788,159,5699690
British Columbia,2025/6/1,"Total, all industries",3178.9,2532.8,37.62,0.7967535940105068,17.85,9770810,158.8,5699690
British Columbia,2025/7/1,"Total, all industries",3164.3,2498.9,37.75,0.7897165249818285,17.85,9650716,159.1,5697536
British Columbia,2025/8/1,"Total, all industries",3165.6,2482.6,37.58,0.7842431134698004,17.85,9646356,159,5697536
British Columbia,2025/9/1,"Total, all industries",3134.1,2515,37.94,0.8024632270827351,17.85,,158.8,5697536
British Columbia,2022/1/1,Transportation and warehousing,,,,,15.2,,,
British Columbia,2022/2/1,Transportation and warehousing,,,,,15.2,,,
British Columbia,2022/3/1,Transportation and warehousing,,,,,15.2,,,
British Columbia,2022/4/1,Transportation and warehousing,,,,,15.2,,,
British Columbia,2022/5/1,Transportation and warehousing,,,,,15.2,,,
British Columbia,2022/6/1,Transportation and warehousing,,,,,15.65,,,
British Columbia,2022/7/1,Transportation and warehousing,,,,,15.65,,,
British Columbia,2022/8/1,Transportation and warehousing,,,,,15.65,,,
British Columbia,2022/9/1,Transportation and warehousing,,,,,15.65,,,
British Columbia,2022/10/1,Transportation and warehousing,,,,,15.65,,,
British Columbia,2022/11/1,Transportation and warehousing,,,,,15.65,,,
British Columbia,2022/12/1,Transportation and warehousing,,,,,15.65,,,
British Columbia,2023/1/1,Transportation and warehousing,139.7,120.4,36.44,0.8618468146027203,15.65,9022641,148.1,5432939
British Columbia,2023/2/1,Transportation and warehousing,136.3,115.4,35.05,0.846661775495231,15.65,8710353,149.1,5432939
British Columbia,2023/3/1,Transportation and warehousing,144.3,126.9,35,0.8794178794178794,15.65,9017594,149.7,5432939
British Columbia,2023/4/1,Transportation and warehousing,141.3,125.7,36.66,0.8895966029723991,15.65,8790084,150.4,5466566
British Columbia,2023/5/1,Transportation and warehousing,151.8,135.3,35.36,0.8913043478260869,15.65,9059680,151,5466566
British Columbia,2023/6/1,Transportation and warehousing,151.6,129.5,35.91,0.8542216358839051,16.75,8953609,151.6,5466566
British Columbia,2023/7/1,Transportation and warehousing,147.9,124,36.78,0.8384043272481406,16.75,9036552,152.1,5515296
British Columbia,2023/8/1,Transportation and warehousing,160.6,138.2,37.13,0.8605230386052304,16.75,9034157,152.6,5515296
British Columbia,2023/9/1,Transportation and warehousing,159.9,137.7,37.74,0.8611632270168854,16.75,9059493,152.7,5515296
British Columbia,2023/10/1,Transportation and warehousing,157.8,128.5,37.21,0.8143219264892269,16.75,8973848,152.6,5572694
British Columbia,2023/11/1,Transportation and warehousing,159,132.6,37.14,0.8339622641509433,16.75,9078007,152.8,5572694
British Columbia,2023/12/1,Transportation and warehousing,157,131.8,37.08,0.8394904458598726,16.75,9030013,152.1,5572694
British Columbia,2024/1/1,Transportation and warehousing,157.1,129.5,38.8,0.8243157224697645,16.75,8602072,152.6,5601024
British Columbia,2024/2/1,Transportation and warehousing,156.4,122,37.65,0.7800511508951407,16.75,8979918,153,5601024
British Columbia,2024/3/1,Transportation and warehousing,157.1,124.1,37.7,0.7899427116486314,16.75,8960322,153.8,5601024
British Columbia,2024/4/1,Transportation and warehousing,161.4,133.1,35.25,0.8246592317224287,16.75,9041785,154.7,5638043
British Columbia,2024/5/1,Transportation and warehousing,162.9,132,34.69,0.8103130755064456,16.75,8926423,155.4,5638043
British Columbia,2024/6/1,Transportation and warehousing,162,135.6,35.68,0.837037037037037,17.4,8898870,155.5,5638043
British Columbia,2024/7/1,Transportation and warehousing,163.5,133.2,34.02,0.8146788990825687,17.4,9015739,156.4,5671114
British Columbia,2024/8/1,Transportation and warehousing,167.7,137.9,36.1,0.8223017292784736,17.4,9022425,156.2,5671114
British Columbia,2024/9/1,Transportation and warehousing,163.1,132.4,37.28,0.8117719190680565,17.4,9123075,155.8,5671114
British Columbia,2024/10/1,Transportation and warehousing,154.1,122.1,39.16,0.7923426346528228,17.4,9202925,156.2,5696852
British Columbia,2024/11/1,Transportation and warehousing,155,125.6,37.36,0.8103225806451613,17.4,9252003,156.3,5696852
British Columbia,2024/12/1,Transportation and warehousing,161.1,128.7,37.78,0.7988826815642458,17.4,9358028,156.1,5696852
British Columbia,2025/1/1,Transportation and warehousing,163.9,129,41.32,0.787065283709579,17.4,9449274,156,5699989
British Columbia,2025/2/1,Transportation and warehousing,161.8,122.1,38.36,0.7546353522867737,17.4,9383484,157.6,5699989
British Columbia,2025/3/1,Transportation and warehousing,178.3,135.7,38.1,0.7610768367919236,17.4,9463479,157.8,5699989
British Columbia,2025/4/1,Transportation and warehousing,175.5,141.3,38.3,0.8051282051282052,17.4,9640333,157.8,5699690
British Columbia,2025/5/1,Transportation and warehousing,169.9,134.8,38.85,0.7934078869923484,17.4,9615788,159,5699690
British Columbia,2025/6/1,Transportation and warehousing,164.3,132.1,37.47,0.804017041996348,17.85,9770810,158.8,5699690
British Columbia,2025/7/1,Transportation and warehousing,160.3,133.6,37.83,0.8334373050530255,17.85,9650716,159.1,5697536
British Columbia,2025/8/1,Transportation and warehousing,156.9,132.9,36.5,0.847036328871893,17.85,9646356,159,5697536
British Columbia,2025/9/1,Transportation and warehousing,159.3,129.8,36.29,0.8148148148148149,17.85,,158.8,5697536
British Columbia,2022/1/1,Utilities,,,,,15.2,,,
British Columbia,2022/2/1,Utilities,,,,,15.2,,,
British Columbia,2022/3/1,Utilities,,,,,15.2,,,
British Columbia,2022/4/1,Utilities,,,,,15.2,,,
British Columbia,2022/5/1,Utilities,,,,,15.2,,,
British Columbia,2022/6/1,Utilities,,,,,15.65,,,
British Columbia,2022/7/1,Utilities,,,,,15.65,,,
British Columbia,2022/8/1,Utilities,,,,,15.65,,,
British Columbia,2022/9/1,Utilities,,,,,15.65,,,
British Columbia,2022/10/1,Utilities,,,,,15.65,,,
British Columbia,2022/11/1,Utilities,,,,,15.65,,,
British Columbia,2022/12/1,Utilities,,,,,15.65,,,
British Columbia,2023/1/1,Utilities,16,16,42.81,1,15.65,9022641,148.1,5432939
British Columbia,2023/2/1,Utilities,17.2,17.2,44.38,1,15.65,8710353,149.1,5432939
British Columbia,2023/3/1,Utilities,19,19,42.83,1,15.65,9017594,149.7,5432939
British Columbia,2023/4/1,Utilities,18.2,18.2,43.03,1,15.65,8790084,150.4,5466566
British Columbia,2023/5/1,Utilities,19.9,19.9,41.32,1,15.65,9059680,151,5466566
British Columbia,2023/6/1,Utilities,21,21,44.06,1,16.75,8953609,151.6,5466566
British Columbia,2023/7/1,Utilities,20.1,20.1,42.94,1,16.75,9036552,152.1,5515296
British Columbia,2023/8/1,Utilities,19,19,44.35,1,16.75,9034157,152.6,5515296
British Columbia,2023/9/1,Utilities,18.7,18.4,43.51,0.9839572192513368,16.75,9059493,152.7,5515296
British Columbia,2023/10/1,Utilities,18.8,17.5,45.44,0.9308510638297872,16.75,8973848,152.6,5572694
British Columbia,2023/11/1,Utilities,17.4,17.3,46.53,0.9942528735632186,16.75,9078007,152.8,5572694
British Columbia,2023/12/1,Utilities,14.7,14.3,47.28,0.9727891156462586,16.75,9030013,152.1,5572694
British Columbia,2024/1/1,Utilities,17,16.4,48.52,0.9647058823529412,16.75,8602072,152.6,5601024
British Columbia,2024/2/1,Utilities,15.9,15.9,50.17,1,16.75,8979918,153,5601024
British Columbia,2024/3/1,Utilities,18.3,18.3,46.64,1,16.75,8960322,153.8,5601024
British Columbia,2024/4/1,Utilities,18.4,18.2,50.57,0.9891304347826088,16.75,9041785,154.7,5638043
British Columbia,2024/5/1,Utilities,18,17.9,48.61,0.9944444444444444,16.75,8926423,155.4,5638043
British Columbia,2024/6/1,Utilities,16.2,16,49.6,0.9876543209876544,17.4,8898870,155.5,5638043
British Columbia,2024/7/1,Utilities,18.2,18.2,45.83,1,17.4,9015739,156.4,5671114
British Columbia,2024/8/1,Utilities,16.6,16.6,49.27,1,17.4,9022425,156.2,5671114
British Columbia,2024/9/1,Utilities,19,19,53.29,1,17.4,9123075,155.8,5671114
British Columbia,2024/10/1,Utilities,19.4,19.4,49.72,1,17.4,9202925,156.2,5696852
British Columbia,2024/11/1,Utilities,18.7,18.7,50.66,1,17.4,9252003,156.3,5696852
British Columbia,2024/12/1,Utilities,20.1,20.1,52.13,1,17.4,9358028,156.1,5696852
British Columbia,2025/1/1,Utilities,16.5,16.5,54.09,1,17.4,9449274,156,5699989
British Columbia,2025/2/1,Utilities,13.9,13.9,55.33,1,17.4,9383484,157.6,5699989
British Columbia,2025/3/1,Utilities,13.6,13.6,53.56,1,17.4,9463479,157.8,5699989
British Columbia,2025/4/1,Utilities,14.5,14.5,52.47,1,17.4,9640333,157.8,5699690
British Columbia,2025/5/1,Utilities,13.9,13.9,48.86,1,17.4,9615788,159,5699690
British Columbia,2025/6/1,Utilities,12.5,12.3,49.88,0.984,17.85,9770810,158.8,5699690
British Columbia,2025/7/1,Utilities,14.8,14.3,49.36,0.9662162162162162,17.85,9650716,159.1,5697536
British Columbia,2025/8/1,Utilities,13.7,13.6,53.87,0.9927007299270072,17.85,9646356,159,5697536
British Columbia,2025/9/1,Utilities,15.3,14,51.65,0.915032679738562,17.85,,158.8,5697536
British Columbia,2022/1/1,Wholesale and retail trade,,,,,15.2,,,
British Columbia,2022/2/1,Wholesale and retail trade,,,,,15.2,,,
British Columbia,2022/3/1,Wholesale and retail trade,,,,,15.2,,,
British Columbia,2022/4/1,Wholesale and retail trade,,,,,15.2,,,
British Columbia,2022/5/1,Wholesale and retail trade,,,,,15.2,,,
British Columbia,2022/6/1,Wholesale and retail trade,,,,,15.65,,,
British Columbia,2022/7/1,Wholesale and retail trade,,,,,15.65,,,
British Columbia,2022/8/1,Wholesale and retail trade,,,,,15.65,,,
British Columbia,2022/9/1,Wholesale and retail trade,,,,,15.65,,,
British Columbia,2022/10/1,Wholesale and retail trade,,,,,15.65,,,
British Columbia,2022/11/1,Wholesale and retail trade,,,,,15.65,,,
British Columbia,2022/12/1,Wholesale and retail trade,,,,,15.65,,,
British Columbia,2023/1/1,Wholesale and retail trade,444,390.5,27.09,0.8795045045045045,15.65,9022641,148.1,5432939
British Columbia,2023/2/1,Wholesale and retail trade,451.4,391.1,27.26,0.8664155959237927,15.65,8710353,149.1,5432939
British Columbia,2023/3/1,Wholesale and retail trade,449,400.5,26.42,0.8919821826280624,15.65,9017594,149.7,5432939
British Columbia,2023/4/1,Wholesale and retail trade,464.5,405.3,27.39,0.872551130247578,15.65,8790084,150.4,5466566
British Columbia,2023/5/1,Wholesale and retail trade,464.7,398,27.18,0.8564665375511082,15.65,9059680,151,5466566
British Columbia,2023/6/1,Wholesale and retail trade,455.9,399.7,28.01,0.8767273524895811,16.75,8953609,151.6,5466566
British Columbia,2023/7/1,Wholesale and retail trade,467.7,401.3,27.49,0.8580286508445585,16.75,9036552,152.1,5515296
British Columbia,2023/8/1,Wholesale and retail trade,466.1,404.3,27.16,0.8674104269470071,16.75,9034157,152.6,5515296
British Columbia,2023/9/1,Wholesale and retail trade,453.3,392.7,28.08,0.8663136995367305,16.75,9059493,152.7,5515296
British Columbia,2023/10/1,Wholesale and retail trade,448.9,387.8,28.48,0.8638895076854534,16.75,8973848,152.6,5572694
British Columbia,2023/11/1,Wholesale and retail trade,463,395.7,28.02,0.8546436285097192,16.75,9078007,152.8,5572694
British Columbia,2023/12/1,Wholesale and retail trade,460.6,397.9,28.08,0.8638732088580112,16.75,9030013,152.1,5572694
British Columbia,2024/1/1,Wholesale and retail trade,442.7,389.6,28.45,0.8800542127851819,16.75,8602072,152.6,5601024
British Columbia,2024/2/1,Wholesale and retail trade,439.7,380.6,28.43,0.8655901751193996,16.75,8979918,153,5601024
British Columbia,2024/3/1,Wholesale and retail trade,448.7,383.4,28.12,0.8544684644528638,16.75,8960322,153.8,5601024
British Columbia,2024/4/1,Wholesale and retail trade,438,380.4,28.42,0.8684931506849315,16.75,9041785,154.7,5638043
British Columbia,2024/5/1,Wholesale and retail trade,434.9,381.9,29.11,0.8781329041158887,16.75,8926423,155.4,5638043
British Columbia,2024/6/1,Wholesale and retail trade,451.8,400.1,28.7,0.885568835768039,17.4,8898870,155.5,5638043
British Columbia,2024/7/1,Wholesale and retail trade,438.3,388,28.91,0.8852384211727128,17.4,9015739,156.4,5671114
British Columbia,2024/8/1,Wholesale and retail trade,446.9,400.7,28.45,0.8966211680465429,17.4,9022425,156.2,5671114
British Columbia,2024/9/1,Wholesale and retail trade,444.6,400.4,28.45,0.9005847953216374,17.4,9123075,155.8,5671114
British Columbia,2024/10/1,Wholesale and retail trade,442.2,404,27.95,0.913613749434645,17.4,9202925,156.2,5696852
British Columbia,2024/11/1,Wholesale and retail trade,445.6,403.6,28.8,0.9057450628366248,17.4,9252003,156.3,5696852
British Columbia,2024/12/1,Wholesale and retail trade,448.2,405.1,28.31,0.9038375725122714,17.4,9358028,156.1,5696852
British Columbia,2025/1/1,Wholesale and retail trade,446.9,397.1,28.39,0.8885656746475723,17.4,9449274,156,5699989
British Columbia,2025/2/1,Wholesale and retail trade,448.6,389.7,29.24,0.8687026304057066,17.4,9383484,157.6,5699989
British Columbia,2025/3/1,Wholesale and retail trade,442.2,386.5,28.95,0.8740388964269562,17.4,9463479,157.8,5699989
British Columbia,2025/4/1,Wholesale and retail trade,445.8,387.5,28.55,0.8692238672050246,17.4,9640333,157.8,5699690
British Columbia,2025/5/1,Wholesale and retail trade,450.9,392.6,28.48,0.8707030383677091,17.4,9615788,159,5699690
British Columbia,2025/6/1,Wholesale and retail trade,456.2,396.1,28.27,0.8682595352915389,17.85,9770810,158.8,5699690
British Columbia,2025/7/1,Wholesale and retail trade,457.7,398.9,28.8,0.8715315708979681,17.85,9650716,159.1,5697536
British Columbia,2025/8/1,Wholesale and retail trade,465.8,405.3,28.81,0.8701159295835122,17.85,9646356,159,5697536
British Columbia,2025/9/1,Wholesale and retail trade,442.9,390.2,28.58,0.881011515014676,17.85,,158.8,5697536
Manitoba,2022/1/1,Accommodation and food services,,,,,11.95,,,
Manitoba,2022/2/1,Accommodation and food services,,,,,11.95,,,
Manitoba,2022/3/1,Accommodation and food services,,,,,11.95,,,
Manitoba,2022/4/1,Accommodation and food services,,,,,11.95,,,
Manitoba,2022/5/1,Accommodation and food services,,,,,11.95,,,
Manitoba,2022/6/1,Accommodation and food services,,,,,11.95,,,
Manitoba,2022/7/1,Accommodation and food services,,,,,11.95,,,
Manitoba,2022/8/1,Accommodation and food services,,,,,11.95,,,
Manitoba,2022/9/1,Accommodation and food services,,,,,11.95,,,
Manitoba,2022/10/1,Accommodation and food services,,,,,13.5,,,
Manitoba,2022/11/1,Accommodation and food services,,,,,13.5,,,
Manitoba,2022/12/1,Accommodation and food services,,,,,13.5,,,
Manitoba,2023/1/1,Accommodation and food services,39,35,17.4,0.8974358974358975,13.5,2308059,156.2,1433655
Manitoba,2023/2/1,Accommodation and food services,39.8,35.2,16.88,0.884422110552764,13.5,2216648,156.9,1433655
Manitoba,2023/3/1,Accommodation and food services,42.6,37,17.21,0.8685446009389671,13.5,2217927,157.7,1433655
Manitoba,2023/4/1,Accommodation and food services,41.5,36.8,17.36,0.8867469879518072,14.15,2213954,159.4,1444049
Manitoba,2023/5/1,Accommodation and food services,44.8,40.9,17.57,0.9129464285714286,14.15,2251790,159.1,1444049
Manitoba,2023/6/1,Accommodation and food services,42.7,37.8,16.99,0.8852459016393441,14.15,2196129,158.5,1444049
Manitoba,2023/7/1,Accommodation and food services,40.2,36,17.16,0.8955223880597014,14.15,2192385,159.3,1453202
Manitoba,2023/8/1,Accommodation and food services,39.8,36.6,17.58,0.9195979899497488,14.15,2220258,159.5,1453202
Manitoba,2023/9/1,Accommodation and food services,36.7,34.2,17.32,0.9318801089918256,14.15,2272174,159.2,1453202
Manitoba,2023/10/1,Accommodation and food services,38.6,34.5,17.13,0.8937823834196891,14.15,2251191,159.6,1462439
Manitoba,2023/11/1,Accommodation and food services,36.3,33.5,18.21,0.9228650137741048,14.15,2254893,159.8,1462439
Manitoba,2023/12/1,Accommodation and food services,36.5,33.3,18.12,0.9123287671232876,14.15,2231141,158.2,1462439
Manitoba,2024/1/1,Accommodation and food services,35.6,32.1,19.17,0.901685393258427,14.15,2264256,157.5,1472261
Manitoba,2024/2/1,Accommodation and food services,35.2,31.8,18.38,0.9034090909090908,14.15,2228957,158.3,1472261
Manitoba,2024/3/1,Accommodation and food services,34.5,32.6,17.25,0.944927536231884,14.15,2230562,159,1472261
Manitoba,2024/4/1,Accommodation and food services,36.4,33.5,17.94,0.9203296703296704,14.15,2285029,160,1483553
Manitoba,2024/5/1,Accommodation and food services,36.8,32.2,17.34,0.8750000000000001,14.15,2245006,161.1,1483553
Manitoba,2024/6/1,Accommodation and food services,36.9,32.8,18.45,0.8888888888888888,14.15,2193432,160.7,1483553
Manitoba,2024/7/1,Accommodation and food services,39.6,35.4,18.9,0.8939393939393939,14.15,2261221,162.2,1492144
Manitoba,2024/8/1,Accommodation and food services,38.5,33.4,18.98,0.8675324675324675,14.15,2273468,161.5,1492144
Manitoba,2024/9/1,Accommodation and food services,40.1,35.2,19.12,0.8778054862842893,14.15,2265509,160.4,1492144
Manitoba,2024/10/1,Accommodation and food services,41.2,37.6,19.31,0.9126213592233008,15.8,2319321,161.4,1500464
Manitoba,2024/11/1,Accommodation and food services,39.8,36.3,18.72,0.9120603015075376,15.8,2299636,161.2,1500464
Manitoba,2024/12/1,Accommodation and food services,39.4,36.9,18.53,0.9365482233502538,15.8,2385184,160,1500464
Manitoba,2025/1/1,Accommodation and food services,38.2,35.4,18.78,0.9267015706806282,15.8,2378429,161.7,1505644
Manitoba,2025/2/1,Accommodation and food services,38,35.9,19.96,0.9447368421052632,15.8,2429505,163.8,1505644
Manitoba,2025/3/1,Accommodation and food services,39.4,35.4,19.61,0.8984771573604061,15.8,2380680,163.8,1505644
Manitoba,2025/4/1,Accommodation and food services,40.3,36,19.86,0.8933002481389579,15.8,2388941,163.3,1508031
Manitoba,2025/5/1,Accommodation and food services,40.1,37.9,19.28,0.945137157107232,15.8,2368843,164.2,1508031
Manitoba,2025/6/1,Accommodation and food services,43.7,40,18.74,0.9153318077803204,15.8,2331986,164.3,1508031
Manitoba,2025/7/1,Accommodation and food services,43.6,41.2,19.11,0.944954128440367,15.8,2338792,165.3,1509702
Manitoba,2025/8/1,Accommodation and food services,45.8,39.9,18.78,0.87117903930131,15.8,2336260,164.8,1509702
Manitoba,2025/9/1,Accommodation and food services,43.9,39.5,18.35,0.8997722095671982,15.8,,165,1509702
Manitoba,2022/1/1,Agriculture,,,,,11.95,,,
Manitoba,2022/2/1,Agriculture,,,,,11.95,,,
Manitoba,2022/3/1,Agriculture,,,,,11.95,,,
Manitoba,2022/4/1,Agriculture,,,,,11.95,,,
Manitoba,2022/5/1,Agriculture,,,,,11.95,,,
Manitoba,2022/6/1,Agriculture,,,,,11.95,,,
Manitoba,2022/7/1,Agriculture,,,,,11.95,,,
Manitoba,2022/8/1,Agriculture,,,,,11.95,,,
Manitoba,2022/9/1,Agriculture,,,,,11.95,,,
Manitoba,2022/10/1,Agriculture,,,,,13.5,,,
Manitoba,2022/11/1,Agriculture,,,,,13.5,,,
Manitoba,2022/12/1,Agriculture,,,,,13.5,,,
Manitoba,2023/1/1,Agriculture,13.4,4.9,22.88,0.3656716417910448,13.5,2308059,156.2,1433655
Manitoba,2023/2/1,Agriculture,16.1,7.3,18.87,0.4534161490683229,13.5,2216648,156.9,1433655
Manitoba,2023/3/1,Agriculture,16.4,6.1,19.37,0.3719512195121951,13.5,2217927,157.7,1433655
Manitoba,2023/4/1,Agriculture,15.2,6.4,21.55,0.4210526315789474,14.15,2213954,159.4,1444049
Manitoba,2023/5/1,Agriculture,17.3,9.4,21.4,0.5433526011560693,14.15,2251790,159.1,1444049
Manitoba,2023/6/1,Agriculture,16.5,8.8,22.3,0.5333333333333333,14.15,2196129,158.5,1444049
Manitoba,2023/7/1,Agriculture,15.8,8.9,23.29,0.5632911392405063,14.15,2192385,159.3,1453202
Manitoba,2023/8/1,Agriculture,15.3,8.4,23.85,0.5490196078431373,14.15,2220258,159.5,1453202
Manitoba,2023/9/1,Agriculture,14.9,8.6,26.8,0.5771812080536912,14.15,2272174,159.2,1453202
Manitoba,2023/10/1,Agriculture,14.4,8.2,22.59,0.5694444444444444,14.15,2251191,159.6,1462439
Manitoba,2023/11/1,Agriculture,13.7,7.1,22.11,0.5182481751824818,14.15,2254893,159.8,1462439
Manitoba,2023/12/1,Agriculture,13.2,6.5,23.38,0.4924242424242424,14.15,2231141,158.2,1462439
Manitoba,2024/1/1,Agriculture,13.3,6.7,20.67,0.5037593984962406,14.15,2264256,157.5,1472261
Manitoba,2024/2/1,Agriculture,12.3,6,22.82,0.4878048780487805,14.15,2228957,158.3,1472261
Manitoba,2024/3/1,Agriculture,12.6,6.5,23.06,0.5158730158730159,14.15,2230562,159,1472261
Manitoba,2024/4/1,Agriculture,13,8,24.28,0.6153846153846154,14.15,2285029,160,1483553
Manitoba,2024/5/1,Agriculture,13,7.9,24.42,0.6076923076923078,14.15,2245006,161.1,1483553
Manitoba,2024/6/1,Agriculture,15.6,11.2,22.66,0.717948717948718,14.15,2193432,160.7,1483553
Manitoba,2024/7/1,Agriculture,14.2,9.4,25.61,0.6619718309859155,14.15,2261221,162.2,1492144
Manitoba,2024/8/1,Agriculture,16.4,9.9,26.02,0.603658536585366,14.15,2273468,161.5,1492144
Manitoba,2024/9/1,Agriculture,13,7.6,23.56,0.5846153846153845,14.15,2265509,160.4,1492144
Manitoba,2024/10/1,Agriculture,12.3,7.1,25.04,0.5772357723577235,15.8,2319321,161.4,1500464
Manitoba,2024/11/1,Agriculture,13.6,7.9,24.55,0.5808823529411765,15.8,2299636,161.2,1500464
Manitoba,2024/12/1,Agriculture,13.7,7.4,26.9,0.5401459854014599,15.8,2385184,160,1500464
Manitoba,2025/1/1,Agriculture,14.2,8,26.06,0.5633802816901409,15.8,2378429,161.7,1505644
Manitoba,2025/2/1,Agriculture,14.9,8.1,26.99,0.5436241610738255,15.8,2429505,163.8,1505644
Manitoba,2025/3/1,Agriculture,14.6,8.5,27.05,0.5821917808219178,15.8,2380680,163.8,1505644
Manitoba,2025/4/1,Agriculture,15.2,8.9,25.49,0.5855263157894738,15.8,2388941,163.3,1508031
Manitoba,2025/5/1,Agriculture,16.3,8.7,25.27,0.5337423312883435,15.8,2368843,164.2,1508031
Manitoba,2025/6/1,Agriculture,16.4,8.9,24.23,0.5426829268292683,15.8,2331986,164.3,1508031
Manitoba,2025/7/1,Agriculture,14.7,7.6,27.61,0.5170068027210885,15.8,2338792,165.3,1509702
Manitoba,2025/8/1,Agriculture,17.1,8.4,25.49,0.4912280701754385,15.8,2336260,164.8,1509702
Manitoba,2025/9/1,Agriculture,15.4,8.6,25.97,0.5584415584415584,15.8,,165,1509702
Manitoba,2022/1/1,"Business, building and other support services",,,,,11.95,,,
Manitoba,2022/2/1,"Business, building and other support services",,,,,11.95,,,
Manitoba,2022/3/1,"Business, building and other support services",,,,,11.95,,,
Manitoba,2022/4/1,"Business, building and other support services",,,,,11.95,,,
Manitoba,2022/5/1,"Business, building and other support services",,,,,11.95,,,
Manitoba,2022/6/1,"Business, building and other support services",,,,,11.95,,,
Manitoba,2022/7/1,"Business, building and other support services",,,,,11.95,,,
Manitoba,2022/8/1,"Business, building and other support services",,,,,11.95,,,
Manitoba,2022/9/1,"Business, building and other support services",,,,,11.95,,,
Manitoba,2022/10/1,"Business, building and other support services",,,,,13.5,,,
Manitoba,2022/11/1,"Business, building and other support services",,,,,13.5,,,
Manitoba,2022/12/1,"Business, building and other support services",,,,,13.5,,,
Manitoba,2023/1/1,"Business, building and other support services",21.4,16.4,22.3,0.7663551401869159,13.5,2308059,156.2,1433655
Manitoba,2023/2/1,"Business, building and other support services",20.9,15.8,21.93,0.7559808612440192,13.5,2216648,156.9,1433655
Manitoba,2023/3/1,"Business, building and other support services",23.6,18.5,21.4,0.7838983050847457,13.5,2217927,157.7,1433655
Manitoba,2023/4/1,"Business, building and other support services",23.8,16.9,20.87,0.7100840336134453,14.15,2213954,159.4,1444049
Manitoba,2023/5/1,"Business, building and other support services",22.4,18.2,20.81,0.8125,14.15,2251790,159.1,1444049
Manitoba,2023/6/1,"Business, building and other support services",24.5,19.4,20.58,0.7918367346938775,14.15,2196129,158.5,1444049
Manitoba,2023/7/1,"Business, building and other support services",22.4,15.9,19.27,0.7098214285714286,14.15,2192385,159.3,1453202
Manitoba,2023/8/1,"Business, building and other support services",24.5,18.2,20.31,0.7428571428571429,14.15,2220258,159.5,1453202
Manitoba,2023/9/1,"Business, building and other support services",20,15.5,21.14,0.775,14.15,2272174,159.2,1453202
Manitoba,2023/10/1,"Business, building and other support services",22.1,17.6,21.1,0.7963800904977376,14.15,2251191,159.6,1462439
Manitoba,2023/11/1,"Business, building and other support services",20.5,15.2,21.83,0.7414634146341463,14.15,2254893,159.8,1462439
Manitoba,2023/12/1,"Business, building and other support services",20.2,15.7,22.61,0.7772277227722773,14.15,2231141,158.2,1462439
Manitoba,2024/1/1,"Business, building and other support services",19.3,15.7,21.77,0.8134715025906735,14.15,2264256,157.5,1472261
Manitoba,2024/2/1,"Business, building and other support services",17.7,14.1,21.85,0.7966101694915254,14.15,2228957,158.3,1472261
Manitoba,2024/3/1,"Business, building and other support services",19.7,14.4,23.01,0.7309644670050762,14.15,2230562,159,1472261
Manitoba,2024/4/1,"Business, building and other support services",17.6,13,25.87,0.7386363636363635,14.15,2285029,160,1483553
Manitoba,2024/5/1,"Business, building and other support services",21.4,16.2,23.53,0.7570093457943925,14.15,2245006,161.1,1483553
Manitoba,2024/6/1,"Business, building and other support services",21.6,17.3,21.77,0.8009259259259259,14.15,2193432,160.7,1483553
Manitoba,2024/7/1,"Business, building and other support services",21.3,16.5,22.53,0.7746478873239436,14.15,2261221,162.2,1492144
Manitoba,2024/8/1,"Business, building and other support services",22.3,17.9,22.38,0.8026905829596411,14.15,2273468,161.5,1492144
Manitoba,2024/9/1,"Business, building and other support services",19.6,16,24.12,0.8163265306122448,14.15,2265509,160.4,1492144
Manitoba,2024/10/1,"Business, building and other support services",20.8,15.6,25.01,0.75,15.8,2319321,161.4,1500464
Manitoba,2024/11/1,"Business, building and other support services",22.6,14.7,26.36,0.6504424778761061,15.8,2299636,161.2,1500464
Manitoba,2024/12/1,"Business, building and other support services",21.5,14.8,28.44,0.6883720930232559,15.8,2385184,160,1500464
Manitoba,2025/1/1,"Business, building and other support services",19.9,15,26.58,0.7537688442211056,15.8,2378429,161.7,1505644
Manitoba,2025/2/1,"Business, building and other support services",21,16.2,24.47,0.7714285714285714,15.8,2429505,163.8,1505644
Manitoba,2025/3/1,"Business, building and other support services",20.4,14.9,24.98,0.7303921568627452,15.8,2380680,163.8,1505644
Manitoba,2025/4/1,"Business, building and other support services",22.3,17.2,23.61,0.7713004484304932,15.8,2388941,163.3,1508031
Manitoba,2025/5/1,"Business, building and other support services",22.5,16.5,23.89,0.7333333333333333,15.8,2368843,164.2,1508031
Manitoba,2025/6/1,"Business, building and other support services",22,18.3,24.45,0.8318181818181819,15.8,2331986,164.3,1508031
Manitoba,2025/7/1,"Business, building and other support services",23.8,18.8,23.78,0.7899159663865546,15.8,2338792,165.3,1509702
Manitoba,2025/8/1,"Business, building and other support services",22.3,16.9,24.08,0.757847533632287,15.8,2336260,164.8,1509702
Manitoba,2025/9/1,"Business, building and other support services",22.2,18.7,23.34,0.8423423423423423,15.8,,165,1509702
Manitoba,2022/1/1,Construction,,,,,11.95,,,
Manitoba,2022/2/1,Construction,,,,,11.95,,,
Manitoba,2022/3/1,Construction,,,,,11.95,,,
Manitoba,2022/4/1,Construction,,,,,11.95,,,
Manitoba,2022/5/1,Construction,,,,,11.95,,,
Manitoba,2022/6/1,Construction,,,,,11.95,,,
Manitoba,2022/7/1,Construction,,,,,11.95,,,
Manitoba,2022/8/1,Construction,,,,,11.95,,,
Manitoba,2022/9/1,Construction,,,,,11.95,,,
Manitoba,2022/10/1,Construction,,,,,13.5,,,
Manitoba,2022/11/1,Construction,,,,,13.5,,,
Manitoba,2022/12/1,Construction,,,,,13.5,,,
Manitoba,2023/1/1,Construction,56.7,41.2,29.63,0.7266313932980599,13.5,2308059,156.2,1433655
Manitoba,2023/2/1,Construction,56.1,42.2,29.32,0.75222816399287,13.5,2216648,156.9,1433655
Manitoba,2023/3/1,Construction,58.3,42.9,31.15,0.7358490566037736,13.5,2217927,157.7,1433655
Manitoba,2023/4/1,Construction,59.5,45,30.95,0.7563025210084033,14.15,2213954,159.4,1444049
Manitoba,2023/5/1,Construction,62.5,49,31.3,0.784,14.15,2251790,159.1,1444049
Manitoba,2023/6/1,Construction,62.2,49.7,29.93,0.7990353697749196,14.15,2196129,158.5,1444049
Manitoba,2023/7/1,Construction,64.9,51.8,30.87,0.798151001540832,14.15,2192385,159.3,1453202
Manitoba,2023/8/1,Construction,67,51.4,30.32,0.7671641791044775,14.15,2220258,159.5,1453202
Manitoba,2023/9/1,Construction,61.9,47.7,30.62,0.7705977382875606,14.15,2272174,159.2,1453202
Manitoba,2023/10/1,Construction,62.4,48.5,29.37,0.7772435897435898,14.15,2251191,159.6,1462439
Manitoba,2023/11/1,Construction,60.2,44.8,29.89,0.7441860465116278,14.15,2254893,159.8,1462439
Manitoba,2023/12/1,Construction,61.7,44.4,31.25,0.719611021069692,14.15,2231141,158.2,1462439
Manitoba,2024/1/1,Construction,64.8,45.9,31.79,0.7083333333333334,14.15,2264256,157.5,1472261
Manitoba,2024/2/1,Construction,61.1,44.6,32.19,0.7299509001636661,14.15,2228957,158.3,1472261
Manitoba,2024/3/1,Construction,59.6,42.9,32.29,0.7197986577181208,14.15,2230562,159,1472261
Manitoba,2024/4/1,Construction,60.3,42.3,32.7,0.7014925373134329,14.15,2285029,160,1483553
Manitoba,2024/5/1,Construction,60,44,32.77,0.7333333333333333,14.15,2245006,161.1,1483553
Manitoba,2024/6/1,Construction,59.5,44.9,32.39,0.7546218487394958,14.15,2193432,160.7,1483553
Manitoba,2024/7/1,Construction,60.3,47.9,31.97,0.7943615257048093,14.15,2261221,162.2,1492144
Manitoba,2024/8/1,Construction,61.8,48.3,32.15,0.7815533980582524,14.15,2273468,161.5,1492144
Manitoba,2024/9/1,Construction,60.3,47.3,32.18,0.7844112769485904,14.15,2265509,160.4,1492144
Manitoba,2024/10/1,Construction,61.2,48.7,33.25,0.7957516339869282,15.8,2319321,161.4,1500464
Manitoba,2024/11/1,Construction,58.6,45,35.45,0.7679180887372014,15.8,2299636,161.2,1500464
Manitoba,2024/12/1,Construction,56.5,42.7,35.44,0.7557522123893806,15.8,2385184,160,1500464
Manitoba,2025/1/1,Construction,59.8,42.8,35.06,0.7157190635451505,15.8,2378429,161.7,1505644
Manitoba,2025/2/1,Construction,61.5,43.5,35.82,0.7073170731707317,15.8,2429505,163.8,1505644
Manitoba,2025/3/1,Construction,60.4,42.8,35.29,0.7086092715231788,15.8,2380680,163.8,1505644
Manitoba,2025/4/1,Construction,61.4,44.2,34.18,0.719869706840391,15.8,2388941,163.3,1508031
Manitoba,2025/5/1,Construction,66.5,48.3,33.58,0.7263157894736841,15.8,2368843,164.2,1508031
Manitoba,2025/6/1,Construction,68.4,49.1,33.04,0.7178362573099415,15.8,2331986,164.3,1508031
Manitoba,2025/7/1,Construction,65.6,49.1,32.3,0.7484756097560976,15.8,2338792,165.3,1509702
Manitoba,2025/8/1,Construction,64.6,49.6,32.8,0.7678018575851394,15.8,2336260,164.8,1509702
Manitoba,2025/9/1,Construction,65.3,51.6,32.96,0.7901990811638592,15.8,,165,1509702
Manitoba,2022/1/1,Educational services,,,,,11.95,,,
Manitoba,2022/2/1,Educational services,,,,,11.95,,,
Manitoba,2022/3/1,Educational services,,,,,11.95,,,
Manitoba,2022/4/1,Educational services,,,,,11.95,,,
Manitoba,2022/5/1,Educational services,,,,,11.95,,,
Manitoba,2022/6/1,Educational services,,,,,11.95,,,
Manitoba,2022/7/1,Educational services,,,,,11.95,,,
Manitoba,2022/8/1,Educational services,,,,,11.95,,,
Manitoba,2022/9/1,Educational services,,,,,11.95,,,
Manitoba,2022/10/1,Educational services,,,,,13.5,,,
Manitoba,2022/11/1,Educational services,,,,,13.5,,,
Manitoba,2022/12/1,Educational services,,,,,13.5,,,
Manitoba,2023/1/1,Educational services,69.9,68.3,33.45,0.977110157367668,13.5,2308059,156.2,1433655
Manitoba,2023/2/1,Educational services,69.8,67.1,34.26,0.9613180515759312,13.5,2216648,156.9,1433655
Manitoba,2023/3/1,Educational services,70.6,67.9,32.86,0.9617563739376772,13.5,2217927,157.7,1433655
Manitoba,2023/4/1,Educational services,70.1,66.1,32.81,0.9429386590584878,14.15,2213954,159.4,1444049
Manitoba,2023/5/1,Educational services,70.3,65.5,34.17,0.9317211948790896,14.15,2251790,159.1,1444049
Manitoba,2023/6/1,Educational services,71.6,67,33.08,0.9357541899441342,14.15,2196129,158.5,1444049
Manitoba,2023/7/1,Educational services,57.9,50,35.74,0.8635578583765112,14.15,2192385,159.3,1453202
Manitoba,2023/8/1,Educational services,63.1,46.2,36.05,0.7321711568938194,14.15,2220258,159.5,1453202
Manitoba,2023/9/1,Educational services,66.8,62.8,36.4,0.940119760479042,14.15,2272174,159.2,1453202
Manitoba,2023/10/1,Educational services,70.2,64.9,37.1,0.9245014245014246,14.15,2251191,159.6,1462439
Manitoba,2023/11/1,Educational services,70.3,65.4,36.63,0.930298719772404,14.15,2254893,159.8,1462439
Manitoba,2023/12/1,Educational services,69.6,66.2,36.12,0.9511494252873564,14.15,2231141,158.2,1462439
Manitoba,2024/1/1,Educational services,68.7,65.1,36.16,0.947598253275109,14.15,2264256,157.5,1472261
Manitoba,2024/2/1,Educational services,68.7,64.9,35.71,0.9446870451237264,14.15,2228957,158.3,1472261
Manitoba,2024/3/1,Educational services,67,64.4,35.55,0.9611940298507464,14.15,2230562,159,1472261
Manitoba,2024/4/1,Educational services,67.2,63.6,35.45,0.9464285714285714,14.15,2285029,160,1483553
Manitoba,2024/5/1,Educational services,68.4,66.3,35.17,0.969298245614035,14.15,2245006,161.1,1483553
Manitoba,2024/6/1,Educational services,70.5,67.8,34.75,0.9617021276595744,14.15,2193432,160.7,1483553
Manitoba,2024/7/1,Educational services,56.2,46.6,37.92,0.8291814946619217,14.15,2261221,162.2,1492144
Manitoba,2024/8/1,Educational services,62.3,45.9,36.63,0.7367576243980738,14.15,2273468,161.5,1492144
Manitoba,2024/9/1,Educational services,69.3,65.6,35.73,0.9466089466089466,14.15,2265509,160.4,1492144
Manitoba,2024/10/1,Educational services,69.1,65.7,37.76,0.950795947901592,15.8,2319321,161.4,1500464
Manitoba,2024/11/1,Educational services,68.8,65.7,36.4,0.9549418604651164,15.8,2299636,161.2,1500464
Manitoba,2024/12/1,Educational services,68.2,65.3,36.52,0.9574780058651026,15.8,2385184,160,1500464
Manitoba,2025/1/1,Educational services,69.1,64.9,36.09,0.9392185238784372,15.8,2378429,161.7,1505644
Manitoba,2025/2/1,Educational services,67.3,64.7,36.07,0.961367013372957,15.8,2429505,163.8,1505644
Manitoba,2025/3/1,Educational services,69.4,66.4,36.98,0.956772334293948,15.8,2380680,163.8,1505644
Manitoba,2025/4/1,Educational services,69.2,66.9,36.37,0.9667630057803468,15.8,2388941,163.3,1508031
Manitoba,2025/5/1,Educational services,67.3,65.3,35.54,0.9702823179791976,15.8,2368843,164.2,1508031
Manitoba,2025/6/1,Educational services,68.9,65.4,36.22,0.9492017416545718,15.8,2331986,164.3,1508031
Manitoba,2025/7/1,Educational services,56,48.8,39.4,0.8714285714285713,15.8,2338792,165.3,1509702
Manitoba,2025/8/1,Educational services,61.2,47.6,38.01,0.7777777777777778,15.8,2336260,164.8,1509702
Manitoba,2025/9/1,Educational services,66.1,63.3,36.7,0.957639939485628,15.8,,165,1509702
Manitoba,2022/1/1,"Finance, insurance, real estate, rental and leasing",,,,,11.95,,,
Manitoba,2022/2/1,"Finance, insurance, real estate, rental and leasing",,,,,11.95,,,
Manitoba,2022/3/1,"Finance, insurance, real estate, rental and leasing",,,,,11.95,,,
Manitoba,2022/4/1,"Finance, insurance, real estate, rental and leasing",,,,,11.95,,,
Manitoba,2022/5/1,"Finance, insurance, real estate, rental and leasing",,,,,11.95,,,
Manitoba,2022/6/1,"Finance, insurance, real estate, rental and leasing",,,,,11.95,,,
Manitoba,2022/7/1,"Finance, insurance, real estate, rental and leasing",,,,,11.95,,,
Manitoba,2022/8/1,"Finance, insurance, real estate, rental and leasing",,,,,11.95,,,
Manitoba,2022/9/1,"Finance, insurance, real estate, rental and leasing",,,,,11.95,,,
Manitoba,2022/10/1,"Finance, insurance, real estate, rental and leasing",,,,,13.5,,,
Manitoba,2022/11/1,"Finance, insurance, real estate, rental and leasing",,,,,13.5,,,
Manitoba,2022/12/1,"Finance, insurance, real estate, rental and leasing",,,,,13.5,,,
Manitoba,2023/1/1,"Finance, insurance, real estate, rental and leasing",42.1,38,33.18,0.9026128266033254,13.5,2308059,156.2,1433655
Manitoba,2023/2/1,"Finance, insurance, real estate, rental and leasing",41.8,38.4,33.86,0.9186602870813396,13.5,2216648,156.9,1433655
Manitoba,2023/3/1,"Finance, insurance, real estate, rental and leasing",41.5,37.8,34.94,0.9108433734939758,13.5,2217927,157.7,1433655
Manitoba,2023/4/1,"Finance, insurance, real estate, rental and leasing",41.6,37.5,33.3,0.9014423076923076,14.15,2213954,159.4,1444049
Manitoba,2023/5/1,"Finance, insurance, real estate, rental and leasing",41.1,37.3,32.86,0.9075425790754256,14.15,2251790,159.1,1444049
Manitoba,2023/6/1,"Finance, insurance, real estate, rental and leasing",41.9,36.8,32.28,0.8782816229116944,14.15,2196129,158.5,1444049
Manitoba,2023/7/1,"Finance, insurance, real estate, rental and leasing",42.7,35.1,33.7,0.8220140515222483,14.15,2192385,159.3,1453202
Manitoba,2023/8/1,"Finance, insurance, real estate, rental and leasing",44.3,38.7,34.46,0.8735891647855532,14.15,2220258,159.5,1453202
Manitoba,2023/9/1,"Finance, insurance, real estate, rental and leasing",42.5,38.2,34.66,0.8988235294117648,14.15,2272174,159.2,1453202
Manitoba,2023/10/1,"Finance, insurance, real estate, rental and leasing",42.2,37.1,35.52,0.8791469194312796,14.15,2251191,159.6,1462439
Manitoba,2023/11/1,"Finance, insurance, real estate, rental and leasing",39.2,35.1,34.68,0.8954081632653061,14.15,2254893,159.8,1462439
Manitoba,2023/12/1,"Finance, insurance, real estate, rental and leasing",42,38.5,34.92,0.9166666666666666,14.15,2231141,158.2,1462439
Manitoba,2024/1/1,"Finance, insurance, real estate, rental and leasing",44.6,41.9,35.78,0.9394618834080716,14.15,2264256,157.5,1472261
Manitoba,2024/2/1,"Finance, insurance, real estate, rental and leasing",45.6,42.1,34.4,0.9232456140350878,14.15,2228957,158.3,1472261
Manitoba,2024/3/1,"Finance, insurance, real estate, rental and leasing",47,42.2,34.28,0.897872340425532,14.15,2230562,159,1472261
Manitoba,2024/4/1,"Finance, insurance, real estate, rental and leasing",48.2,43.1,35.18,0.8941908713692945,14.15,2285029,160,1483553
Manitoba,2024/5/1,"Finance, insurance, real estate, rental and leasing",48.4,43,35.42,0.8884297520661157,14.15,2245006,161.1,1483553
Manitoba,2024/6/1,"Finance, insurance, real estate, rental and leasing",48.6,42.9,35.71,0.882716049382716,14.15,2193432,160.7,1483553
Manitoba,2024/7/1,"Finance, insurance, real estate, rental and leasing",49.2,43.7,34.93,0.8882113821138211,14.15,2261221,162.2,1492144
Manitoba,2024/8/1,"Finance, insurance, real estate, rental and leasing",51.4,43,34.01,0.8365758754863813,14.15,2273468,161.5,1492144
Manitoba,2024/9/1,"Finance, insurance, real estate, rental and leasing",49.5,42.9,35.58,0.8666666666666666,14.15,2265509,160.4,1492144
Manitoba,2024/10/1,"Finance, insurance, real estate, rental and leasing",50.5,44.3,36.69,0.8772277227722771,15.8,2319321,161.4,1500464
Manitoba,2024/11/1,"Finance, insurance, real estate, rental and leasing",49.3,43.3,36,0.8782961460446247,15.8,2299636,161.2,1500464
Manitoba,2024/12/1,"Finance, insurance, real estate, rental and leasing",47.3,41.9,35.72,0.8858350951374208,15.8,2385184,160,1500464
Manitoba,2025/1/1,"Finance, insurance, real estate, rental and leasing",46,40.4,35.17,0.8782608695652173,15.8,2378429,161.7,1505644
Manitoba,2025/2/1,"Finance, insurance, real estate, rental and leasing",45.9,39.4,37.82,0.8583877995642701,15.8,2429505,163.8,1505644
Manitoba,2025/3/1,"Finance, insurance, real estate, rental and leasing",45.6,39.6,36.09,0.868421052631579,15.8,2380680,163.8,1505644
Manitoba,2025/4/1,"Finance, insurance, real estate, rental and leasing",44.5,39.2,36.41,0.8808988764044945,15.8,2388941,163.3,1508031
Manitoba,2025/5/1,"Finance, insurance, real estate, rental and leasing",49.2,42.2,36.76,0.8577235772357724,15.8,2368843,164.2,1508031
Manitoba,2025/6/1,"Finance, insurance, real estate, rental and leasing",48.9,43.5,36.13,0.8895705521472392,15.8,2331986,164.3,1508031
Manitoba,2025/7/1,"Finance, insurance, real estate, rental and leasing",48,41.6,38.33,0.8666666666666667,15.8,2338792,165.3,1509702
Manitoba,2025/8/1,"Finance, insurance, real estate, rental and leasing",48,41,38.19,0.8541666666666666,15.8,2336260,164.8,1509702
Manitoba,2025/9/1,"Finance, insurance, real estate, rental and leasing",50.3,42.7,38.49,0.848906560636183,15.8,,165,1509702
Manitoba,2022/1/1,"Forestry, fishing, mining, quarrying, oil and gas",,,,,11.95,,,
Manitoba,2022/2/1,"Forestry, fishing, mining, quarrying, oil and gas",,,,,11.95,,,
Manitoba,2022/3/1,"Forestry, fishing, mining, quarrying, oil and gas",,,,,11.95,,,
Manitoba,2022/4/1,"Forestry, fishing, mining, quarrying, oil and gas",,,,,11.95,,,
Manitoba,2022/5/1,"Forestry, fishing, mining, quarrying, oil and gas",,,,,11.95,,,
Manitoba,2022/6/1,"Forestry, fishing, mining, quarrying, oil and gas",,,,,11.95,,,
Manitoba,2022/7/1,"Forestry, fishing, mining, quarrying, oil and gas",,,,,11.95,,,
Manitoba,2022/8/1,"Forestry, fishing, mining, quarrying, oil and gas",,,,,11.95,,,
Manitoba,2022/9/1,"Forestry, fishing, mining, quarrying, oil and gas",,,,,11.95,,,
Manitoba,2022/10/1,"Forestry, fishing, mining, quarrying, oil and gas",,,,,13.5,,,
Manitoba,2022/11/1,"Forestry, fishing, mining, quarrying, oil and gas",,,,,13.5,,,
Manitoba,2022/12/1,"Forestry, fishing, mining, quarrying, oil and gas",,,,,13.5,,,
Manitoba,2023/1/1,"Forestry, fishing, mining, quarrying, oil and gas",8.2,7.2,38.62,0.878048780487805,13.5,2308059,156.2,1433655
Manitoba,2023/2/1,"Forestry, fishing, mining, quarrying, oil and gas",7.8,7,38.04,0.8974358974358975,13.5,2216648,156.9,1433655
Manitoba,2023/3/1,"Forestry, fishing, mining, quarrying, oil and gas",7.3,6.2,39.75,0.8493150684931507,13.5,2217927,157.7,1433655
Manitoba,2023/4/1,"Forestry, fishing, mining, quarrying, oil and gas",6.4,5.5,38.66,0.859375,14.15,2213954,159.4,1444049
Manitoba,2023/5/1,"Forestry, fishing, mining, quarrying, oil and gas",7.4,6.5,38.83,0.8783783783783783,14.15,2251790,159.1,1444049
Manitoba,2023/6/1,"Forestry, fishing, mining, quarrying, oil and gas",8.3,6.6,34.56,0.7951807228915662,14.15,2196129,158.5,1444049
Manitoba,2023/7/1,"Forestry, fishing, mining, quarrying, oil and gas",8.3,7,35.67,0.8433734939759036,14.15,2192385,159.3,1453202
Manitoba,2023/8/1,"Forestry, fishing, mining, quarrying, oil and gas",6.9,5.5,38.82,0.7971014492753623,14.15,2220258,159.5,1453202
Manitoba,2023/9/1,"Forestry, fishing, mining, quarrying, oil and gas",7.7,6.8,34.66,0.8831168831168831,14.15,2272174,159.2,1453202
Manitoba,2023/10/1,"Forestry, fishing, mining, quarrying, oil and gas",7.1,5.5,37,0.7746478873239437,14.15,2251191,159.6,1462439
Manitoba,2023/11/1,"Forestry, fishing, mining, quarrying, oil and gas",6.8,5.6,36.99,0.8235294117647058,14.15,2254893,159.8,1462439
Manitoba,2023/12/1,"Forestry, fishing, mining, quarrying, oil and gas",5.8,4.7,38.01,0.810344827586207,14.15,2231141,158.2,1462439
Manitoba,2024/1/1,"Forestry, fishing, mining, quarrying, oil and gas",6.2,4.8,34.85,0.7741935483870968,14.15,2264256,157.5,1472261
Manitoba,2024/2/1,"Forestry, fishing, mining, quarrying, oil and gas",5.8,4.7,39.26,0.810344827586207,14.15,2228957,158.3,1472261
Manitoba,2024/3/1,"Forestry, fishing, mining, quarrying, oil and gas",5.8,4.3,41.9,0.7413793103448276,14.15,2230562,159,1472261
Manitoba,2024/4/1,"Forestry, fishing, mining, quarrying, oil and gas",6.5,5.4,35.23,0.8307692307692308,14.15,2285029,160,1483553
Manitoba,2024/5/1,"Forestry, fishing, mining, quarrying, oil and gas",7.7,6,35.62,0.7792207792207793,14.15,2245006,161.1,1483553
Manitoba,2024/6/1,"Forestry, fishing, mining, quarrying, oil and gas",8.5,7,36.52,0.8235294117647058,14.15,2193432,160.7,1483553
Manitoba,2024/7/1,"Forestry, fishing, mining, quarrying, oil and gas",7.8,7,36.36,0.8974358974358975,14.15,2261221,162.2,1492144
Manitoba,2024/8/1,"Forestry, fishing, mining, quarrying, oil and gas",7.8,7.5,35.83,0.9615384615384616,14.15,2273468,161.5,1492144
Manitoba,2024/9/1,"Forestry, fishing, mining, quarrying, oil and gas",6.9,6.1,42.92,0.8840579710144927,14.15,2265509,160.4,1492144
Manitoba,2024/10/1,"Forestry, fishing, mining, quarrying, oil and gas",6.5,6.1,41.36,0.9384615384615383,15.8,2319321,161.4,1500464
Manitoba,2024/11/1,"Forestry, fishing, mining, quarrying, oil and gas",7.3,6.9,44.26,0.9452054794520548,15.8,2299636,161.2,1500464
Manitoba,2024/12/1,"Forestry, fishing, mining, quarrying, oil and gas",7.4,6.6,44.13,0.8918918918918918,15.8,2385184,160,1500464
Manitoba,2025/1/1,"Forestry, fishing, mining, quarrying, oil and gas",7.1,6,42.69,0.8450704225352114,15.8,2378429,161.7,1505644
Manitoba,2025/2/1,"Forestry, fishing, mining, quarrying, oil and gas",6.3,5.7,41.52,0.9047619047619048,15.8,2429505,163.8,1505644
Manitoba,2025/3/1,"Forestry, fishing, mining, quarrying, oil and gas",7.3,6.3,39.28,0.863013698630137,15.8,2380680,163.8,1505644
Manitoba,2025/4/1,"Forestry, fishing, mining, quarrying, oil and gas",5.9,5.6,43.1,0.9491525423728812,15.8,2388941,163.3,1508031
Manitoba,2025/5/1,"Forestry, fishing, mining, quarrying, oil and gas",6.6,6,41.11,0.9090909090909092,15.8,2368843,164.2,1508031
Manitoba,2025/6/1,"Forestry, fishing, mining, quarrying, oil and gas",6.3,6.1,41.63,0.9682539682539684,15.8,2331986,164.3,1508031
Manitoba,2025/7/1,"Forestry, fishing, mining, quarrying, oil and gas",7.9,7.1,46.27,0.8987341772151898,15.8,2338792,165.3,1509702
Manitoba,2025/8/1,"Forestry, fishing, mining, quarrying, oil and gas",6.9,6,45.73,0.8695652173913043,15.8,2336260,164.8,1509702
Manitoba,2025/9/1,"Forestry, fishing, mining, quarrying, oil and gas",7,6.2,48.24,0.8857142857142858,15.8,,165,1509702
Manitoba,2022/1/1,Goods-producing sector,,,,,11.95,,,
Manitoba,2022/2/1,Goods-producing sector,,,,,11.95,,,
Manitoba,2022/3/1,Goods-producing sector,,,,,11.95,,,
Manitoba,2022/4/1,Goods-producing sector,,,,,11.95,,,
Manitoba,2022/5/1,Goods-producing sector,,,,,11.95,,,
Manitoba,2022/6/1,Goods-producing sector,,,,,11.95,,,
Manitoba,2022/7/1,Goods-producing sector,,,,,11.95,,,
Manitoba,2022/8/1,Goods-producing sector,,,,,11.95,,,
Manitoba,2022/9/1,Goods-producing sector,,,,,11.95,,,
Manitoba,2022/10/1,Goods-producing sector,,,,,13.5,,,
Manitoba,2022/11/1,Goods-producing sector,,,,,13.5,,,
Manitoba,2022/12/1,Goods-producing sector,,,,,13.5,,,
Manitoba,2023/1/1,Goods-producing sector,154.3,126,28.98,0.8165910563836681,13.5,2308059,156.2,1433655
Manitoba,2023/2/1,Goods-producing sector,155.8,128.9,28.66,0.8273427471116817,13.5,2216648,156.9,1433655
Manitoba,2023/3/1,Goods-producing sector,157.4,126.7,29.75,0.8049555273189326,13.5,2217927,157.7,1433655
Manitoba,2023/4/1,Goods-producing sector,157.1,129.4,29.55,0.8236791852323362,14.15,2213954,159.4,1444049
Manitoba,2023/5/1,Goods-producing sector,165.1,138.4,30.36,0.8382798304058148,14.15,2251790,159.1,1444049
Manitoba,2023/6/1,Goods-producing sector,163.8,137.8,30,0.8412698412698413,14.15,2196129,158.5,1444049
Manitoba,2023/7/1,Goods-producing sector,168.2,142.8,30.78,0.8489892984542213,14.15,2192385,159.3,1453202
Manitoba,2023/8/1,Goods-producing sector,170.3,141.9,30.43,0.8332354668232531,14.15,2220258,159.5,1453202
Manitoba,2023/9/1,Goods-producing sector,164.6,139.4,30.59,0.8469015795868774,14.15,2272174,159.2,1453202
Manitoba,2023/10/1,Goods-producing sector,163.8,138.4,30.25,0.8449328449328449,14.15,2251191,159.6,1462439
Manitoba,2023/11/1,Goods-producing sector,163.6,136.7,30.46,0.8355745721271394,14.15,2254893,159.8,1462439
Manitoba,2023/12/1,Goods-producing sector,162.7,133.6,31.35,0.8211432083589428,14.15,2231141,158.2,1462439
Manitoba,2024/1/1,Goods-producing sector,166,134.8,31.31,0.8120481927710844,14.15,2264256,157.5,1472261
Manitoba,2024/2/1,Goods-producing sector,158.8,130,30.86,0.818639798488665,14.15,2228957,158.3,1472261
Manitoba,2024/3/1,Goods-producing sector,159.8,130.3,30.89,0.8153942428035044,14.15,2230562,159,1472261
Manitoba,2024/4/1,Goods-producing sector,161.9,132.3,31.28,0.8171710932674491,14.15,2285029,160,1483553
Manitoba,2024/5/1,Goods-producing sector,162.3,135.6,30.76,0.8354898336414047,14.15,2245006,161.1,1483553
Manitoba,2024/6/1,Goods-producing sector,161.7,138.1,30.62,0.8540507111935683,14.15,2193432,160.7,1483553
Manitoba,2024/7/1,Goods-producing sector,162.4,139.9,29.98,0.8614532019704434,14.15,2261221,162.2,1492144
Manitoba,2024/8/1,Goods-producing sector,164.8,140.2,30.01,0.8507281553398057,14.15,2273468,161.5,1492144
Manitoba,2024/9/1,Goods-producing sector,157.9,134.1,30.48,0.8492716909436352,14.15,2265509,160.4,1492144
Manitoba,2024/10/1,Goods-producing sector,158.6,137.1,31.19,0.8644388398486759,15.8,2319321,161.4,1500464
Manitoba,2024/11/1,Goods-producing sector,158.2,136.7,32.13,0.8640960809102401,15.8,2299636,161.2,1500464
Manitoba,2024/12/1,Goods-producing sector,155.5,133.4,32.55,0.8578778135048232,15.8,2385184,160,1500464
Manitoba,2025/1/1,Goods-producing sector,160.9,135.6,32.39,0.8427594779366065,15.8,2378429,161.7,1505644
Manitoba,2025/2/1,Goods-producing sector,161.9,134.2,32.93,0.8289067325509573,15.8,2429505,163.8,1505644
Manitoba,2025/3/1,Goods-producing sector,163.1,135.2,33.13,0.8289393010423053,15.8,2380680,163.8,1505644
Manitoba,2025/4/1,Goods-producing sector,162.9,137.3,32.33,0.8428483732351136,15.8,2388941,163.3,1508031
Manitoba,2025/5/1,Goods-producing sector,169.7,141.5,32.1,0.8338243959929288,15.8,2368843,164.2,1508031
Manitoba,2025/6/1,Goods-producing sector,172.9,145,31.42,0.8386350491613649,15.8,2331986,164.3,1508031
Manitoba,2025/7/1,Goods-producing sector,170.7,144,31.24,0.843585237258348,15.8,2338792,165.3,1509702
Manitoba,2025/8/1,Goods-producing sector,169.1,140,31.76,0.827912477823773,15.8,2336260,164.8,1509702
Manitoba,2025/9/1,Goods-producing sector,166.6,141.2,31.94,0.8475390156062425,15.8,,165,1509702
Manitoba,2022/1/1,Health care and social assistance,,,,,11.95,,,
Manitoba,2022/2/1,Health care and social assistance,,,,,11.95,,,
Manitoba,2022/3/1,Health care and social assistance,,,,,11.95,,,
Manitoba,2022/4/1,Health care and social assistance,,,,,11.95,,,
Manitoba,2022/5/1,Health care and social assistance,,,,,11.95,,,
Manitoba,2022/6/1,Health care and social assistance,,,,,11.95,,,
Manitoba,2022/7/1,Health care and social assistance,,,,,11.95,,,
Manitoba,2022/8/1,Health care and social assistance,,,,,11.95,,,
Manitoba,2022/9/1,Health care and social assistance,,,,,11.95,,,
Manitoba,2022/10/1,Health care and social assistance,,,,,13.5,,,
Manitoba,2022/11/1,Health care and social assistance,,,,,13.5,,,
Manitoba,2022/12/1,Health care and social assistance,,,,,13.5,,,
Manitoba,2023/1/1,Health care and social assistance,105.3,95,29,0.9021842355175688,13.5,2308059,156.2,1433655
Manitoba,2023/2/1,Health care and social assistance,107.2,96.1,29.08,0.896455223880597,13.5,2216648,156.9,1433655
Manitoba,2023/3/1,Health care and social assistance,105.9,95.6,30.18,0.9027384324834749,13.5,2217927,157.7,1433655
Manitoba,2023/4/1,Health care and social assistance,105.6,94.7,29.82,0.8967803030303031,14.15,2213954,159.4,1444049
Manitoba,2023/5/1,Health care and social assistance,108.7,97.7,30.02,0.8988040478380864,14.15,2251790,159.1,1444049
Manitoba,2023/6/1,Health care and social assistance,106.8,96.7,29.25,0.9054307116104868,14.15,2196129,158.5,1444049
Manitoba,2023/7/1,Health care and social assistance,110.3,101.1,28.93,0.9165911151405258,14.15,2192385,159.3,1453202
Manitoba,2023/8/1,Health care and social assistance,110.5,100.1,29.54,0.9058823529411764,14.15,2220258,159.5,1453202
Manitoba,2023/9/1,Health care and social assistance,112.7,103.6,30.14,0.9192546583850932,14.15,2272174,159.2,1453202
Manitoba,2023/10/1,Health care and social assistance,113.2,102.4,29.82,0.9045936395759716,14.15,2251191,159.6,1462439
Manitoba,2023/11/1,Health care and social assistance,114.8,106.2,29.1,0.9250871080139372,14.15,2254893,159.8,1462439
Manitoba,2023/12/1,Health care and social assistance,110.4,101.4,29.01,0.9184782608695652,14.15,2231141,158.2,1462439
Manitoba,2024/1/1,Health care and social assistance,111.8,101.3,28.43,0.90608228980322,14.15,2264256,157.5,1472261
Manitoba,2024/2/1,Health care and social assistance,114.2,106,29.34,0.9281961471103328,14.15,2228957,158.3,1472261
Manitoba,2024/3/1,Health care and social assistance,113.2,104.9,29.66,0.926678445229682,14.15,2230562,159,1472261
Manitoba,2024/4/1,Health care and social assistance,113,105.2,29.98,0.9309734513274336,14.15,2285029,160,1483553
Manitoba,2024/5/1,Health care and social assistance,115.7,105.5,29.76,0.9118409680207432,14.15,2245006,161.1,1483553
Manitoba,2024/6/1,Health care and social assistance,117.2,105.4,30.37,0.8993174061433448,14.15,2193432,160.7,1483553
Manitoba,2024/7/1,Health care and social assistance,119,108.1,29.88,0.9084033613445378,14.15,2261221,162.2,1492144
Manitoba,2024/8/1,Health care and social assistance,119.1,109.3,29.71,0.9177162048698572,14.15,2273468,161.5,1492144
Manitoba,2024/9/1,Health care and social assistance,119.6,107.3,30.76,0.8971571906354515,14.15,2265509,160.4,1492144
Manitoba,2024/10/1,Health care and social assistance,118.8,105.3,30.05,0.8863636363636364,15.8,2319321,161.4,1500464
Manitoba,2024/11/1,Health care and social assistance,119.3,109,31.23,0.9136630343671416,15.8,2299636,161.2,1500464
Manitoba,2024/12/1,Health care and social assistance,118.3,108.6,30.63,0.9180050718512256,15.8,2385184,160,1500464
Manitoba,2025/1/1,Health care and social assistance,121.3,109,31.23,0.8985985160758451,15.8,2378429,161.7,1505644
Manitoba,2025/2/1,Health care and social assistance,124.3,110.2,30.63,0.8865647626709574,15.8,2429505,163.8,1505644
Manitoba,2025/3/1,Health care and social assistance,124.5,111.1,30.98,0.8923694779116466,15.8,2380680,163.8,1505644
Manitoba,2025/4/1,Health care and social assistance,120.9,107.4,30.54,0.8883374689826303,15.8,2388941,163.3,1508031
Manitoba,2025/5/1,Health care and social assistance,123,109,31.85,0.8861788617886179,15.8,2368843,164.2,1508031
Manitoba,2025/6/1,Health care and social assistance,122.7,109.5,32.07,0.8924205378973105,15.8,2331986,164.3,1508031
Manitoba,2025/7/1,Health care and social assistance,127.6,114.2,30.72,0.8949843260188088,15.8,2338792,165.3,1509702
Manitoba,2025/8/1,Health care and social assistance,127.5,114,31.38,0.8941176470588236,15.8,2336260,164.8,1509702
Manitoba,2025/9/1,Health care and social assistance,127.8,115.3,32.44,0.902190923317684,15.8,,165,1509702
Manitoba,2022/1/1,"Information, culture and recreation",,,,,11.95,,,
Manitoba,2022/2/1,"Information, culture and recreation",,,,,11.95,,,
Manitoba,2022/3/1,"Information, culture and recreation",,,,,11.95,,,
Manitoba,2022/4/1,"Information, culture and recreation",,,,,11.95,,,
Manitoba,2022/5/1,"Information, culture and recreation",,,,,11.95,,,
Manitoba,2022/6/1,"Information, culture and recreation",,,,,11.95,,,
Manitoba,2022/7/1,"Information, culture and recreation",,,,,11.95,,,
Manitoba,2022/8/1,"Information, culture and recreation",,,,,11.95,,,
Manitoba,2022/9/1,"Information, culture and recreation",,,,,11.95,,,
Manitoba,2022/10/1,"Information, culture and recreation",,,,,13.5,,,
Manitoba,2022/11/1,"Information, culture and recreation",,,,,13.5,,,
Manitoba,2022/12/1,"Information, culture and recreation",,,,,13.5,,,
Manitoba,2023/1/1,"Information, culture and recreation",25.6,20.6,25.98,0.8046875,13.5,2308059,156.2,1433655
Manitoba,2023/2/1,"Information, culture and recreation",25.1,20.9,25.51,0.8326693227091633,13.5,2216648,156.9,1433655
Manitoba,2023/3/1,"Information, culture and recreation",24.5,21,26.4,0.8571428571428571,13.5,2217927,157.7,1433655
Manitoba,2023/4/1,"Information, culture and recreation",25.5,20.3,27.62,0.7960784313725491,14.15,2213954,159.4,1444049
Manitoba,2023/5/1,"Information, culture and recreation",26,21.4,27.07,0.823076923076923,14.15,2251790,159.1,1444049
Manitoba,2023/6/1,"Information, culture and recreation",29.1,24.9,25.74,0.8556701030927835,14.15,2196129,158.5,1444049
Manitoba,2023/7/1,"Information, culture and recreation",27.7,23.5,26.77,0.848375451263538,14.15,2192385,159.3,1453202
Manitoba,2023/8/1,"Information, culture and recreation",28.6,22.6,26.4,0.7902097902097902,14.15,2220258,159.5,1453202
Manitoba,2023/9/1,"Information, culture and recreation",27.2,22.6,28.36,0.8308823529411765,14.15,2272174,159.2,1453202
Manitoba,2023/10/1,"Information, culture and recreation",25.3,19.8,30.59,0.782608695652174,14.15,2251191,159.6,1462439
Manitoba,2023/11/1,"Information, culture and recreation",24.6,19.4,29.38,0.7886178861788616,14.15,2254893,159.8,1462439
Manitoba,2023/12/1,"Information, culture and recreation",26.8,22.3,27.58,0.832089552238806,14.15,2231141,158.2,1462439
Manitoba,2024/1/1,"Information, culture and recreation",24.7,20.8,26.72,0.8421052631578948,14.15,2264256,157.5,1472261
Manitoba,2024/2/1,"Information, culture and recreation",25.9,22.3,27.75,0.8610038610038611,14.15,2228957,158.3,1472261
Manitoba,2024/3/1,"Information, culture and recreation",26.8,22.3,27.37,0.832089552238806,14.15,2230562,159,1472261
Manitoba,2024/4/1,"Information, culture and recreation",28.2,24.5,28.22,0.8687943262411347,14.15,2285029,160,1483553
Manitoba,2024/5/1,"Information, culture and recreation",29.7,25.4,27.09,0.8552188552188552,14.15,2245006,161.1,1483553
Manitoba,2024/6/1,"Information, culture and recreation",28.4,24.4,26.63,0.8591549295774648,14.15,2193432,160.7,1483553
Manitoba,2024/7/1,"Information, culture and recreation",29.3,24.2,24.56,0.825938566552901,14.15,2261221,162.2,1492144
Manitoba,2024/8/1,"Information, culture and recreation",28.6,23.9,23.8,0.8356643356643356,14.15,2273468,161.5,1492144
Manitoba,2024/9/1,"Information, culture and recreation",25.1,21.4,25.37,0.8525896414342629,14.15,2265509,160.4,1492144
Manitoba,2024/10/1,"Information, culture and recreation",29.3,23,25.77,0.7849829351535836,15.8,2319321,161.4,1500464
Manitoba,2024/11/1,"Information, culture and recreation",28.5,20.4,27.68,0.7157894736842105,15.8,2299636,161.2,1500464
Manitoba,2024/12/1,"Information, culture and recreation",28.5,22.8,28.29,0.8,15.8,2385184,160,1500464
Manitoba,2025/1/1,"Information, culture and recreation",28.8,21.9,28.05,0.7604166666666666,15.8,2378429,161.7,1505644
Manitoba,2025/2/1,"Information, culture and recreation",29.2,22.3,28.46,0.7636986301369864,15.8,2429505,163.8,1505644
Manitoba,2025/3/1,"Information, culture and recreation",26.2,21.2,30.75,0.8091603053435115,15.8,2380680,163.8,1505644
Manitoba,2025/4/1,"Information, culture and recreation",25.7,21.2,30.25,0.8249027237354085,15.8,2388941,163.3,1508031
Manitoba,2025/5/1,"Information, culture and recreation",27.1,22.2,28.82,0.8191881918819187,15.8,2368843,164.2,1508031
Manitoba,2025/6/1,"Information, culture and recreation",30,25.8,26.36,0.86,15.8,2331986,164.3,1508031
Manitoba,2025/7/1,"Information, culture and recreation",30,26,24.97,0.8666666666666667,15.8,2338792,165.3,1509702
Manitoba,2025/8/1,"Information, culture and recreation",29.1,25.1,24.32,0.8625429553264605,15.8,2336260,164.8,1509702
Manitoba,2025/9/1,"Information, culture and recreation",27.2,22.4,25.14,0.8235294117647058,15.8,,165,1509702
Manitoba,2022/1/1,Manufacturing,,,,,11.95,,,
Manitoba,2022/2/1,Manufacturing,,,,,11.95,,,
Manitoba,2022/3/1,Manufacturing,,,,,11.95,,,
Manitoba,2022/4/1,Manufacturing,,,,,11.95,,,
Manitoba,2022/5/1,Manufacturing,,,,,11.95,,,
Manitoba,2022/6/1,Manufacturing,,,,,11.95,,,
Manitoba,2022/7/1,Manufacturing,,,,,11.95,,,
Manitoba,2022/8/1,Manufacturing,,,,,11.95,,,
Manitoba,2022/9/1,Manufacturing,,,,,11.95,,,
Manitoba,2022/10/1,Manufacturing,,,,,13.5,,,
Manitoba,2022/11/1,Manufacturing,,,,,13.5,,,
Manitoba,2022/12/1,Manufacturing,,,,,13.5,,,
Manitoba,2023/1/1,Manufacturing,70.1,66.7,26.65,0.9514978601997148,13.5,2308059,156.2,1433655
Manitoba,2023/2/1,Manufacturing,70,66.6,27.06,0.9514285714285714,13.5,2216648,156.9,1433655
Manitoba,2023/3/1,Manufacturing,69.4,65.6,27.33,0.945244956772334,13.5,2217927,157.7,1433655
Manitoba,2023/4/1,Manufacturing,69.7,66.2,27.42,0.9497847919655668,14.15,2213954,159.4,1444049
Manitoba,2023/5/1,Manufacturing,71.3,66.9,29.04,0.9382889200561012,14.15,2251790,159.1,1444049
Manitoba,2023/6/1,Manufacturing,70.4,66.2,29.06,0.9403409090909092,14.15,2196129,158.5,1444049
Manitoba,2023/7/1,Manufacturing,72.2,68.2,29.63,0.9445983379501384,14.15,2192385,159.3,1453202
Manitoba,2023/8/1,Manufacturing,73.6,69.1,29.03,0.938858695652174,14.15,2220258,159.5,1453202
Manitoba,2023/9/1,Manufacturing,73.4,69.6,29.25,0.9482288828337874,14.15,2272174,159.2,1453202
Manitoba,2023/10/1,Manufacturing,73.8,70.1,29.8,0.9498644986449865,14.15,2251191,159.6,1462439
Manitoba,2023/11/1,Manufacturing,76.8,73.1,29.89,0.9518229166666666,14.15,2254893,159.8,1462439
Manitoba,2023/12/1,Manufacturing,75.6,71.7,31.08,0.9484126984126984,14.15,2231141,158.2,1462439
Manitoba,2024/1/1,Manufacturing,75.4,71.2,31.38,0.9442970822281168,14.15,2264256,157.5,1472261
Manitoba,2024/2/1,Manufacturing,73.4,68.6,29.37,0.9346049046321524,14.15,2228957,158.3,1472261
Manitoba,2024/3/1,Manufacturing,75.6,70.4,29.4,0.9312169312169314,14.15,2230562,159,1472261
Manitoba,2024/4/1,Manufacturing,75.4,70,29.94,0.9283819628647214,14.15,2285029,160,1483553
Manitoba,2024/5/1,Manufacturing,75.3,71.4,29.12,0.9482071713147412,14.15,2245006,161.1,1483553
Manitoba,2024/6/1,Manufacturing,72.2,69.2,29.21,0.9584487534626038,14.15,2193432,160.7,1483553
Manitoba,2024/7/1,Manufacturing,73.5,69.7,27.9,0.9482993197278912,14.15,2261221,162.2,1492144
Manitoba,2024/8/1,Manufacturing,73.4,69,27.85,0.9400544959128064,14.15,2273468,161.5,1492144
Manitoba,2024/9/1,Manufacturing,72.4,67.8,28.06,0.93646408839779,14.15,2265509,160.4,1492144
Manitoba,2024/10/1,Manufacturing,73.4,70.1,28.68,0.9550408719346049,15.8,2319321,161.4,1500464
Manitoba,2024/11/1,Manufacturing,72.9,70.9,28.96,0.9725651577503428,15.8,2299636,161.2,1500464
Manitoba,2024/12/1,Manufacturing,71,69.7,28.9,0.9816901408450704,15.8,2385184,160,1500464
Manitoba,2025/1/1,Manufacturing,73.3,72.6,29.24,0.990450204638472,15.8,2378429,161.7,1505644
Manitoba,2025/2/1,Manufacturing,73.1,70.8,29.84,0.9685362517099864,15.8,2429505,163.8,1505644
Manitoba,2025/3/1,Manufacturing,74.5,71.3,30.81,0.9570469798657718,15.8,2380680,163.8,1505644
Manitoba,2025/4/1,Manufacturing,73.3,71.7,29.84,0.9781718963165076,15.8,2388941,163.3,1508031
Manitoba,2025/5/1,Manufacturing,73.4,71.8,29.87,0.978201634877384,15.8,2368843,164.2,1508031
Manitoba,2025/6/1,Manufacturing,75.3,74.3,29.25,0.9867197875166004,15.8,2331986,164.3,1508031
Manitoba,2025/7/1,Manufacturing,75.6,73.3,28.3,0.9695767195767196,15.8,2338792,165.3,1509702
Manitoba,2025/8/1,Manufacturing,73,68.6,29.59,0.9397260273972602,15.8,2336260,164.8,1509702
Manitoba,2025/9/1,Manufacturing,71,66.9,29.47,0.9422535211267606,15.8,,165,1509702
Manitoba,2022/1/1,Other services (except public administration),,,,,11.95,,,
Manitoba,2022/2/1,Other services (except public administration),,,,,11.95,,,
Manitoba,2022/3/1,Other services (except public administration),,,,,11.95,,,
Manitoba,2022/4/1,Other services (except public administration),,,,,11.95,,,
Manitoba,2022/5/1,Other services (except public administration),,,,,11.95,,,
Manitoba,2022/6/1,Other services (except public administration),,,,,11.95,,,
Manitoba,2022/7/1,Other services (except public administration),,,,,11.95,,,
Manitoba,2022/8/1,Other services (except public administration),,,,,11.95,,,
Manitoba,2022/9/1,Other services (except public administration),,,,,11.95,,,
Manitoba,2022/10/1,Other services (except public administration),,,,,13.5,,,
Manitoba,2022/11/1,Other services (except public administration),,,,,13.5,,,
Manitoba,2022/12/1,Other services (except public administration),,,,,13.5,,,
Manitoba,2023/1/1,Other services (except public administration),29.1,21.6,26.57,0.7422680412371134,13.5,2308059,156.2,1433655
Manitoba,2023/2/1,Other services (except public administration),27.7,20.5,27.63,0.740072202166065,13.5,2216648,156.9,1433655
Manitoba,2023/3/1,Other services (except public administration),28.2,23.9,24.77,0.8475177304964538,13.5,2217927,157.7,1433655
Manitoba,2023/4/1,Other services (except public administration),29.8,24.7,25.69,0.8288590604026845,14.15,2213954,159.4,1444049
Manitoba,2023/5/1,Other services (except public administration),27.9,22.5,24.42,0.8064516129032259,14.15,2251790,159.1,1444049
Manitoba,2023/6/1,Other services (except public administration),28.3,20.8,25.49,0.734982332155477,14.15,2196129,158.5,1444049
Manitoba,2023/7/1,Other services (except public administration),26.7,21.9,25.07,0.8202247191011236,14.15,2192385,159.3,1453202
Manitoba,2023/8/1,Other services (except public administration),31.1,25.2,26.04,0.810289389067524,14.15,2220258,159.5,1453202
Manitoba,2023/9/1,Other services (except public administration),29.4,22.9,27.14,0.7789115646258503,14.15,2272174,159.2,1453202
Manitoba,2023/10/1,Other services (except public administration),27.3,21.6,26.54,0.7912087912087913,14.15,2251191,159.6,1462439
Manitoba,2023/11/1,Other services (except public administration),27.1,20,24.72,0.7380073800738007,14.15,2254893,159.8,1462439
Manitoba,2023/12/1,Other services (except public administration),26.4,20.1,25.9,0.7613636363636365,14.15,2231141,158.2,1462439
Manitoba,2024/1/1,Other services (except public administration),28.8,21.5,25.73,0.7465277777777778,14.15,2264256,157.5,1472261
Manitoba,2024/2/1,Other services (except public administration),30.5,22.9,24.97,0.7508196721311475,14.15,2228957,158.3,1472261
Manitoba,2024/3/1,Other services (except public administration),30.5,22.5,24.03,0.7377049180327869,14.15,2230562,159,1472261
Manitoba,2024/4/1,Other services (except public administration),30.7,22.8,23.69,0.742671009771987,14.15,2285029,160,1483553
Manitoba,2024/5/1,Other services (except public administration),33.9,25.8,27,0.7610619469026549,14.15,2245006,161.1,1483553
Manitoba,2024/6/1,Other services (except public administration),34,26,27.45,0.7647058823529411,14.15,2193432,160.7,1483553
Manitoba,2024/7/1,Other services (except public administration),33.9,26.5,26.8,0.7817109144542773,14.15,2261221,162.2,1492144
Manitoba,2024/8/1,Other services (except public administration),34.2,27.2,27.02,0.7953216374269005,14.15,2273468,161.5,1492144
Manitoba,2024/9/1,Other services (except public administration),31.5,24.9,26.96,0.7904761904761904,14.15,2265509,160.4,1492144
Manitoba,2024/10/1,Other services (except public administration),30.8,24.4,30.98,0.7922077922077921,15.8,2319321,161.4,1500464
Manitoba,2024/11/1,Other services (except public administration),30.5,24.4,31.02,0.7999999999999999,15.8,2299636,161.2,1500464
Manitoba,2024/12/1,Other services (except public administration),31.1,23.6,28.05,0.7588424437299035,15.8,2385184,160,1500464
Manitoba,2025/1/1,Other services (except public administration),28.7,22.7,30.49,0.7909407665505226,15.8,2378429,161.7,1505644
Manitoba,2025/2/1,Other services (except public administration),29.4,23.1,29.36,0.7857142857142858,15.8,2429505,163.8,1505644
Manitoba,2025/3/1,Other services (except public administration),29.6,22,30.95,0.7432432432432432,15.8,2380680,163.8,1505644
Manitoba,2025/4/1,Other services (except public administration),28.8,21.6,30.07,0.75,15.8,2388941,163.3,1508031
Manitoba,2025/5/1,Other services (except public administration),29.7,22.2,27.53,0.7474747474747475,15.8,2368843,164.2,1508031
Manitoba,2025/6/1,Other services (except public administration),25.7,19.9,28.12,0.7743190661478598,15.8,2331986,164.3,1508031
Manitoba,2025/7/1,Other services (except public administration),28,20.3,26.06,0.725,15.8,2338792,165.3,1509702
Manitoba,2025/8/1,Other services (except public administration),27.9,21,27.36,0.7526881720430108,15.8,2336260,164.8,1509702
Manitoba,2025/9/1,Other services (except public administration),29.1,22.3,28.99,0.7663230240549828,15.8,,165,1509702
Manitoba,2022/1/1,"Professional, scientific and technical services",,,,,11.95,,,
Manitoba,2022/2/1,"Professional, scientific and technical services",,,,,11.95,,,
Manitoba,2022/3/1,"Professional, scientific and technical services",,,,,11.95,,,
Manitoba,2022/4/1,"Professional, scientific and technical services",,,,,11.95,,,
Manitoba,2022/5/1,"Professional, scientific and technical services",,,,,11.95,,,
Manitoba,2022/6/1,"Professional, scientific and technical services",,,,,11.95,,,
Manitoba,2022/7/1,"Professional, scientific and technical services",,,,,11.95,,,
Manitoba,2022/8/1,"Professional, scientific and technical services",,,,,11.95,,,
Manitoba,2022/9/1,"Professional, scientific and technical services",,,,,11.95,,,
Manitoba,2022/10/1,"Professional, scientific and technical services",,,,,13.5,,,
Manitoba,2022/11/1,"Professional, scientific and technical services",,,,,13.5,,,
Manitoba,2022/12/1,"Professional, scientific and technical services",,,,,13.5,,,
Manitoba,2023/1/1,"Professional, scientific and technical services",34.4,27.1,37.91,0.7877906976744187,13.5,2308059,156.2,1433655
Manitoba,2023/2/1,"Professional, scientific and technical services",35.6,27.1,39.01,0.7612359550561798,13.5,2216648,156.9,1433655
Manitoba,2023/3/1,"Professional, scientific and technical services",37.4,27.9,39.56,0.7459893048128342,13.5,2217927,157.7,1433655
Manitoba,2023/4/1,"Professional, scientific and technical services",37.6,27.4,36.77,0.7287234042553191,14.15,2213954,159.4,1444049
Manitoba,2023/5/1,"Professional, scientific and technical services",38.5,28.8,37.03,0.7480519480519481,14.15,2251790,159.1,1444049
Manitoba,2023/6/1,"Professional, scientific and technical services",37.4,29,35.07,0.7754010695187166,14.15,2196129,158.5,1444049
Manitoba,2023/7/1,"Professional, scientific and technical services",39.1,29.3,34.48,0.7493606138107417,14.15,2192385,159.3,1453202
Manitoba,2023/8/1,"Professional, scientific and technical services",37,29,36.57,0.7837837837837838,14.15,2220258,159.5,1453202
Manitoba,2023/9/1,"Professional, scientific and technical services",35.4,25.6,37.28,0.7231638418079097,14.15,2272174,159.2,1453202
Manitoba,2023/10/1,"Professional, scientific and technical services",37.1,27.4,36.25,0.7385444743935309,14.15,2251191,159.6,1462439
Manitoba,2023/11/1,"Professional, scientific and technical services",36.5,26.7,35.94,0.7315068493150685,14.15,2254893,159.8,1462439
Manitoba,2023/12/1,"Professional, scientific and technical services",37.4,26.6,35.86,0.7112299465240642,14.15,2231141,158.2,1462439
Manitoba,2024/1/1,"Professional, scientific and technical services",37.2,25.4,35.23,0.6827956989247311,14.15,2264256,157.5,1472261
Manitoba,2024/2/1,"Professional, scientific and technical services",35.7,26.1,35.71,0.7310924369747899,14.15,2228957,158.3,1472261
Manitoba,2024/3/1,"Professional, scientific and technical services",36,26.3,35.5,0.7305555555555556,14.15,2230562,159,1472261
Manitoba,2024/4/1,"Professional, scientific and technical services",35.8,25.1,36.95,0.7011173184357543,14.15,2285029,160,1483553
Manitoba,2024/5/1,"Professional, scientific and technical services",37.8,27.1,35.36,0.716931216931217,14.15,2245006,161.1,1483553
Manitoba,2024/6/1,"Professional, scientific and technical services",39.8,29.7,34.78,0.7462311557788945,14.15,2193432,160.7,1483553
Manitoba,2024/7/1,"Professional, scientific and technical services",39.5,30,34.91,0.759493670886076,14.15,2261221,162.2,1492144
Manitoba,2024/8/1,"Professional, scientific and technical services",39.7,28.7,38.25,0.7229219143576826,14.15,2273468,161.5,1492144
Manitoba,2024/9/1,"Professional, scientific and technical services",38,27.5,39.56,0.7236842105263158,14.15,2265509,160.4,1492144
Manitoba,2024/10/1,"Professional, scientific and technical services",38.5,26.4,40.38,0.6857142857142857,15.8,2319321,161.4,1500464
Manitoba,2024/11/1,"Professional, scientific and technical services",39.7,28.2,41.92,0.7103274559193954,15.8,2299636,161.2,1500464
Manitoba,2024/12/1,"Professional, scientific and technical services",40.5,28.6,38.34,0.7061728395061728,15.8,2385184,160,1500464
Manitoba,2025/1/1,"Professional, scientific and technical services",40.3,27.4,38.38,0.6799007444168734,15.8,2378429,161.7,1505644
Manitoba,2025/2/1,"Professional, scientific and technical services",42.6,30.4,38.03,0.7136150234741784,15.8,2429505,163.8,1505644
Manitoba,2025/3/1,"Professional, scientific and technical services",41.5,28.2,37.62,0.6795180722891566,15.8,2380680,163.8,1505644
Manitoba,2025/4/1,"Professional, scientific and technical services",43.4,31.9,37.51,0.7350230414746544,15.8,2388941,163.3,1508031
Manitoba,2025/5/1,"Professional, scientific and technical services",41.8,30.3,40.8,0.7248803827751197,15.8,2368843,164.2,1508031
Manitoba,2025/6/1,"Professional, scientific and technical services",40.5,26.9,38.29,0.6641975308641975,15.8,2331986,164.3,1508031
Manitoba,2025/7/1,"Professional, scientific and technical services",41.2,27.7,39.17,0.6723300970873786,15.8,2338792,165.3,1509702
Manitoba,2025/8/1,"Professional, scientific and technical services",42,29.3,38.4,0.6976190476190476,15.8,2336260,164.8,1509702
Manitoba,2025/9/1,"Professional, scientific and technical services",40.2,27.3,38.28,0.6791044776119403,15.8,,165,1509702
Manitoba,2022/1/1,Public administration,,,,,11.95,,,
Manitoba,2022/2/1,Public administration,,,,,11.95,,,
Manitoba,2022/3/1,Public administration,,,,,11.95,,,
Manitoba,2022/4/1,Public administration,,,,,11.95,,,
Manitoba,2022/5/1,Public administration,,,,,11.95,,,
Manitoba,2022/6/1,Public administration,,,,,11.95,,,
Manitoba,2022/7/1,Public administration,,,,,11.95,,,
Manitoba,2022/8/1,Public administration,,,,,11.95,,,
Manitoba,2022/9/1,Public administration,,,,,11.95,,,
Manitoba,2022/10/1,Public administration,,,,,13.5,,,
Manitoba,2022/11/1,Public administration,,,,,13.5,,,
Manitoba,2022/12/1,Public administration,,,,,13.5,,,
Manitoba,2023/1/1,Public administration,44.1,43,37.39,0.9750566893424036,13.5,2308059,156.2,1433655
Manitoba,2023/2/1,Public administration,43.6,42.3,39.49,0.970183486238532,13.5,2216648,156.9,1433655
Manitoba,2023/3/1,Public administration,44.9,44.3,38.37,0.9866369710467706,13.5,2217927,157.7,1433655
Manitoba,2023/4/1,Public administration,43.4,42.6,38,0.9815668202764978,14.15,2213954,159.4,1444049
Manitoba,2023/5/1,Public administration,46.3,45.2,38.6,0.9762419006479482,14.15,2251790,159.1,1444049
Manitoba,2023/6/1,Public administration,48.9,48.1,37.07,0.9836400817995912,14.15,2196129,158.5,1444049
Manitoba,2023/7/1,Public administration,48.9,47.6,38.01,0.9734151329243356,14.15,2192385,159.3,1453202
Manitoba,2023/8/1,Public administration,49.3,47.8,37.11,0.969574036511156,14.15,2220258,159.5,1453202
Manitoba,2023/9/1,Public administration,48,46.6,37.16,0.9708333333333332,14.15,2272174,159.2,1453202
Manitoba,2023/10/1,Public administration,45.5,43.9,38.46,0.9648351648351648,14.15,2251191,159.6,1462439
Manitoba,2023/11/1,Public administration,44.3,43.4,38.08,0.979683972911964,14.15,2254893,159.8,1462439
Manitoba,2023/12/1,Public administration,44.2,43.4,37.61,0.9819004524886876,14.15,2231141,158.2,1462439
Manitoba,2024/1/1,Public administration,44,43.1,38.86,0.9795454545454546,14.15,2264256,157.5,1472261
Manitoba,2024/2/1,Public administration,44.4,43.6,39.89,0.981981981981982,14.15,2228957,158.3,1472261
Manitoba,2024/3/1,Public administration,45,43.7,39.93,0.9711111111111111,14.15,2230562,159,1472261
Manitoba,2024/4/1,Public administration,44.3,43.6,40.59,0.9841986455981944,14.15,2285029,160,1483553
Manitoba,2024/5/1,Public administration,44.6,44.4,40.17,0.9955156950672646,14.15,2245006,161.1,1483553
Manitoba,2024/6/1,Public administration,45.6,44.4,40.02,0.9736842105263156,14.15,2193432,160.7,1483553
Manitoba,2024/7/1,Public administration,48.3,46.2,39.64,0.9565217391304348,14.15,2261221,162.2,1492144
Manitoba,2024/8/1,Public administration,48.5,47.2,38.62,0.97319587628866,14.15,2273468,161.5,1492144
Manitoba,2024/9/1,Public administration,46.2,44.6,38.54,0.9653679653679652,14.15,2265509,160.4,1492144
Manitoba,2024/10/1,Public administration,43.1,42.6,40.31,0.988399071925754,15.8,2319321,161.4,1500464
Manitoba,2024/11/1,Public administration,44.5,42.9,40.09,0.9640449438202248,15.8,2299636,161.2,1500464
Manitoba,2024/12/1,Public administration,44.2,40.7,40.81,0.9208144796380092,15.8,2385184,160,1500464
Manitoba,2025/1/1,Public administration,44,41.5,41.17,0.9431818181818182,15.8,2378429,161.7,1505644
Manitoba,2025/2/1,Public administration,44,42.1,42.88,0.956818181818182,15.8,2429505,163.8,1505644
Manitoba,2025/3/1,Public administration,44.2,42.9,42.38,0.9705882352941176,15.8,2380680,163.8,1505644
Manitoba,2025/4/1,Public administration,45.8,43.9,42.25,0.9585152838427948,15.8,2388941,163.3,1508031
Manitoba,2025/5/1,Public administration,44.4,43.5,43.64,0.9797297297297296,15.8,2368843,164.2,1508031
Manitoba,2025/6/1,Public administration,44.9,44.6,41.83,0.9933184855233852,15.8,2331986,164.3,1508031
Manitoba,2025/7/1,Public administration,45.9,44.7,41.19,0.9738562091503268,15.8,2338792,165.3,1509702
Manitoba,2025/8/1,Public administration,44.4,43.5,41.49,0.9797297297297296,15.8,2336260,164.8,1509702
Manitoba,2025/9/1,Public administration,42.8,41.4,41.62,0.9672897196261684,15.8,,165,1509702
Manitoba,2022/1/1,Services-producing sector,,,,,11.95,,,
Manitoba,2022/2/1,Services-producing sector,,,,,11.95,,,
Manitoba,2022/3/1,Services-producing sector,,,,,11.95,,,
Manitoba,2022/4/1,Services-producing sector,,,,,11.95,,,
Manitoba,2022/5/1,Services-producing sector,,,,,11.95,,,
Manitoba,2022/6/1,Services-producing sector,,,,,11.95,,,
Manitoba,2022/7/1,Services-producing sector,,,,,11.95,,,
Manitoba,2022/8/1,Services-producing sector,,,,,11.95,,,
Manitoba,2022/9/1,Services-producing sector,,,,,11.95,,,
Manitoba,2022/10/1,Services-producing sector,,,,,13.5,,,
Manitoba,2022/11/1,Services-producing sector,,,,,13.5,,,
Manitoba,2022/12/1,Services-producing sector,,,,,13.5,,,
Manitoba,2023/1/1,Services-producing sector,550.6,491.9,28.99,0.8933890301489283,13.5,2308059,156.2,1433655
Manitoba,2023/2/1,Services-producing sector,555.1,493.9,29.2,0.8897495946676274,13.5,2216648,156.9,1433655
Manitoba,2023/3/1,Services-producing sector,560.9,500.3,29.24,0.8919593510429668,13.5,2217927,157.7,1433655
Manitoba,2023/4/1,Services-producing sector,558.5,493,28.71,0.88272157564906,14.15,2213954,159.4,1444049
Manitoba,2023/5/1,Services-producing sector,572.6,510.3,28.7,0.89119804400978,14.15,2251790,159.1,1444049
Manitoba,2023/6/1,Services-producing sector,578.4,512.8,28.47,0.8865836791147994,14.15,2196129,158.5,1444049
Manitoba,2023/7/1,Services-producing sector,565.1,491.8,28.83,0.8702884445230933,14.15,2192385,159.3,1453202
Manitoba,2023/8/1,Services-producing sector,575.7,495.4,29.18,0.8605176307104394,14.15,2220258,159.5,1453202
Manitoba,2023/9/1,Services-producing sector,570.2,505.2,29.55,0.8860049105576989,14.15,2272174,159.2,1453202
Manitoba,2023/10/1,Services-producing sector,573.5,503.4,29.92,0.8777680906713164,14.15,2251191,159.6,1462439
Manitoba,2023/11/1,Services-producing sector,568.8,499.4,29.64,0.8779887482419129,14.15,2254893,159.8,1462439
Manitoba,2023/12/1,Services-producing sector,568.1,505.4,29.69,0.8896321070234113,14.15,2231141,158.2,1462439
Manitoba,2024/1/1,Services-producing sector,567.9,504.2,29.74,0.8878323648529671,14.15,2264256,157.5,1472261
Manitoba,2024/2/1,Services-producing sector,572.5,506.2,29.74,0.8841921397379913,14.15,2228957,158.3,1472261
Manitoba,2024/3/1,Services-producing sector,575.3,504.4,29.92,0.876759951329741,14.15,2230562,159,1472261
Manitoba,2024/4/1,Services-producing sector,574.7,504.1,30.39,0.8771532973725422,14.15,2285029,160,1483553
Manitoba,2024/5/1,Services-producing sector,595.3,524.3,30.05,0.8807324038300016,14.15,2245006,161.1,1483553
Manitoba,2024/6/1,Services-producing sector,602.9,530.4,30.07,0.8797478852214298,14.15,2193432,160.7,1483553
Manitoba,2024/7/1,Services-producing sector,589.9,509,29.88,0.8628581115443296,14.15,2261221,162.2,1492144
Manitoba,2024/8/1,Services-producing sector,599.9,510.7,29.73,0.8513085514252375,14.15,2273468,161.5,1492144
Manitoba,2024/9/1,Services-producing sector,595.5,521.6,30.3,0.875902602854744,14.15,2265509,160.4,1492144
Manitoba,2024/10/1,Services-producing sector,597,518.8,30.98,0.8690117252931322,15.8,2319321,161.4,1500464
Manitoba,2024/11/1,Services-producing sector,596.8,519.5,31.08,0.870475871313673,15.8,2299636,161.2,1500464
Manitoba,2024/12/1,Services-producing sector,591.8,516.3,30.89,0.8724231159175397,15.8,2385184,160,1500464
Manitoba,2025/1/1,Services-producing sector,588.2,509.1,31.28,0.865521931315879,15.8,2378429,161.7,1505644
Manitoba,2025/2/1,Services-producing sector,592,515.9,31.41,0.8714527027027027,15.8,2429505,163.8,1505644
Manitoba,2025/3/1,Services-producing sector,592.2,512.6,31.63,0.8655859506923337,15.8,2380680,163.8,1505644
Manitoba,2025/4/1,Services-producing sector,593.8,515.8,31.26,0.8686426406197373,15.8,2388941,163.3,1508031
Manitoba,2025/5/1,Services-producing sector,596.8,519.7,31.81,0.8708109919571047,15.8,2368843,164.2,1508031
Manitoba,2025/6/1,Services-producing sector,601.2,527.4,31.21,0.8772455089820358,15.8,2331986,164.3,1508031
Manitoba,2025/7/1,Services-producing sector,598.1,515.9,31.11,0.8625647884969068,15.8,2338792,165.3,1509702
Manitoba,2025/8/1,Services-producing sector,605.4,510.7,31.12,0.843574496200859,15.8,2336260,164.8,1509702
Manitoba,2025/9/1,Services-producing sector,597.3,520.5,31.49,0.8714213962832748,15.8,,165,1509702
Manitoba,2022/1/1,"Total, all industries",,,,,11.95,,,
Manitoba,2022/2/1,"Total, all industries",,,,,11.95,,,
Manitoba,2022/3/1,"Total, all industries",,,,,11.95,,,
Manitoba,2022/4/1,"Total, all industries",,,,,11.95,,,
Manitoba,2022/5/1,"Total, all industries",,,,,11.95,,,
Manitoba,2022/6/1,"Total, all industries",,,,,11.95,,,
Manitoba,2022/7/1,"Total, all industries",,,,,11.95,,,
Manitoba,2022/8/1,"Total, all industries",,,,,11.95,,,
Manitoba,2022/9/1,"Total, all industries",,,,,11.95,,,
Manitoba,2022/10/1,"Total, all industries",,,,,13.5,,,
Manitoba,2022/11/1,"Total, all industries",,,,,13.5,,,
Manitoba,2022/12/1,"Total, all industries",,,,,13.5,,,
Manitoba,2023/1/1,"Total, all industries",716.8,617.9,28.99,0.8620256696428572,13.5,2308059,156.2,1433655
Manitoba,2023/2/1,"Total, all industries",727.3,622.7,29.08,0.8561803932352537,13.5,2216648,156.9,1433655
Manitoba,2023/3/1,"Total, all industries",734.9,627.1,29.34,0.8533133759695197,13.5,2217927,157.7,1433655
Manitoba,2023/4/1,"Total, all industries",733.1,622.4,28.88,0.8489974082662665,14.15,2213954,159.4,1444049
Manitoba,2023/5/1,"Total, all industries",754.5,648.7,29.05,0.8597746852220014,14.15,2251790,159.1,1444049
Manitoba,2023/6/1,"Total, all industries",753.6,650.5,28.79,0.8631900212314225,14.15,2196129,158.5,1444049
Manitoba,2023/7/1,"Total, all industries",750.1,634.6,29.26,0.8460205305959205,14.15,2192385,159.3,1453202
Manitoba,2023/8/1,"Total, all industries",760.8,637.3,29.46,0.83767087276551,14.15,2220258,159.5,1453202
Manitoba,2023/9/1,"Total, all industries",748.1,644.6,29.78,0.8616495120973132,14.15,2272174,159.2,1453202
Manitoba,2023/10/1,"Total, all industries",749.5,641.8,29.99,0.8563042028018678,14.15,2251191,159.6,1462439
Manitoba,2023/11/1,"Total, all industries",745.1,636.1,29.82,0.8537109112870755,14.15,2254893,159.8,1462439
Manitoba,2023/12/1,"Total, all industries",742.9,639,30.03,0.8601426840759188,14.15,2231141,158.2,1462439
Manitoba,2024/1/1,"Total, all industries",745.7,639.1,30.07,0.8570470698672388,14.15,2264256,157.5,1472261
Manitoba,2024/2/1,"Total, all industries",745.9,636.2,29.97,0.8529293470974663,14.15,2228957,158.3,1472261
Manitoba,2024/3/1,"Total, all industries",748.6,634.6,30.12,0.8477157360406091,14.15,2230562,159,1472261
Manitoba,2024/4/1,"Total, all industries",754.2,636.4,30.57,0.8438080084858127,14.15,2285029,160,1483553
Manitoba,2024/5/1,"Total, all industries",773.7,659.9,30.2,0.8529145663693938,14.15,2245006,161.1,1483553
Manitoba,2024/6/1,"Total, all industries",779.2,668.5,30.18,0.8579312114989732,14.15,2193432,160.7,1483553
Manitoba,2024/7/1,"Total, all industries",773.2,648.9,29.9,0.8392395240558717,14.15,2261221,162.2,1492144
Manitoba,2024/8/1,"Total, all industries",785.9,650.9,29.79,0.8282224201552361,14.15,2273468,161.5,1492144
Manitoba,2024/9/1,"Total, all industries",770.1,655.8,30.33,0.851577717179587,14.15,2265509,160.4,1492144
Manitoba,2024/10/1,"Total, all industries",774.9,655.8,31.02,0.8463027487417731,15.8,2319321,161.4,1500464
Manitoba,2024/11/1,"Total, all industries",774.5,656.1,31.3,0.8471271788250484,15.8,2299636,161.2,1500464
Manitoba,2024/12/1,"Total, all industries",768.2,649.6,31.23,0.8456131215829211,15.8,2385184,160,1500464
Manitoba,2025/1/1,"Total, all industries",768.2,644.7,31.51,0.8392345743296017,15.8,2378429,161.7,1505644
Manitoba,2025/2/1,"Total, all industries",773.7,650.1,31.73,0.8402481582008531,15.8,2429505,163.8,1505644
Manitoba,2025/3/1,"Total, all industries",774.1,647.8,31.94,0.8368427851698746,15.8,2380680,163.8,1505644
Manitoba,2025/4/1,"Total, all industries",775.3,653.1,31.48,0.8423835934476978,15.8,2388941,163.3,1508031
Manitoba,2025/5/1,"Total, all industries",787.2,661.2,31.87,0.8399390243902439,15.8,2368843,164.2,1508031
Manitoba,2025/6/1,"Total, all industries",792.5,672.3,31.25,0.8483280757097791,15.8,2331986,164.3,1508031
Manitoba,2025/7/1,"Total, all industries",791.2,659.9,31.14,0.8340495449949443,15.8,2338792,165.3,1509702
Manitoba,2025/8/1,"Total, all industries",797,650.7,31.26,0.8164366373902133,15.8,2336260,164.8,1509702
Manitoba,2025/9/1,"Total, all industries",785.8,661.7,31.58,0.8420717739882922,15.8,,165,1509702
Manitoba,2022/1/1,Transportation and warehousing,,,,,11.95,,,
Manitoba,2022/2/1,Transportation and warehousing,,,,,11.95,,,
Manitoba,2022/3/1,Transportation and warehousing,,,,,11.95,,,
Manitoba,2022/4/1,Transportation and warehousing,,,,,11.95,,,
Manitoba,2022/5/1,Transportation and warehousing,,,,,11.95,,,
Manitoba,2022/6/1,Transportation and warehousing,,,,,11.95,,,
Manitoba,2022/7/1,Transportation and warehousing,,,,,11.95,,,
Manitoba,2022/8/1,Transportation and warehousing,,,,,11.95,,,
Manitoba,2022/9/1,Transportation and warehousing,,,,,11.95,,,
Manitoba,2022/10/1,Transportation and warehousing,,,,,13.5,,,
Manitoba,2022/11/1,Transportation and warehousing,,,,,13.5,,,
Manitoba,2022/12/1,Transportation and warehousing,,,,,13.5,,,
Manitoba,2023/1/1,Transportation and warehousing,39.4,34.2,31.62,0.868020304568528,13.5,2308059,156.2,1433655
Manitoba,2023/2/1,Transportation and warehousing,41.3,35.4,30.14,0.8571428571428572,13.5,2216648,156.9,1433655
Manitoba,2023/3/1,Transportation and warehousing,40.4,34.5,31.86,0.8539603960396039,13.5,2217927,157.7,1433655
Manitoba,2023/4/1,Transportation and warehousing,41.5,34.8,28.58,0.8385542168674698,14.15,2213954,159.4,1444049
Manitoba,2023/5/1,Transportation and warehousing,42.9,36.2,27.43,0.8438228438228439,14.15,2251790,159.1,1444049
Manitoba,2023/6/1,Transportation and warehousing,41.5,33.8,29.06,0.8144578313253011,14.15,2196129,158.5,1444049
Manitoba,2023/7/1,Transportation and warehousing,43.5,35.9,28.4,0.825287356321839,14.15,2192385,159.3,1453202
Manitoba,2023/8/1,Transportation and warehousing,44.1,36.1,29.39,0.8185941043083901,14.15,2220258,159.5,1453202
Manitoba,2023/9/1,Transportation and warehousing,47.1,39.7,26.53,0.8428874734607219,14.15,2272174,159.2,1453202
Manitoba,2023/10/1,Transportation and warehousing,47.2,40.2,27.69,0.8516949152542374,14.15,2251191,159.6,1462439
Manitoba,2023/11/1,Transportation and warehousing,48,38.4,28.79,0.7999999999999999,14.15,2254893,159.8,1462439
Manitoba,2023/12/1,Transportation and warehousing,50.3,41.6,30.36,0.8270377733598411,14.15,2231141,158.2,1462439
Manitoba,2024/1/1,Transportation and warehousing,50.7,42.9,29.12,0.846153846153846,14.15,2264256,157.5,1472261
Manitoba,2024/2/1,Transportation and warehousing,52.1,40.3,29.74,0.7735124760076775,14.15,2228957,158.3,1472261
Manitoba,2024/3/1,Transportation and warehousing,51.6,38.3,29.52,0.7422480620155038,14.15,2230562,159,1472261
Manitoba,2024/4/1,Transportation and warehousing,49.7,37.2,31.11,0.7484909456740443,14.15,2285029,160,1483553
Manitoba,2024/5/1,Transportation and warehousing,53.1,42.4,30.12,0.7984934086629002,14.15,2245006,161.1,1483553
Manitoba,2024/6/1,Transportation and warehousing,51.4,41.2,30.19,0.8015564202334631,14.15,2193432,160.7,1483553
Manitoba,2024/7/1,Transportation and warehousing,49.3,37.8,29.24,0.7667342799188641,14.15,2261221,162.2,1492144
Manitoba,2024/8/1,Transportation and warehousing,49.2,38.7,29.75,0.7865853658536586,14.15,2273468,161.5,1492144
Manitoba,2024/9/1,Transportation and warehousing,51,40.7,30.1,0.7980392156862746,14.15,2265509,160.4,1492144
Manitoba,2024/10/1,Transportation and warehousing,49.7,39.6,31.16,0.7967806841046278,15.8,2319321,161.4,1500464
Manitoba,2024/11/1,Transportation and warehousing,49.9,38.6,30.47,0.7735470941883767,15.8,2299636,161.2,1500464
Manitoba,2024/12/1,Transportation and warehousing,47.9,38.2,32.17,0.7974947807933195,15.8,2385184,160,1500464
Manitoba,2025/1/1,Transportation and warehousing,49.5,38.2,34.95,0.7717171717171718,15.8,2378429,161.7,1505644
Manitoba,2025/2/1,Transportation and warehousing,49,38.9,33.28,0.7938775510204081,15.8,2429505,163.8,1505644
Manitoba,2025/3/1,Transportation and warehousing,51,39.5,32.84,0.7745098039215687,15.8,2380680,163.8,1505644
Manitoba,2025/4/1,Transportation and warehousing,50.6,37.2,30.78,0.7351778656126483,15.8,2388941,163.3,1508031
Manitoba,2025/5/1,Transportation and warehousing,49.5,38.2,33.64,0.7717171717171718,15.8,2368843,164.2,1508031
Manitoba,2025/6/1,Transportation and warehousing,51.2,37.9,31.93,0.7402343749999999,15.8,2331986,164.3,1508031
Manitoba,2025/7/1,Transportation and warehousing,48.4,37.5,32.35,0.7747933884297521,15.8,2338792,165.3,1509702
Manitoba,2025/8/1,Transportation and warehousing,50.3,37.5,32.05,0.7455268389662029,15.8,2336260,164.8,1509702
Manitoba,2025/9/1,Transportation and warehousing,46.4,36.1,32.09,0.7780172413793104,15.8,,165,1509702
Manitoba,2022/1/1,Utilities,,,,,11.95,,,
Manitoba,2022/2/1,Utilities,,,,,11.95,,,
Manitoba,2022/3/1,Utilities,,,,,11.95,,,
Manitoba,2022/4/1,Utilities,,,,,11.95,,,
Manitoba,2022/5/1,Utilities,,,,,11.95,,,
Manitoba,2022/6/1,Utilities,,,,,11.95,,,
Manitoba,2022/7/1,Utilities,,,,,11.95,,,
Manitoba,2022/8/1,Utilities,,,,,11.95,,,
Manitoba,2022/9/1,Utilities,,,,,11.95,,,
Manitoba,2022/10/1,Utilities,,,,,13.5,,,
Manitoba,2022/11/1,Utilities,,,,,13.5,,,
Manitoba,2022/12/1,Utilities,,,,,13.5,,,
Manitoba,2023/1/1,Utilities,5.9,5.9,44.05,1,13.5,2308059,156.2,1433655
Manitoba,2023/2/1,Utilities,5.8,5.8,43.19,1,13.5,2216648,156.9,1433655
Manitoba,2023/3/1,Utilities,6,6,46.51,1,13.5,2217927,157.7,1433655
Manitoba,2023/4/1,Utilities,6.4,6.4,41.95,1,14.15,2213954,159.4,1444049
Manitoba,2023/5/1,Utilities,6.5,6.5,41.29,1,14.15,2251790,159.1,1444049
Manitoba,2023/6/1,Utilities,6.5,6.5,46.06,1,14.15,2196129,158.5,1444049
Manitoba,2023/7/1,Utilities,6.9,6.9,46.06,1,14.15,2192385,159.3,1453202
Manitoba,2023/8/1,Utilities,7.4,7.4,45.56,1,14.15,2220258,159.5,1453202
Manitoba,2023/9/1,Utilities,6.8,6.8,44.93,1,14.15,2272174,159.2,1453202
Manitoba,2023/10/1,Utilities,6.2,6.1,46.81,0.9838709677419354,14.15,2251191,159.6,1462439
Manitoba,2023/11/1,Utilities,6.2,6.1,45.26,0.9838709677419354,14.15,2254893,159.8,1462439
Manitoba,2023/12/1,Utilities,6.3,6.2,38.35,0.9841269841269842,14.15,2231141,158.2,1462439
Manitoba,2024/1/1,Utilities,6.3,6.2,35.61,0.9841269841269842,14.15,2264256,157.5,1472261
Manitoba,2024/2/1,Utilities,6.2,6.2,39.22,1,14.15,2228957,158.3,1472261
Manitoba,2024/3/1,Utilities,6.2,6.2,38.71,1,14.15,2230562,159,1472261
Manitoba,2024/4/1,Utilities,6.6,6.6,41.47,1,14.15,2285029,160,1483553
Manitoba,2024/5/1,Utilities,6.3,6.3,38.67,1,14.15,2245006,161.1,1483553
Manitoba,2024/6/1,Utilities,5.9,5.9,41.86,1,14.15,2193432,160.7,1483553
Manitoba,2024/7/1,Utilities,6.6,6,37.64,0.9090909090909092,14.15,2261221,162.2,1492144
Manitoba,2024/8/1,Utilities,5.4,5.4,37.8,1,14.15,2273468,161.5,1492144
Manitoba,2024/9/1,Utilities,5.3,5.2,41.76,0.9811320754716982,14.15,2265509,160.4,1492144
Manitoba,2024/10/1,Utilities,5.1,5.1,42.51,1,15.8,2319321,161.4,1500464
Manitoba,2024/11/1,Utilities,5.9,5.9,40.83,1,15.8,2299636,161.2,1500464
Manitoba,2024/12/1,Utilities,6.9,6.9,46.48,1,15.8,2385184,160,1500464
Manitoba,2025/1/1,Utilities,6.5,6.2,49.09,0.953846153846154,15.8,2378429,161.7,1505644
Manitoba,2025/2/1,Utilities,6.1,6.1,48.12,1,15.8,2429505,163.8,1505644
Manitoba,2025/3/1,Utilities,6.4,6.4,46.68,1,15.8,2380680,163.8,1505644
Manitoba,2025/4/1,Utilities,7,6.9,46.51,0.9857142857142858,15.8,2388941,163.3,1508031
Manitoba,2025/5/1,Utilities,6.9,6.8,45.97,0.9855072463768116,15.8,2368843,164.2,1508031
Manitoba,2025/6/1,Utilities,6.6,6.5,44.43,0.9848484848484848,15.8,2331986,164.3,1508031
Manitoba,2025/7/1,Utilities,7,6.9,43.48,0.9857142857142858,15.8,2338792,165.3,1509702
Manitoba,2025/8/1,Utilities,7.5,7.5,40.66,1,15.8,2336260,164.8,1509702
Manitoba,2025/9/1,Utilities,7.9,7.8,40.13,0.9873417721518988,15.8,,165,1509702
Manitoba,2022/1/1,Wholesale and retail trade,,,,,11.95,,,
Manitoba,2022/2/1,Wholesale and retail trade,,,,,11.95,,,
Manitoba,2022/3/1,Wholesale and retail trade,,,,,11.95,,,
Manitoba,2022/4/1,Wholesale and retail trade,,,,,11.95,,,
Manitoba,2022/5/1,Wholesale and retail trade,,,,,11.95,,,
Manitoba,2022/6/1,Wholesale and retail trade,,,,,11.95,,,
Manitoba,2022/7/1,Wholesale and retail trade,,,,,11.95,,,
Manitoba,2022/8/1,Wholesale and retail trade,,,,,11.95,,,
Manitoba,2022/9/1,Wholesale and retail trade,,,,,11.95,,,
Manitoba,2022/10/1,Wholesale and retail trade,,,,,13.5,,,
Manitoba,2022/11/1,Wholesale and retail trade,,,,,13.5,,,
Manitoba,2022/12/1,Wholesale and retail trade,,,,,13.5,,,
Manitoba,2023/1/1,Wholesale and retail trade,100.4,92.8,23.32,0.9243027888446216,13.5,2308059,156.2,1433655
Manitoba,2023/2/1,Wholesale and retail trade,102.3,94.8,23.03,0.9266862170087976,13.5,2216648,156.9,1433655
Manitoba,2023/3/1,Wholesale and retail trade,101.4,92,22.97,0.9072978303747534,13.5,2217927,157.7,1433655
Manitoba,2023/4/1,Wholesale and retail trade,98.1,91.3,23.1,0.9306829765545362,14.15,2213954,159.4,1444049
Manitoba,2023/5/1,Wholesale and retail trade,103.7,96.5,22.94,0.9305689488910318,14.15,2251790,159.1,1444049
Manitoba,2023/6/1,Wholesale and retail trade,105.7,98.5,24.05,0.9318826868495742,14.15,2196129,158.5,1444049
Manitoba,2023/7/1,Wholesale and retail trade,105.6,95.5,24.51,0.9043560606060608,14.15,2192385,159.3,1453202
Manitoba,2023/8/1,Wholesale and retail trade,103.6,94.8,24.66,0.9150579150579152,14.15,2220258,159.5,1453202
Manitoba,2023/9/1,Wholesale and retail trade,104.3,93.6,24.34,0.8974113135186961,14.15,2272174,159.2,1453202
Manitoba,2023/10/1,Wholesale and retail trade,104.8,94.1,24.96,0.8979007633587786,14.15,2251191,159.6,1462439
Manitoba,2023/11/1,Wholesale and retail trade,107.2,96.2,24.71,0.8973880597014925,14.15,2254893,159.8,1462439
Manitoba,2023/12/1,Wholesale and retail trade,104.4,96.4,24.75,0.9233716475095786,14.15,2231141,158.2,1462439
Manitoba,2024/1/1,Wholesale and retail trade,102.4,94.4,25.17,0.921875,14.15,2264256,157.5,1472261
Manitoba,2024/2/1,Wholesale and retail trade,102.5,92.1,24.15,0.8985365853658536,14.15,2228957,158.3,1472261
Manitoba,2024/3/1,Wholesale and retail trade,103.9,92.8,25.74,0.8931665062560153,14.15,2230562,159,1472261
Manitoba,2024/4/1,Wholesale and retail trade,103.6,92.5,25.64,0.8928571428571429,14.15,2285029,160,1483553
Manitoba,2024/5/1,Wholesale and retail trade,105.7,96,25.2,0.9082308420056764,14.15,2245006,161.1,1483553
Manitoba,2024/6/1,Wholesale and retail trade,108.8,98.6,24.97,0.90625,14.15,2193432,160.7,1483553
Manitoba,2024/7/1,Wholesale and retail trade,104.1,93.9,25.03,0.9020172910662824,14.15,2261221,162.2,1492144
Manitoba,2024/8/1,Wholesale and retail trade,106,95.6,24.95,0.90188679245283,14.15,2273468,161.5,1492144
Manitoba,2024/9/1,Wholesale and retail trade,105.5,95.5,24.36,0.90521327014218,14.15,2265509,160.4,1492144
Manitoba,2024/10/1,Wholesale and retail trade,105.2,94.3,24.59,0.8963878326996197,15.8,2319321,161.4,1500464
Manitoba,2024/11/1,Wholesale and retail trade,103.7,95.8,24.23,0.9238187078109932,15.8,2299636,161.2,1500464
Manitoba,2024/12/1,Wholesale and retail trade,105.1,94.8,24.69,0.9019980970504282,15.8,2385184,160,1500464
Manitoba,2025/1/1,Wholesale and retail trade,102.3,92.7,24.73,0.9061583577712612,15.8,2378429,161.7,1505644
Manitoba,2025/2/1,Wholesale and retail trade,101.3,92.5,25.07,0.9131293188548864,15.8,2429505,163.8,1505644
Manitoba,2025/3/1,Wholesale and retail trade,100.3,91.3,25.26,0.910269192422732,15.8,2380680,163.8,1505644
Manitoba,2025/4/1,Wholesale and retail trade,102.6,93.3,25.43,0.9093567251461988,15.8,2388941,163.3,1508031
Manitoba,2025/5/1,Wholesale and retail trade,102.3,92.4,25.89,0.903225806451613,15.8,2368843,164.2,1508031
Manitoba,2025/6/1,Wholesale and retail trade,102.8,95.6,25.78,0.9299610894941632,15.8,2331986,164.3,1508031
Manitoba,2025/7/1,Wholesale and retail trade,105.7,95.1,26,0.8997161778618732,15.8,2338792,165.3,1509702
Manitoba,2025/8/1,Wholesale and retail trade,106.9,94.9,25.99,0.8877455565949486,15.8,2336260,164.8,1509702
Manitoba,2025/9/1,Wholesale and retail trade,101.2,91.6,26.07,0.9051383399209484,15.8,,165,1509702
New Brunswick,2022/1/1,Accommodation and food services,,,,,11.75,,,
New Brunswick,2022/2/1,Accommodation and food services,,,,,11.75,,,
New Brunswick,2022/3/1,Accommodation and food services,,,,,11.75,,,
New Brunswick,2022/4/1,Accommodation and food services,,,,,12.75,,,
New Brunswick,2022/5/1,Accommodation and food services,,,,,12.75,,,
New Brunswick,2022/6/1,Accommodation and food services,,,,,12.75,,,
New Brunswick,2022/7/1,Accommodation and food services,,,,,12.75,,,
New Brunswick,2022/8/1,Accommodation and food services,,,,,12.75,,,
New Brunswick,2022/9/1,Accommodation and food services,,,,,12.75,,,
New Brunswick,2022/10/1,Accommodation and food services,,,,,13.75,,,
New Brunswick,2022/11/1,Accommodation and food services,,,,,13.75,,,
New Brunswick,2022/12/1,Accommodation and food services,,,,,13.75,,,
New Brunswick,2023/1/1,Accommodation and food services,20.1,16.6,16.29,0.8258706467661692,13.75,1371659,154.9,819414
New Brunswick,2023/2/1,Accommodation and food services,21,17.9,16.53,0.8523809523809524,13.75,1490845,155.6,819414
New Brunswick,2023/3/1,Accommodation and food services,22.2,18.8,15.98,0.8468468468468469,13.75,1359902,155.8,819414
New Brunswick,2023/4/1,Accommodation and food services,23,19.8,16.03,0.8608695652173913,14.75,1392624,157.4,824150
New Brunswick,2023/5/1,Accommodation and food services,23.7,20.5,16.4,0.8649789029535865,14.75,1403935,157.3,824150
New Brunswick,2023/6/1,Accommodation and food services,22.9,20.4,16.87,0.8908296943231441,14.75,1451572,157.6,824150
New Brunswick,2023/7/1,Accommodation and food services,25.5,23.1,17.52,0.9058823529411764,14.75,1466704,158.3,831103
New Brunswick,2023/8/1,Accommodation and food services,25.8,21.8,18.03,0.8449612403100776,14.75,1443688,158.9,831103
New Brunswick,2023/9/1,Accommodation and food services,25.8,22.2,18.19,0.8604651162790697,14.75,1463256,159.3,831103
New Brunswick,2023/10/1,Accommodation and food services,24.1,20,18.52,0.8298755186721991,14.75,1475782,158.8,840130
New Brunswick,2023/11/1,Accommodation and food services,23.8,19.9,18.2,0.8361344537815125,14.75,1492025,158.5,840130
New Brunswick,2023/12/1,Accommodation and food services,23.4,19.5,18.32,0.8333333333333334,14.75,1473454,157.8,840130
New Brunswick,2024/1/1,Accommodation and food services,22.6,18.3,18.28,0.8097345132743362,14.75,1512948,158.5,844859
New Brunswick,2024/2/1,Accommodation and food services,22.9,18.6,18.45,0.812227074235808,14.75,1472680,158.9,844859
New Brunswick,2024/3/1,Accommodation and food services,23.4,18.4,18.12,0.7863247863247863,14.75,1473831,159.8,844859
New Brunswick,2024/4/1,Accommodation and food services,24.3,20.5,17.8,0.8436213991769547,15.3,1497650,162,850930
New Brunswick,2024/5/1,Accommodation and food services,26.3,23.1,18.17,0.8783269961977187,15.3,1463805,161.9,850930
New Brunswick,2024/6/1,Accommodation and food services,28.5,25.1,17.82,0.880701754385965,15.3,1464869,162,850930
New Brunswick,2024/7/1,Accommodation and food services,28.1,23.4,17.18,0.8327402135231315,15.3,1472302,162.9,858293
New Brunswick,2024/8/1,Accommodation and food services,27.1,22.7,17.25,0.8376383763837638,15.3,1507624,161.8,858293
New Brunswick,2024/9/1,Accommodation and food services,24.2,20.7,18.17,0.8553719008264463,15.3,1495851,160.7,858293
New Brunswick,2024/10/1,Accommodation and food services,23.4,20.2,17.99,0.8632478632478633,15.3,1496531,161.6,863841
New Brunswick,2024/11/1,Accommodation and food services,22.9,19.8,17.69,0.8646288209606988,15.3,1449382,161.6,863841
New Brunswick,2024/12/1,Accommodation and food services,23,18.4,17.55,0.7999999999999999,15.3,1542160,160.3,863841
New Brunswick,2025/1/1,Accommodation and food services,20.7,16.9,18.28,0.8164251207729468,15.3,1560670,159.9,865945
New Brunswick,2025/2/1,Accommodation and food services,21.2,16.2,18.5,0.7641509433962264,15.3,1552764,162,865945
New Brunswick,2025/3/1,Accommodation and food services,21.2,17.3,17.86,0.8160377358490567,15.3,1580045,162.8,865945
New Brunswick,2025/4/1,Accommodation and food services,20,16.9,18.34,0.845,15.65,1539205,162.4,867014
New Brunswick,2025/5/1,Accommodation and food services,23.3,19.9,18.98,0.8540772532188841,15.65,1518582,163.4,867014
New Brunswick,2025/6/1,Accommodation and food services,23.6,20.9,18.84,0.8855932203389829,15.65,1558825,164,867014
New Brunswick,2025/7/1,Accommodation and food services,25.1,22.9,18.7,0.9123505976095616,15.65,1542762,164.7,869682
New Brunswick,2025/8/1,Accommodation and food services,24.8,22.9,18.87,0.9233870967741936,15.65,1577372,164.4,869682
New Brunswick,2025/9/1,Accommodation and food services,23.5,21.5,19.28,0.9148936170212766,15.65,,164.4,869682
New Brunswick,2022/1/1,Agriculture,,,,,11.75,,,
New Brunswick,2022/2/1,Agriculture,,,,,11.75,,,
New Brunswick,2022/3/1,Agriculture,,,,,11.75,,,
New Brunswick,2022/4/1,Agriculture,,,,,12.75,,,
New Brunswick,2022/5/1,Agriculture,,,,,12.75,,,
New Brunswick,2022/6/1,Agriculture,,,,,12.75,,,
New Brunswick,2022/7/1,Agriculture,,,,,12.75,,,
New Brunswick,2022/8/1,Agriculture,,,,,12.75,,,
New Brunswick,2022/9/1,Agriculture,,,,,12.75,,,
New Brunswick,2022/10/1,Agriculture,,,,,13.75,,,
New Brunswick,2022/11/1,Agriculture,,,,,13.75,,,
New Brunswick,2022/12/1,Agriculture,,,,,13.75,,,
New Brunswick,2023/1/1,Agriculture,4.7,2.5,17.81,0.5319148936170213,13.75,1371659,154.9,819414
New Brunswick,2023/2/1,Agriculture,5.6,3.5,18.64,0.625,13.75,1490845,155.6,819414
New Brunswick,2023/3/1,Agriculture,6.3,3.2,20.06,0.507936507936508,13.75,1359902,155.8,819414
New Brunswick,2023/4/1,Agriculture,5.7,3.6,22.07,0.631578947368421,14.75,1392624,157.4,824150
New Brunswick,2023/5/1,Agriculture,6.5,5.4,20.75,0.8307692307692308,14.75,1403935,157.3,824150
New Brunswick,2023/6/1,Agriculture,5.9,4.6,21.76,0.7796610169491525,14.75,1451572,157.6,824150
New Brunswick,2023/7/1,Agriculture,6.8,4.8,22.88,0.7058823529411765,14.75,1466704,158.3,831103
New Brunswick,2023/8/1,Agriculture,6.8,5,25.37,0.7352941176470589,14.75,1443688,158.9,831103
New Brunswick,2023/9/1,Agriculture,7,5.8,23.8,0.8285714285714285,14.75,1463256,159.3,831103
New Brunswick,2023/10/1,Agriculture,6.5,5.6,23.68,0.8615384615384615,14.75,1475782,158.8,840130
New Brunswick,2023/11/1,Agriculture,5.8,4.8,23.75,0.8275862068965517,14.75,1492025,158.5,840130
New Brunswick,2023/12/1,Agriculture,4.6,3.9,25.66,0.8478260869565218,14.75,1473454,157.8,840130
New Brunswick,2024/1/1,Agriculture,5,4,23.39,0.8,14.75,1512948,158.5,844859
New Brunswick,2024/2/1,Agriculture,4.4,3.9,25.32,0.8863636363636362,14.75,1472680,158.9,844859
New Brunswick,2024/3/1,Agriculture,6,4.2,26.55,0.7000000000000001,14.75,1473831,159.8,844859
New Brunswick,2024/4/1,Agriculture,5.5,4.3,22.77,0.7818181818181817,15.3,1497650,162,850930
New Brunswick,2024/5/1,Agriculture,6.6,6,23.59,0.9090909090909092,15.3,1463805,161.9,850930
New Brunswick,2024/6/1,Agriculture,7.3,6.5,23.41,0.8904109589041096,15.3,1464869,162,850930
New Brunswick,2024/7/1,Agriculture,8.5,7,27.4,0.8235294117647058,15.3,1472302,162.9,858293
New Brunswick,2024/8/1,Agriculture,8.8,7.5,24.99,0.8522727272727272,15.3,1507624,161.8,858293
New Brunswick,2024/9/1,Agriculture,7.7,6.6,25.61,0.8571428571428571,15.3,1495851,160.7,858293
New Brunswick,2024/10/1,Agriculture,6.8,6.2,25.5,0.911764705882353,15.3,1496531,161.6,863841
New Brunswick,2024/11/1,Agriculture,7.6,5.1,28.11,0.6710526315789473,15.3,1449382,161.6,863841
New Brunswick,2024/12/1,Agriculture,7,4.2,26.84,0.6,15.3,1542160,160.3,863841
New Brunswick,2025/1/1,Agriculture,6.5,4.3,22.91,0.6615384615384615,15.3,1560670,159.9,865945
New Brunswick,2025/2/1,Agriculture,7,4.7,22.73,0.6714285714285715,15.3,1552764,162,865945
New Brunswick,2025/3/1,Agriculture,6.5,4.4,25.52,0.676923076923077,15.3,1580045,162.8,865945
New Brunswick,2025/4/1,Agriculture,6.1,4.7,23.16,0.7704918032786886,15.65,1539205,162.4,867014
New Brunswick,2025/5/1,Agriculture,5.8,4.4,23.5,0.7586206896551725,15.65,1518582,163.4,867014
New Brunswick,2025/6/1,Agriculture,6.5,5.2,23.65,0.8,15.65,1558825,164,867014
New Brunswick,2025/7/1,Agriculture,7,4.6,23.7,0.6571428571428571,15.65,1542762,164.7,869682
New Brunswick,2025/8/1,Agriculture,8,5.7,25.45,0.7125,15.65,1577372,164.4,869682
New Brunswick,2025/9/1,Agriculture,8.2,5.5,24.16,0.6707317073170732,15.65,,164.4,869682
New Brunswick,2022/1/1,"Business, building and other support services",,,,,11.75,,,
New Brunswick,2022/2/1,"Business, building and other support services",,,,,11.75,,,
New Brunswick,2022/3/1,"Business, building and other support services",,,,,11.75,,,
New Brunswick,2022/4/1,"Business, building and other support services",,,,,12.75,,,
New Brunswick,2022/5/1,"Business, building and other support services",,,,,12.75,,,
New Brunswick,2022/6/1,"Business, building and other support services",,,,,12.75,,,
New Brunswick,2022/7/1,"Business, building and other support services",,,,,12.75,,,
New Brunswick,2022/8/1,"Business, building and other support services",,,,,12.75,,,
New Brunswick,2022/9/1,"Business, building and other support services",,,,,12.75,,,
New Brunswick,2022/10/1,"Business, building and other support services",,,,,13.75,,,
New Brunswick,2022/11/1,"Business, building and other support services",,,,,13.75,,,
New Brunswick,2022/12/1,"Business, building and other support services",,,,,13.75,,,
New Brunswick,2023/1/1,"Business, building and other support services",11,9.5,21.86,0.8636363636363636,13.75,1371659,154.9,819414
New Brunswick,2023/2/1,"Business, building and other support services",11.3,8.8,21.48,0.7787610619469026,13.75,1490845,155.6,819414
New Brunswick,2023/3/1,"Business, building and other support services",11.5,9.9,21.2,0.8608695652173913,13.75,1359902,155.8,819414
New Brunswick,2023/4/1,"Business, building and other support services",11,9.5,21.24,0.8636363636363636,14.75,1392624,157.4,824150
New Brunswick,2023/5/1,"Business, building and other support services",13.7,10.7,21.67,0.7810218978102189,14.75,1403935,157.3,824150
New Brunswick,2023/6/1,"Business, building and other support services",12.5,9.7,22.32,0.7759999999999999,14.75,1451572,157.6,824150
New Brunswick,2023/7/1,"Business, building and other support services",13.7,10.6,21.71,0.7737226277372263,14.75,1466704,158.3,831103
New Brunswick,2023/8/1,"Business, building and other support services",14.1,11.5,21.62,0.8156028368794327,14.75,1443688,158.9,831103
New Brunswick,2023/9/1,"Business, building and other support services",13.5,11.6,21.49,0.8592592592592593,14.75,1463256,159.3,831103
New Brunswick,2023/10/1,"Business, building and other support services",15,11.3,21.94,0.7533333333333334,14.75,1475782,158.8,840130
New Brunswick,2023/11/1,"Business, building and other support services",15.1,11.8,21.66,0.7814569536423842,14.75,1492025,158.5,840130
New Brunswick,2023/12/1,"Business, building and other support services",13.5,9,22.01,0.6666666666666666,14.75,1473454,157.8,840130
New Brunswick,2024/1/1,"Business, building and other support services",16.8,10.1,22.47,0.6011904761904762,14.75,1512948,158.5,844859
New Brunswick,2024/2/1,"Business, building and other support services",13.9,9.2,21.39,0.6618705035971222,14.75,1472680,158.9,844859
New Brunswick,2024/3/1,"Business, building and other support services",12.9,8.6,21.41,0.6666666666666666,14.75,1473831,159.8,844859
New Brunswick,2024/4/1,"Business, building and other support services",14.1,9.4,20.94,0.6666666666666667,15.3,1497650,162,850930
New Brunswick,2024/5/1,"Business, building and other support services",13.2,9.6,21.07,0.7272727272727273,15.3,1463805,161.9,850930
New Brunswick,2024/6/1,"Business, building and other support services",14.3,10.7,21.06,0.7482517482517481,15.3,1464869,162,850930
New Brunswick,2024/7/1,"Business, building and other support services",14.7,10.9,20.89,0.7414965986394558,15.3,1472302,162.9,858293
New Brunswick,2024/8/1,"Business, building and other support services",14.3,10.5,21.11,0.7342657342657343,15.3,1507624,161.8,858293
New Brunswick,2024/9/1,"Business, building and other support services",12.4,9.4,22.53,0.7580645161290323,15.3,1495851,160.7,858293
New Brunswick,2024/10/1,"Business, building and other support services",13.3,10.3,23.41,0.7744360902255639,15.3,1496531,161.6,863841
New Brunswick,2024/11/1,"Business, building and other support services",14.7,10.6,23.42,0.7210884353741497,15.3,1449382,161.6,863841
New Brunswick,2024/12/1,"Business, building and other support services",12,9.3,23.35,0.775,15.3,1542160,160.3,863841
New Brunswick,2025/1/1,"Business, building and other support services",12.5,9.4,25.06,0.752,15.3,1560670,159.9,865945
New Brunswick,2025/2/1,"Business, building and other support services",13.1,11.1,24.95,0.8473282442748091,15.3,1552764,162,865945
New Brunswick,2025/3/1,"Business, building and other support services",13.6,9.8,24.93,0.7205882352941178,15.3,1580045,162.8,865945
New Brunswick,2025/4/1,"Business, building and other support services",15.5,11.1,26.96,0.7161290322580645,15.65,1539205,162.4,867014
New Brunswick,2025/5/1,"Business, building and other support services",14.2,10.9,25.65,0.767605633802817,15.65,1518582,163.4,867014
New Brunswick,2025/6/1,"Business, building and other support services",14.9,11.4,28.81,0.7651006711409396,15.65,1558825,164,867014
New Brunswick,2025/7/1,"Business, building and other support services",15.7,11.7,27.17,0.7452229299363057,15.65,1542762,164.7,869682
New Brunswick,2025/8/1,"Business, building and other support services",15.5,11.7,24.64,0.7548387096774193,15.65,1577372,164.4,869682
New Brunswick,2025/9/1,"Business, building and other support services",13.7,10.6,25.91,0.7737226277372263,15.65,,164.4,869682
New Brunswick,2022/1/1,Construction,,,,,11.75,,,
New Brunswick,2022/2/1,Construction,,,,,11.75,,,
New Brunswick,2022/3/1,Construction,,,,,11.75,,,
New Brunswick,2022/4/1,Construction,,,,,12.75,,,
New Brunswick,2022/5/1,Construction,,,,,12.75,,,
New Brunswick,2022/6/1,Construction,,,,,12.75,,,
New Brunswick,2022/7/1,Construction,,,,,12.75,,,
New Brunswick,2022/8/1,Construction,,,,,12.75,,,
New Brunswick,2022/9/1,Construction,,,,,12.75,,,
New Brunswick,2022/10/1,Construction,,,,,13.75,,,
New Brunswick,2022/11/1,Construction,,,,,13.75,,,
New Brunswick,2022/12/1,Construction,,,,,13.75,,,
New Brunswick,2023/1/1,Construction,30.7,19.6,28.75,0.6384364820846906,13.75,1371659,154.9,819414
New Brunswick,2023/2/1,Construction,30.2,20.6,28.72,0.6821192052980133,13.75,1490845,155.6,819414
New Brunswick,2023/3/1,Construction,29.8,21.4,27.83,0.7181208053691275,13.75,1359902,155.8,819414
New Brunswick,2023/4/1,Construction,32.4,22.3,28.73,0.6882716049382717,14.75,1392624,157.4,824150
New Brunswick,2023/5/1,Construction,35.2,27.8,27.04,0.7897727272727272,14.75,1403935,157.3,824150
New Brunswick,2023/6/1,Construction,34.7,27.2,27.11,0.7838616714697405,14.75,1451572,157.6,824150
New Brunswick,2023/7/1,Construction,36.4,28.2,26.18,0.7747252747252747,14.75,1466704,158.3,831103
New Brunswick,2023/8/1,Construction,38.7,28.3,25.99,0.731266149870801,14.75,1443688,158.9,831103
New Brunswick,2023/9/1,Construction,36.9,26.1,27.04,0.7073170731707318,14.75,1463256,159.3,831103
New Brunswick,2023/10/1,Construction,37.2,28.1,28.41,0.7553763440860215,14.75,1475782,158.8,840130
New Brunswick,2023/11/1,Construction,35.3,25.7,27.44,0.7280453257790369,14.75,1492025,158.5,840130
New Brunswick,2023/12/1,Construction,35.9,26,27.55,0.7242339832869081,14.75,1473454,157.8,840130
New Brunswick,2024/1/1,Construction,36.5,25.4,27.67,0.695890410958904,14.75,1512948,158.5,844859
New Brunswick,2024/2/1,Construction,35.5,23.5,27.35,0.6619718309859155,14.75,1472680,158.9,844859
New Brunswick,2024/3/1,Construction,36.6,24.8,27.74,0.6775956284153005,14.75,1473831,159.8,844859
New Brunswick,2024/4/1,Construction,37.8,27.1,27.75,0.716931216931217,15.3,1497650,162,850930
New Brunswick,2024/5/1,Construction,36,26.7,27.69,0.7416666666666667,15.3,1463805,161.9,850930
New Brunswick,2024/6/1,Construction,38,27.8,28.12,0.7315789473684211,15.3,1464869,162,850930
New Brunswick,2024/7/1,Construction,37.7,28.5,27.65,0.7559681697612731,15.3,1472302,162.9,858293
New Brunswick,2024/8/1,Construction,39.4,29.3,28.17,0.7436548223350254,15.3,1507624,161.8,858293
New Brunswick,2024/9/1,Construction,37.9,28.6,30.52,0.7546174142480212,15.3,1495851,160.7,858293
New Brunswick,2024/10/1,Construction,38.7,30.5,28.94,0.7881136950904393,15.3,1496531,161.6,863841
New Brunswick,2024/11/1,Construction,37.6,28.8,30.51,0.7659574468085106,15.3,1449382,161.6,863841
New Brunswick,2024/12/1,Construction,36.4,26.3,31.86,0.7225274725274726,15.3,1542160,160.3,863841
New Brunswick,2025/1/1,Construction,33.7,23.2,31.67,0.688427299703264,15.3,1560670,159.9,865945
New Brunswick,2025/2/1,Construction,33.1,21.9,31.35,0.661631419939577,15.3,1552764,162,865945
New Brunswick,2025/3/1,Construction,32.8,22.2,31.49,0.676829268292683,15.3,1580045,162.8,865945
New Brunswick,2025/4/1,Construction,34,22,31.33,0.6470588235294118,15.65,1539205,162.4,867014
New Brunswick,2025/5/1,Construction,34.8,25.6,31.32,0.7356321839080461,15.65,1518582,163.4,867014
New Brunswick,2025/6/1,Construction,36.6,25.6,31.52,0.6994535519125683,15.65,1558825,164,867014
New Brunswick,2025/7/1,Construction,38,29.2,31.35,0.7684210526315789,15.65,1542762,164.7,869682
New Brunswick,2025/8/1,Construction,38.5,29.6,30.54,0.7688311688311689,15.65,1577372,164.4,869682
New Brunswick,2025/9/1,Construction,35.8,27.9,30.72,0.7793296089385475,15.65,,164.4,869682
New Brunswick,2022/1/1,Educational services,,,,,11.75,,,
New Brunswick,2022/2/1,Educational services,,,,,11.75,,,
New Brunswick,2022/3/1,Educational services,,,,,11.75,,,
New Brunswick,2022/4/1,Educational services,,,,,12.75,,,
New Brunswick,2022/5/1,Educational services,,,,,12.75,,,
New Brunswick,2022/6/1,Educational services,,,,,12.75,,,
New Brunswick,2022/7/1,Educational services,,,,,12.75,,,
New Brunswick,2022/8/1,Educational services,,,,,12.75,,,
New Brunswick,2022/9/1,Educational services,,,,,12.75,,,
New Brunswick,2022/10/1,Educational services,,,,,13.75,,,
New Brunswick,2022/11/1,Educational services,,,,,13.75,,,
New Brunswick,2022/12/1,Educational services,,,,,13.75,,,
New Brunswick,2023/1/1,Educational services,33.2,31.7,32.99,0.9548192771084336,13.75,1371659,154.9,819414
New Brunswick,2023/2/1,Educational services,33.9,32.3,34.67,0.952802359882006,13.75,1490845,155.6,819414
New Brunswick,2023/3/1,Educational services,33.7,32.2,32.31,0.9554896142433236,13.75,1359902,155.8,819414
New Brunswick,2023/4/1,Educational services,34.8,33.5,31.72,0.9626436781609196,14.75,1392624,157.4,824150
New Brunswick,2023/5/1,Educational services,33.5,30.9,33.41,0.9223880597014924,14.75,1403935,157.3,824150
New Brunswick,2023/6/1,Educational services,32.1,30.3,32.89,0.9439252336448598,14.75,1451572,157.6,824150
New Brunswick,2023/7/1,Educational services,26.8,22.7,31.7,0.8470149253731343,14.75,1466704,158.3,831103
New Brunswick,2023/8/1,Educational services,29.3,21.4,32.96,0.7303754266211604,14.75,1443688,158.9,831103
New Brunswick,2023/9/1,Educational services,31.2,30,34.18,0.9615384615384616,14.75,1463256,159.3,831103
New Brunswick,2023/10/1,Educational services,32.3,31.8,34.39,0.9845201238390094,14.75,1475782,158.8,840130
New Brunswick,2023/11/1,Educational services,32.8,32.2,34.75,0.9817073170731708,14.75,1492025,158.5,840130
New Brunswick,2023/12/1,Educational services,32.8,31.6,34.64,0.9634146341463417,14.75,1473454,157.8,840130
New Brunswick,2024/1/1,Educational services,33.3,31.6,35.27,0.9489489489489492,14.75,1512948,158.5,844859
New Brunswick,2024/2/1,Educational services,34.4,33.4,33.42,0.9709302325581396,14.75,1472680,158.9,844859
New Brunswick,2024/3/1,Educational services,33.1,31.7,34.68,0.957703927492447,14.75,1473831,159.8,844859
New Brunswick,2024/4/1,Educational services,34.2,32.7,34.33,0.956140350877193,15.3,1497650,162,850930
New Brunswick,2024/5/1,Educational services,33.5,32.5,33.76,0.9701492537313432,15.3,1463805,161.9,850930
New Brunswick,2024/6/1,Educational services,33.4,32.2,34.11,0.9640718562874252,15.3,1464869,162,850930
New Brunswick,2024/7/1,Educational services,28.3,23.1,37.75,0.8162544169611308,15.3,1472302,162.9,858293
New Brunswick,2024/8/1,Educational services,28.9,22.5,37.06,0.7785467128027682,15.3,1507624,161.8,858293
New Brunswick,2024/9/1,Educational services,31,29.3,36.66,0.9451612903225808,15.3,1495851,160.7,858293
New Brunswick,2024/10/1,Educational services,31.2,29.9,38.07,0.9583333333333331,15.3,1496531,161.6,863841
New Brunswick,2024/11/1,Educational services,32.2,31.2,37.71,0.968944099378882,15.3,1449382,161.6,863841
New Brunswick,2024/12/1,Educational services,33.6,32.5,36.71,0.9672619047619048,15.3,1542160,160.3,863841
New Brunswick,2025/1/1,Educational services,32,31.2,35.31,0.975,15.3,1560670,159.9,865945
New Brunswick,2025/2/1,Educational services,32,31.3,35.5,0.978125,15.3,1552764,162,865945
New Brunswick,2025/3/1,Educational services,31.3,30.8,34.68,0.9840255591054312,15.3,1580045,162.8,865945
New Brunswick,2025/4/1,Educational services,32.8,31.9,34.97,0.9725609756097562,15.65,1539205,162.4,867014
New Brunswick,2025/5/1,Educational services,35.2,34,33.3,0.9659090909090908,15.65,1518582,163.4,867014
New Brunswick,2025/6/1,Educational services,35.8,34.7,34.41,0.96927374301676,15.65,1558825,164,867014
New Brunswick,2025/7/1,Educational services,29.9,25,34.76,0.8361204013377926,15.65,1542762,164.7,869682
New Brunswick,2025/8/1,Educational services,32.1,24.9,35.83,0.7757009345794392,15.65,1577372,164.4,869682
New Brunswick,2025/9/1,Educational services,36.2,34.5,35.23,0.9530386740331492,15.65,,164.4,869682
New Brunswick,2022/1/1,"Finance, insurance, real estate, rental and leasing",,,,,11.75,,,
New Brunswick,2022/2/1,"Finance, insurance, real estate, rental and leasing",,,,,11.75,,,
New Brunswick,2022/3/1,"Finance, insurance, real estate, rental and leasing",,,,,11.75,,,
New Brunswick,2022/4/1,"Finance, insurance, real estate, rental and leasing",,,,,12.75,,,
New Brunswick,2022/5/1,"Finance, insurance, real estate, rental and leasing",,,,,12.75,,,
New Brunswick,2022/6/1,"Finance, insurance, real estate, rental and leasing",,,,,12.75,,,
New Brunswick,2022/7/1,"Finance, insurance, real estate, rental and leasing",,,,,12.75,,,
New Brunswick,2022/8/1,"Finance, insurance, real estate, rental and leasing",,,,,12.75,,,
New Brunswick,2022/9/1,"Finance, insurance, real estate, rental and leasing",,,,,12.75,,,
New Brunswick,2022/10/1,"Finance, insurance, real estate, rental and leasing",,,,,13.75,,,
New Brunswick,2022/11/1,"Finance, insurance, real estate, rental and leasing",,,,,13.75,,,
New Brunswick,2022/12/1,"Finance, insurance, real estate, rental and leasing",,,,,13.75,,,
New Brunswick,2023/1/1,"Finance, insurance, real estate, rental and leasing",20.7,18.8,30.66,0.9082125603864736,13.75,1371659,154.9,819414
New Brunswick,2023/2/1,"Finance, insurance, real estate, rental and leasing",21.4,19.1,30.42,0.8925233644859815,13.75,1490845,155.6,819414
New Brunswick,2023/3/1,"Finance, insurance, real estate, rental and leasing",20.7,18.4,29.73,0.8888888888888888,13.75,1359902,155.8,819414
New Brunswick,2023/4/1,"Finance, insurance, real estate, rental and leasing",20.2,17.5,33.46,0.8663366336633663,14.75,1392624,157.4,824150
New Brunswick,2023/5/1,"Finance, insurance, real estate, rental and leasing",20.6,18.2,34.72,0.8834951456310679,14.75,1403935,157.3,824150
New Brunswick,2023/6/1,"Finance, insurance, real estate, rental and leasing",20,17.5,34.35,0.875,14.75,1451572,157.6,824150
New Brunswick,2023/7/1,"Finance, insurance, real estate, rental and leasing",20.4,18.6,36.4,0.911764705882353,14.75,1466704,158.3,831103
New Brunswick,2023/8/1,"Finance, insurance, real estate, rental and leasing",21,18.4,35.6,0.8761904761904761,14.75,1443688,158.9,831103
New Brunswick,2023/9/1,"Finance, insurance, real estate, rental and leasing",20.7,18.4,35.02,0.8888888888888888,14.75,1463256,159.3,831103
New Brunswick,2023/10/1,"Finance, insurance, real estate, rental and leasing",20.2,18,32.72,0.8910891089108911,14.75,1475782,158.8,840130
New Brunswick,2023/11/1,"Finance, insurance, real estate, rental and leasing",19.8,17.5,31.77,0.8838383838383838,14.75,1492025,158.5,840130
New Brunswick,2023/12/1,"Finance, insurance, real estate, rental and leasing",20.1,17.7,31.64,0.880597014925373,14.75,1473454,157.8,840130
New Brunswick,2024/1/1,"Finance, insurance, real estate, rental and leasing",19.9,17.2,31.05,0.8643216080402011,14.75,1512948,158.5,844859
New Brunswick,2024/2/1,"Finance, insurance, real estate, rental and leasing",19.6,16.8,31.23,0.8571428571428571,14.75,1472680,158.9,844859
New Brunswick,2024/3/1,"Finance, insurance, real estate, rental and leasing",21.1,18.5,32.14,0.8767772511848341,14.75,1473831,159.8,844859
New Brunswick,2024/4/1,"Finance, insurance, real estate, rental and leasing",21.2,18.8,31.8,0.8867924528301887,15.3,1497650,162,850930
New Brunswick,2024/5/1,"Finance, insurance, real estate, rental and leasing",22,18.6,32.61,0.8454545454545456,15.3,1463805,161.9,850930
New Brunswick,2024/6/1,"Finance, insurance, real estate, rental and leasing",21.6,18.2,31.97,0.8425925925925926,15.3,1464869,162,850930
New Brunswick,2024/7/1,"Finance, insurance, real estate, rental and leasing",21.8,18.9,32.96,0.8669724770642201,15.3,1472302,162.9,858293
New Brunswick,2024/8/1,"Finance, insurance, real estate, rental and leasing",21.4,18,32.28,0.8411214953271029,15.3,1507624,161.8,858293
New Brunswick,2024/9/1,"Finance, insurance, real estate, rental and leasing",20,16.5,32.43,0.825,15.3,1495851,160.7,858293
New Brunswick,2024/10/1,"Finance, insurance, real estate, rental and leasing",21.5,17,30.62,0.7906976744186046,15.3,1496531,161.6,863841
New Brunswick,2024/11/1,"Finance, insurance, real estate, rental and leasing",20.8,16.5,31.7,0.7932692307692307,15.3,1449382,161.6,863841
New Brunswick,2024/12/1,"Finance, insurance, real estate, rental and leasing",20,16.6,32.64,0.8300000000000001,15.3,1542160,160.3,863841
New Brunswick,2025/1/1,"Finance, insurance, real estate, rental and leasing",19.5,16.3,31.03,0.8358974358974359,15.3,1560670,159.9,865945
New Brunswick,2025/2/1,"Finance, insurance, real estate, rental and leasing",20.6,17.2,30.25,0.8349514563106796,15.3,1552764,162,865945
New Brunswick,2025/3/1,"Finance, insurance, real estate, rental and leasing",21.8,17.9,31.2,0.8211009174311926,15.3,1580045,162.8,865945
New Brunswick,2025/4/1,"Finance, insurance, real estate, rental and leasing",20.5,17.2,32.99,0.8390243902439024,15.65,1539205,162.4,867014
New Brunswick,2025/5/1,"Finance, insurance, real estate, rental and leasing",20.3,17.1,31.71,0.8423645320197045,15.65,1518582,163.4,867014
New Brunswick,2025/6/1,"Finance, insurance, real estate, rental and leasing",21.9,18.7,33.37,0.8538812785388128,15.65,1558825,164,867014
New Brunswick,2025/7/1,"Finance, insurance, real estate, rental and leasing",20.5,17.3,34.27,0.8439024390243903,15.65,1542762,164.7,869682
New Brunswick,2025/8/1,"Finance, insurance, real estate, rental and leasing",20,17.1,34.3,0.8550000000000001,15.65,1577372,164.4,869682
New Brunswick,2025/9/1,"Finance, insurance, real estate, rental and leasing",20.7,16.8,35.22,0.8115942028985508,15.65,,164.4,869682
New Brunswick,2022/1/1,"Forestry, fishing, mining, quarrying, oil and gas",,,,,11.75,,,
New Brunswick,2022/2/1,"Forestry, fishing, mining, quarrying, oil and gas",,,,,11.75,,,
New Brunswick,2022/3/1,"Forestry, fishing, mining, quarrying, oil and gas",,,,,11.75,,,
New Brunswick,2022/4/1,"Forestry, fishing, mining, quarrying, oil and gas",,,,,12.75,,,
New Brunswick,2022/5/1,"Forestry, fishing, mining, quarrying, oil and gas",,,,,12.75,,,
New Brunswick,2022/6/1,"Forestry, fishing, mining, quarrying, oil and gas",,,,,12.75,,,
New Brunswick,2022/7/1,"Forestry, fishing, mining, quarrying, oil and gas",,,,,12.75,,,
New Brunswick,2022/8/1,"Forestry, fishing, mining, quarrying, oil and gas",,,,,12.75,,,
New Brunswick,2022/9/1,"Forestry, fishing, mining, quarrying, oil and gas",,,,,12.75,,,
New Brunswick,2022/10/1,"Forestry, fishing, mining, quarrying, oil and gas",,,,,13.75,,,
New Brunswick,2022/11/1,"Forestry, fishing, mining, quarrying, oil and gas",,,,,13.75,,,
New Brunswick,2022/12/1,"Forestry, fishing, mining, quarrying, oil and gas",,,,,13.75,,,
New Brunswick,2023/1/1,"Forestry, fishing, mining, quarrying, oil and gas",8.6,4.3,30.63,0.5,13.75,1371659,154.9,819414
New Brunswick,2023/2/1,"Forestry, fishing, mining, quarrying, oil and gas",8.1,4.6,32.05,0.5679012345679012,13.75,1490845,155.6,819414
New Brunswick,2023/3/1,"Forestry, fishing, mining, quarrying, oil and gas",9.6,4.3,34.05,0.4479166666666667,13.75,1359902,155.8,819414
New Brunswick,2023/4/1,"Forestry, fishing, mining, quarrying, oil and gas",10.9,5.6,35.61,0.5137614678899082,14.75,1392624,157.4,824150
New Brunswick,2023/5/1,"Forestry, fishing, mining, quarrying, oil and gas",10.7,7.5,36.39,0.7009345794392524,14.75,1403935,157.3,824150
New Brunswick,2023/6/1,"Forestry, fishing, mining, quarrying, oil and gas",11.2,9.2,31.58,0.8214285714285714,14.75,1451572,157.6,824150
New Brunswick,2023/7/1,"Forestry, fishing, mining, quarrying, oil and gas",10.5,7.5,37.47,0.7142857142857143,14.75,1466704,158.3,831103
New Brunswick,2023/8/1,"Forestry, fishing, mining, quarrying, oil and gas",9.2,6.9,35.7,0.7500000000000001,14.75,1443688,158.9,831103
New Brunswick,2023/9/1,"Forestry, fishing, mining, quarrying, oil and gas",9.6,6.4,34.94,0.6666666666666667,14.75,1463256,159.3,831103
New Brunswick,2023/10/1,"Forestry, fishing, mining, quarrying, oil and gas",9.3,5.9,32.74,0.6344086021505376,14.75,1475782,158.8,840130
New Brunswick,2023/11/1,"Forestry, fishing, mining, quarrying, oil and gas",8.7,5.6,35.21,0.6436781609195402,14.75,1492025,158.5,840130
New Brunswick,2023/12/1,"Forestry, fishing, mining, quarrying, oil and gas",8.8,4.7,39.24,0.5340909090909091,14.75,1473454,157.8,840130
New Brunswick,2024/1/1,"Forestry, fishing, mining, quarrying, oil and gas",9.5,5.6,38.34,0.5894736842105263,14.75,1512948,158.5,844859
New Brunswick,2024/2/1,"Forestry, fishing, mining, quarrying, oil and gas",10.2,5.8,38.5,0.5686274509803921,14.75,1472680,158.9,844859
New Brunswick,2024/3/1,"Forestry, fishing, mining, quarrying, oil and gas",8.1,5.4,41.66,0.6666666666666667,14.75,1473831,159.8,844859
New Brunswick,2024/4/1,"Forestry, fishing, mining, quarrying, oil and gas",9.6,7.2,40.46,0.75,15.3,1497650,162,850930
New Brunswick,2024/5/1,"Forestry, fishing, mining, quarrying, oil and gas",10.1,9.2,36.34,0.9108910891089108,15.3,1463805,161.9,850930
New Brunswick,2024/6/1,"Forestry, fishing, mining, quarrying, oil and gas",10.4,8.6,39.61,0.8269230769230769,15.3,1464869,162,850930
New Brunswick,2024/7/1,"Forestry, fishing, mining, quarrying, oil and gas",10.7,7.9,40.66,0.7383177570093459,15.3,1472302,162.9,858293
New Brunswick,2024/8/1,"Forestry, fishing, mining, quarrying, oil and gas",10.1,8.1,40.6,0.801980198019802,15.3,1507624,161.8,858293
New Brunswick,2024/9/1,"Forestry, fishing, mining, quarrying, oil and gas",10.1,7.1,37.31,0.7029702970297029,15.3,1495851,160.7,858293
New Brunswick,2024/10/1,"Forestry, fishing, mining, quarrying, oil and gas",10.5,7.1,37.28,0.6761904761904761,15.3,1496531,161.6,863841
New Brunswick,2024/11/1,"Forestry, fishing, mining, quarrying, oil and gas",10.2,6.4,36.39,0.627450980392157,15.3,1449382,161.6,863841
New Brunswick,2024/12/1,"Forestry, fishing, mining, quarrying, oil and gas",9.3,5.3,36.15,0.5698924731182795,15.3,1542160,160.3,863841
New Brunswick,2025/1/1,"Forestry, fishing, mining, quarrying, oil and gas",8.9,5.2,35.89,0.5842696629213483,15.3,1560670,159.9,865945
New Brunswick,2025/2/1,"Forestry, fishing, mining, quarrying, oil and gas",9.1,4.7,32.48,0.5164835164835165,15.3,1552764,162,865945
New Brunswick,2025/3/1,"Forestry, fishing, mining, quarrying, oil and gas",9.4,5.9,36.52,0.6276595744680851,15.3,1580045,162.8,865945
New Brunswick,2025/4/1,"Forestry, fishing, mining, quarrying, oil and gas",10,5.9,33.57,0.5900000000000001,15.65,1539205,162.4,867014
New Brunswick,2025/5/1,"Forestry, fishing, mining, quarrying, oil and gas",11.4,8.6,33.88,0.7543859649122806,15.65,1518582,163.4,867014
New Brunswick,2025/6/1,"Forestry, fishing, mining, quarrying, oil and gas",11.3,8.6,34.95,0.7610619469026548,15.65,1558825,164,867014
New Brunswick,2025/7/1,"Forestry, fishing, mining, quarrying, oil and gas",10.2,7.8,29.61,0.7647058823529412,15.65,1542762,164.7,869682
New Brunswick,2025/8/1,"Forestry, fishing, mining, quarrying, oil and gas",11.3,7.4,35.62,0.6548672566371682,15.65,1577372,164.4,869682
New Brunswick,2025/9/1,"Forestry, fishing, mining, quarrying, oil and gas",10.2,7.6,37.81,0.7450980392156863,15.65,,164.4,869682
New Brunswick,2022/1/1,Goods-producing sector,,,,,11.75,,,
New Brunswick,2022/2/1,Goods-producing sector,,,,,11.75,,,
New Brunswick,2022/3/1,Goods-producing sector,,,,,11.75,,,
New Brunswick,2022/4/1,Goods-producing sector,,,,,12.75,,,
New Brunswick,2022/5/1,Goods-producing sector,,,,,12.75,,,
New Brunswick,2022/6/1,Goods-producing sector,,,,,12.75,,,
New Brunswick,2022/7/1,Goods-producing sector,,,,,12.75,,,
New Brunswick,2022/8/1,Goods-producing sector,,,,,12.75,,,
New Brunswick,2022/9/1,Goods-producing sector,,,,,12.75,,,
New Brunswick,2022/10/1,Goods-producing sector,,,,,13.75,,,
New Brunswick,2022/11/1,Goods-producing sector,,,,,13.75,,,
New Brunswick,2022/12/1,Goods-producing sector,,,,,13.75,,,
New Brunswick,2023/1/1,Goods-producing sector,75.6,55,29.14,0.7275132275132276,13.75,1371659,154.9,819414
New Brunswick,2023/2/1,Goods-producing sector,76.2,57.4,29.2,0.753280839895013,13.75,1490845,155.6,819414
New Brunswick,2023/3/1,Goods-producing sector,80.5,58.9,29.28,0.7316770186335404,13.75,1359902,155.8,819414
New Brunswick,2023/4/1,Goods-producing sector,84.5,62.1,29.99,0.7349112426035503,14.75,1392624,157.4,824150
New Brunswick,2023/5/1,Goods-producing sector,88.5,74.2,29.09,0.8384180790960453,14.75,1403935,157.3,824150
New Brunswick,2023/6/1,Goods-producing sector,89.8,75.3,28.48,0.8385300668151447,14.75,1451572,157.6,824150
New Brunswick,2023/7/1,Goods-producing sector,90.3,74.3,28.82,0.82281284606866,14.75,1466704,158.3,831103
New Brunswick,2023/8/1,Goods-producing sector,91.3,73.9,28.8,0.8094194961664842,14.75,1443688,158.9,831103
New Brunswick,2023/9/1,Goods-producing sector,89.6,71.2,29.42,0.7946428571428572,14.75,1463256,159.3,831103
New Brunswick,2023/10/1,Goods-producing sector,88.2,72.3,29.66,0.8197278911564625,14.75,1475782,158.8,840130
New Brunswick,2023/11/1,Goods-producing sector,85.5,69,30.73,0.8070175438596491,14.75,1492025,158.5,840130
New Brunswick,2023/12/1,Goods-producing sector,83.7,66.4,31.45,0.7933094384707289,14.75,1473454,157.8,840130
New Brunswick,2024/1/1,Goods-producing sector,84.2,63.8,31.14,0.7577197149643705,14.75,1512948,158.5,844859
New Brunswick,2024/2/1,Goods-producing sector,84.1,62.9,31.79,0.7479191438763377,14.75,1472680,158.9,844859
New Brunswick,2024/3/1,Goods-producing sector,84.9,64.6,32.12,0.7608951707891636,14.75,1473831,159.8,844859
New Brunswick,2024/4/1,Goods-producing sector,87.3,70.1,32.08,0.8029782359679266,15.3,1497650,162,850930
New Brunswick,2024/5/1,Goods-producing sector,89.7,75.1,31,0.8372352285395763,15.3,1463805,161.9,850930
New Brunswick,2024/6/1,Goods-producing sector,89.7,75.1,31.03,0.8372352285395763,15.3,1464869,162,850930
New Brunswick,2024/7/1,Goods-producing sector,91.3,75.4,31.09,0.8258488499452356,15.3,1472302,162.9,858293
New Brunswick,2024/8/1,Goods-producing sector,94.3,79.2,31.4,0.8398727465535526,15.3,1507624,161.8,858293
New Brunswick,2024/9/1,Goods-producing sector,91.3,75.8,32.7,0.8302300109529025,15.3,1495851,160.7,858293
New Brunswick,2024/10/1,Goods-producing sector,92.5,77.9,31.56,0.8421621621621622,15.3,1496531,161.6,863841
New Brunswick,2024/11/1,Goods-producing sector,91.7,74.6,32.38,0.8135223555070883,15.3,1449382,161.6,863841
New Brunswick,2024/12/1,Goods-producing sector,89.3,68.9,32.67,0.7715565509518478,15.3,1542160,160.3,863841
New Brunswick,2025/1/1,Goods-producing sector,87.3,67.7,32.56,0.7754868270332188,15.3,1560670,159.9,865945
New Brunswick,2025/2/1,Goods-producing sector,88.3,65.7,31.43,0.7440543601359004,15.3,1552764,162,865945
New Brunswick,2025/3/1,Goods-producing sector,87.8,67.4,32.71,0.7676537585421414,15.3,1580045,162.8,865945
New Brunswick,2025/4/1,Goods-producing sector,90.8,70.2,31.29,0.7731277533039648,15.65,1539205,162.4,867014
New Brunswick,2025/5/1,Goods-producing sector,94.8,77.9,30.71,0.8217299578059073,15.65,1518582,163.4,867014
New Brunswick,2025/6/1,Goods-producing sector,98.7,80.7,30.56,0.817629179331307,15.65,1558825,164,867014
New Brunswick,2025/7/1,Goods-producing sector,97.6,79.4,31.07,0.8135245901639345,15.65,1542762,164.7,869682
New Brunswick,2025/8/1,Goods-producing sector,98.2,78.9,31.26,0.8034623217922607,15.65,1577372,164.4,869682
New Brunswick,2025/9/1,Goods-producing sector,93.5,78.1,32.07,0.8352941176470587,15.65,,164.4,869682
New Brunswick,2022/1/1,Health care and social assistance,,,,,11.75,,,
New Brunswick,2022/2/1,Health care and social assistance,,,,,11.75,,,
New Brunswick,2022/3/1,Health care and social assistance,,,,,11.75,,,
New Brunswick,2022/4/1,Health care and social assistance,,,,,12.75,,,
New Brunswick,2022/5/1,Health care and social assistance,,,,,12.75,,,
New Brunswick,2022/6/1,Health care and social assistance,,,,,12.75,,,
New Brunswick,2022/7/1,Health care and social assistance,,,,,12.75,,,
New Brunswick,2022/8/1,Health care and social assistance,,,,,12.75,,,
New Brunswick,2022/9/1,Health care and social assistance,,,,,12.75,,,
New Brunswick,2022/10/1,Health care and social assistance,,,,,13.75,,,
New Brunswick,2022/11/1,Health care and social assistance,,,,,13.75,,,
New Brunswick,2022/12/1,Health care and social assistance,,,,,13.75,,,
New Brunswick,2023/1/1,Health care and social assistance,64.2,55.8,28.45,0.8691588785046728,13.75,1371659,154.9,819414
New Brunswick,2023/2/1,Health care and social assistance,62.2,54.9,28.24,0.882636655948553,13.75,1490845,155.6,819414
New Brunswick,2023/3/1,Health care and social assistance,61.8,55.5,28.33,0.8980582524271845,13.75,1359902,155.8,819414
New Brunswick,2023/4/1,Health care and social assistance,61,55.6,27.92,0.9114754098360656,14.75,1392624,157.4,824150
New Brunswick,2023/5/1,Health care and social assistance,63.3,57,28.17,0.9004739336492892,14.75,1403935,157.3,824150
New Brunswick,2023/6/1,Health care and social assistance,65.6,59.1,27.6,0.9009146341463417,14.75,1451572,157.6,824150
New Brunswick,2023/7/1,Health care and social assistance,66.5,58.1,27.37,0.8736842105263158,14.75,1466704,158.3,831103
New Brunswick,2023/8/1,Health care and social assistance,66.8,58.1,28.4,0.8697604790419162,14.75,1443688,158.9,831103
New Brunswick,2023/9/1,Health care and social assistance,63.1,55.4,29.5,0.87797147385103,14.75,1463256,159.3,831103
New Brunswick,2023/10/1,Health care and social assistance,63.1,56.7,29.91,0.8985736925515055,14.75,1475782,158.8,840130
New Brunswick,2023/11/1,Health care and social assistance,63.9,56.4,30.6,0.8826291079812206,14.75,1492025,158.5,840130
New Brunswick,2023/12/1,Health care and social assistance,66.5,60,30.69,0.9022556390977444,14.75,1473454,157.8,840130
New Brunswick,2024/1/1,Health care and social assistance,63.3,57.4,31.18,0.9067930489731436,14.75,1512948,158.5,844859
New Brunswick,2024/2/1,Health care and social assistance,63.4,58.3,30.12,0.919558359621451,14.75,1472680,158.9,844859
New Brunswick,2024/3/1,Health care and social assistance,65.1,58,29.22,0.8909370199692781,14.75,1473831,159.8,844859
New Brunswick,2024/4/1,Health care and social assistance,64,58.7,30.39,0.9171875,15.3,1497650,162,850930
New Brunswick,2024/5/1,Health care and social assistance,65.9,58.9,29.96,0.8937784522003034,15.3,1463805,161.9,850930
New Brunswick,2024/6/1,Health care and social assistance,65.3,60.6,29.78,0.9280245022970904,15.3,1464869,162,850930
New Brunswick,2024/7/1,Health care and social assistance,66.5,61.9,29.4,0.9308270676691728,15.3,1472302,162.9,858293
New Brunswick,2024/8/1,Health care and social assistance,68.8,64,30.21,0.9302325581395348,15.3,1507624,161.8,858293
New Brunswick,2024/9/1,Health care and social assistance,65.4,59.5,29.51,0.9097859327217124,15.3,1495851,160.7,858293
New Brunswick,2024/10/1,Health care and social assistance,65.1,59,30.58,0.9062980030721968,15.3,1496531,161.6,863841
New Brunswick,2024/11/1,Health care and social assistance,64.9,58.1,30.27,0.8952234206471494,15.3,1449382,161.6,863841
New Brunswick,2024/12/1,Health care and social assistance,68.1,61.4,30.71,0.9016152716593244,15.3,1542160,160.3,863841
New Brunswick,2025/1/1,Health care and social assistance,68.8,63.1,30.9,0.9171511627906976,15.3,1560670,159.9,865945
New Brunswick,2025/2/1,Health care and social assistance,68,62,31.8,0.9117647058823528,15.3,1552764,162,865945
New Brunswick,2025/3/1,Health care and social assistance,68.4,61.8,32.23,0.9035087719298244,15.3,1580045,162.8,865945
New Brunswick,2025/4/1,Health care and social assistance,66.9,60.8,32.24,0.9088191330343796,15.65,1539205,162.4,867014
New Brunswick,2025/5/1,Health care and social assistance,69.7,64.2,31.62,0.921090387374462,15.65,1518582,163.4,867014
New Brunswick,2025/6/1,Health care and social assistance,70.5,64.4,32.32,0.9134751773049646,15.65,1558825,164,867014
New Brunswick,2025/7/1,Health care and social assistance,70.3,63.9,32.31,0.9089615931721196,15.65,1542762,164.7,869682
New Brunswick,2025/8/1,Health care and social assistance,70.5,65.1,33.31,0.9234042553191488,15.65,1577372,164.4,869682
New Brunswick,2025/9/1,Health care and social assistance,68.5,63.4,33.18,0.9255474452554744,15.65,,164.4,869682
New Brunswick,2022/1/1,"Information, culture and recreation",,,,,11.75,,,
New Brunswick,2022/2/1,"Information, culture and recreation",,,,,11.75,,,
New Brunswick,2022/3/1,"Information, culture and recreation",,,,,11.75,,,
New Brunswick,2022/4/1,"Information, culture and recreation",,,,,12.75,,,
New Brunswick,2022/5/1,"Information, culture and recreation",,,,,12.75,,,
New Brunswick,2022/6/1,"Information, culture and recreation",,,,,12.75,,,
New Brunswick,2022/7/1,"Information, culture and recreation",,,,,12.75,,,
New Brunswick,2022/8/1,"Information, culture and recreation",,,,,12.75,,,
New Brunswick,2022/9/1,"Information, culture and recreation",,,,,12.75,,,
New Brunswick,2022/10/1,"Information, culture and recreation",,,,,13.75,,,
New Brunswick,2022/11/1,"Information, culture and recreation",,,,,13.75,,,
New Brunswick,2022/12/1,"Information, culture and recreation",,,,,13.75,,,
New Brunswick,2023/1/1,"Information, culture and recreation",10.7,8,28.71,0.7476635514018692,13.75,1371659,154.9,819414
New Brunswick,2023/2/1,"Information, culture and recreation",10.1,7,28.29,0.6930693069306931,13.75,1490845,155.6,819414
New Brunswick,2023/3/1,"Information, culture and recreation",10.4,8.6,28.76,0.8269230769230769,13.75,1359902,155.8,819414
New Brunswick,2023/4/1,"Information, culture and recreation",10.1,7.7,26.98,0.7623762376237624,14.75,1392624,157.4,824150
New Brunswick,2023/5/1,"Information, culture and recreation",12.8,10.2,26.4,0.7968749999999999,14.75,1403935,157.3,824150
New Brunswick,2023/6/1,"Information, culture and recreation",14.4,12.1,23.53,0.8402777777777777,14.75,1451572,157.6,824150
New Brunswick,2023/7/1,"Information, culture and recreation",15.1,13.5,22.99,0.8940397350993378,14.75,1466704,158.3,831103
New Brunswick,2023/8/1,"Information, culture and recreation",16.1,13.9,25.52,0.8633540372670807,14.75,1443688,158.9,831103
New Brunswick,2023/9/1,"Information, culture and recreation",13.8,11.4,27.23,0.8260869565217391,14.75,1463256,159.3,831103
New Brunswick,2023/10/1,"Information, culture and recreation",13.9,11.9,27.45,0.8561151079136691,14.75,1475782,158.8,840130
New Brunswick,2023/11/1,"Information, culture and recreation",12.6,10.4,27.73,0.8253968253968255,14.75,1492025,158.5,840130
New Brunswick,2023/12/1,"Information, culture and recreation",12.2,9.8,29.97,0.8032786885245903,14.75,1473454,157.8,840130
New Brunswick,2024/1/1,"Information, culture and recreation",12,9.6,27.43,0.7999999999999999,14.75,1512948,158.5,844859
New Brunswick,2024/2/1,"Information, culture and recreation",13.2,10.3,27.04,0.7803030303030304,14.75,1472680,158.9,844859
New Brunswick,2024/3/1,"Information, culture and recreation",13,11.3,28.6,0.8692307692307693,14.75,1473831,159.8,844859
New Brunswick,2024/4/1,"Information, culture and recreation",11.7,10.1,28.55,0.8632478632478633,15.3,1497650,162,850930
New Brunswick,2024/5/1,"Information, culture and recreation",13.4,11.1,26.99,0.8283582089552238,15.3,1463805,161.9,850930
New Brunswick,2024/6/1,"Information, culture and recreation",15.3,12.9,24.98,0.8431372549019608,15.3,1464869,162,850930
New Brunswick,2024/7/1,"Information, culture and recreation",15.3,13.4,26.16,0.8758169934640523,15.3,1472302,162.9,858293
New Brunswick,2024/8/1,"Information, culture and recreation",15.3,12.5,25.18,0.8169934640522876,15.3,1507624,161.8,858293
New Brunswick,2024/9/1,"Information, culture and recreation",13.6,10,24.06,0.7352941176470589,15.3,1495851,160.7,858293
New Brunswick,2024/10/1,"Information, culture and recreation",12,9.2,24.92,0.7666666666666666,15.3,1496531,161.6,863841
New Brunswick,2024/11/1,"Information, culture and recreation",11.6,8.4,27.73,0.7241379310344828,15.3,1449382,161.6,863841
New Brunswick,2024/12/1,"Information, culture and recreation",11.6,8.6,29.12,0.7413793103448276,15.3,1542160,160.3,863841
New Brunswick,2025/1/1,"Information, culture and recreation",12,9.9,30.15,0.8250000000000001,15.3,1560670,159.9,865945
New Brunswick,2025/2/1,"Information, culture and recreation",11.9,9,31.65,0.7563025210084033,15.3,1552764,162,865945
New Brunswick,2025/3/1,"Information, culture and recreation",10.9,8.6,31.15,0.7889908256880733,15.3,1580045,162.8,865945
New Brunswick,2025/4/1,"Information, culture and recreation",10.8,8.3,32.7,0.7685185185185185,15.65,1539205,162.4,867014
New Brunswick,2025/5/1,"Information, culture and recreation",11.8,9.4,32.58,0.7966101694915254,15.65,1518582,163.4,867014
New Brunswick,2025/6/1,"Information, culture and recreation",11.4,9,29.81,0.7894736842105263,15.65,1558825,164,867014
New Brunswick,2025/7/1,"Information, culture and recreation",12.9,10.1,27.91,0.7829457364341085,15.65,1542762,164.7,869682
New Brunswick,2025/8/1,"Information, culture and recreation",13.9,11.3,25.89,0.8129496402877698,15.65,1577372,164.4,869682
New Brunswick,2025/9/1,"Information, culture and recreation",13.1,10.1,28.99,0.7709923664122137,15.65,,164.4,869682
New Brunswick,2022/1/1,Manufacturing,,,,,11.75,,,
New Brunswick,2022/2/1,Manufacturing,,,,,11.75,,,
New Brunswick,2022/3/1,Manufacturing,,,,,11.75,,,
New Brunswick,2022/4/1,Manufacturing,,,,,12.75,,,
New Brunswick,2022/5/1,Manufacturing,,,,,12.75,,,
New Brunswick,2022/6/1,Manufacturing,,,,,12.75,,,
New Brunswick,2022/7/1,Manufacturing,,,,,12.75,,,
New Brunswick,2022/8/1,Manufacturing,,,,,12.75,,,
New Brunswick,2022/9/1,Manufacturing,,,,,12.75,,,
New Brunswick,2022/10/1,Manufacturing,,,,,13.75,,,
New Brunswick,2022/11/1,Manufacturing,,,,,13.75,,,
New Brunswick,2022/12/1,Manufacturing,,,,,13.75,,,
New Brunswick,2023/1/1,Manufacturing,27.7,24.6,27.4,0.888086642599278,13.75,1371659,154.9,819414
New Brunswick,2023/2/1,Manufacturing,28,24.6,27.48,0.8785714285714287,13.75,1490845,155.6,819414
New Brunswick,2023/3/1,Manufacturing,30.3,25.8,27.94,0.8514851485148515,13.75,1359902,155.8,819414
New Brunswick,2023/4/1,Manufacturing,31.1,26.5,28.48,0.8520900321543408,14.75,1392624,157.4,824150
New Brunswick,2023/5/1,Manufacturing,31,28.4,28.32,0.9161290322580644,14.75,1403935,157.3,824150
New Brunswick,2023/6/1,Manufacturing,32.8,29.4,27.71,0.8963414634146342,14.75,1451572,157.6,824150
New Brunswick,2023/7/1,Manufacturing,31.4,28.9,27.16,0.9203821656050956,14.75,1466704,158.3,831103
New Brunswick,2023/8/1,Manufacturing,31.6,29,27.5,0.9177215189873418,14.75,1443688,158.9,831103
New Brunswick,2023/9/1,Manufacturing,30.8,27.8,28.87,0.9025974025974026,14.75,1463256,159.3,831103
New Brunswick,2023/10/1,Manufacturing,29.7,27.5,28.74,0.925925925925926,14.75,1475782,158.8,840130
New Brunswick,2023/11/1,Manufacturing,30.4,27.9,31.74,0.9177631578947368,14.75,1492025,158.5,840130
New Brunswick,2023/12/1,Manufacturing,29.4,26.9,31.91,0.9149659863945578,14.75,1473454,157.8,840130
New Brunswick,2024/1/1,Manufacturing,28.1,23.9,31.38,0.8505338078291814,14.75,1512948,158.5,844859
New Brunswick,2024/2/1,Manufacturing,28.8,24.6,32.55,0.8541666666666667,14.75,1472680,158.9,844859
New Brunswick,2024/3/1,Manufacturing,28.7,24.9,32.79,0.867595818815331,14.75,1473831,159.8,844859
New Brunswick,2024/4/1,Manufacturing,29.4,26.5,32.72,0.9013605442176872,15.3,1497650,162,850930
New Brunswick,2024/5/1,Manufacturing,31.6,27.9,31.13,0.8829113924050632,15.3,1463805,161.9,850930
New Brunswick,2024/6/1,Manufacturing,28.7,26.9,31.46,0.9372822299651568,15.3,1464869,162,850930
New Brunswick,2024/7/1,Manufacturing,28.8,26.6,30.66,0.9236111111111112,15.3,1472302,162.9,858293
New Brunswick,2024/8/1,Manufacturing,30.8,29.2,31.57,0.948051948051948,15.3,1507624,161.8,858293
New Brunswick,2024/9/1,Manufacturing,30,27.8,32.38,0.9266666666666666,15.3,1495851,160.7,858293
New Brunswick,2024/10/1,Manufacturing,30.4,28,31.24,0.9210526315789476,15.3,1496531,161.6,863841
New Brunswick,2024/11/1,Manufacturing,30.3,28.4,31.65,0.9372937293729372,15.3,1449382,161.6,863841
New Brunswick,2024/12/1,Manufacturing,30.8,27.6,31,0.8961038961038962,15.3,1542160,160.3,863841
New Brunswick,2025/1/1,Manufacturing,32.9,29.7,31.44,0.9027355623100304,15.3,1560670,159.9,865945
New Brunswick,2025/2/1,Manufacturing,33.9,29.3,30.24,0.864306784660767,15.3,1552764,162,865945
New Brunswick,2025/3/1,Manufacturing,33.7,29.6,31.31,0.8783382789317508,15.3,1580045,162.8,865945
New Brunswick,2025/4/1,Manufacturing,35.2,32.3,29.53,0.9176136363636362,15.65,1539205,162.4,867014
New Brunswick,2025/5/1,Manufacturing,38,34.6,28.35,0.9105263157894736,15.65,1518582,163.4,867014
New Brunswick,2025/6/1,Manufacturing,39.7,36.8,28.29,0.9269521410579344,15.65,1558825,164,867014
New Brunswick,2025/7/1,Manufacturing,38,33.5,30.11,0.881578947368421,15.65,1542762,164.7,869682
New Brunswick,2025/8/1,Manufacturing,36.1,31.8,30.07,0.8808864265927978,15.65,1577372,164.4,869682
New Brunswick,2025/9/1,Manufacturing,34.7,32.4,31.28,0.9337175792507204,15.65,,164.4,869682
New Brunswick,2022/1/1,Other services (except public administration),,,,,11.75,,,
New Brunswick,2022/2/1,Other services (except public administration),,,,,11.75,,,
New Brunswick,2022/3/1,Other services (except public administration),,,,,11.75,,,
New Brunswick,2022/4/1,Other services (except public administration),,,,,12.75,,,
New Brunswick,2022/5/1,Other services (except public administration),,,,,12.75,,,
New Brunswick,2022/6/1,Other services (except public administration),,,,,12.75,,,
New Brunswick,2022/7/1,Other services (except public administration),,,,,12.75,,,
New Brunswick,2022/8/1,Other services (except public administration),,,,,12.75,,,
New Brunswick,2022/9/1,Other services (except public administration),,,,,12.75,,,
New Brunswick,2022/10/1,Other services (except public administration),,,,,13.75,,,
New Brunswick,2022/11/1,Other services (except public administration),,,,,13.75,,,
New Brunswick,2022/12/1,Other services (except public administration),,,,,13.75,,,
New Brunswick,2023/1/1,Other services (except public administration),18.2,11.3,24.56,0.6208791208791209,13.75,1371659,154.9,819414
New Brunswick,2023/2/1,Other services (except public administration),18.1,12.1,25.95,0.6685082872928176,13.75,1490845,155.6,819414
New Brunswick,2023/3/1,Other services (except public administration),17.1,11.2,25.71,0.654970760233918,13.75,1359902,155.8,819414
New Brunswick,2023/4/1,Other services (except public administration),16.7,11.5,25.7,0.688622754491018,14.75,1392624,157.4,824150
New Brunswick,2023/5/1,Other services (except public administration),16.8,11.4,26.33,0.6785714285714286,14.75,1403935,157.3,824150
New Brunswick,2023/6/1,Other services (except public administration),17,11.1,25.37,0.6529411764705882,14.75,1451572,157.6,824150
New Brunswick,2023/7/1,Other services (except public administration),16.8,11.6,26.28,0.6904761904761905,14.75,1466704,158.3,831103
New Brunswick,2023/8/1,Other services (except public administration),16.1,12.7,25.27,0.7888198757763975,14.75,1443688,158.9,831103
New Brunswick,2023/9/1,Other services (except public administration),16.6,12,25.9,0.7228915662650601,14.75,1463256,159.3,831103
New Brunswick,2023/10/1,Other services (except public administration),15.1,11.3,26.42,0.7483443708609272,14.75,1475782,158.8,840130
New Brunswick,2023/11/1,Other services (except public administration),15.3,11.9,25.96,0.7777777777777778,14.75,1492025,158.5,840130
New Brunswick,2023/12/1,Other services (except public administration),15.1,11.1,24.53,0.7350993377483444,14.75,1473454,157.8,840130
New Brunswick,2024/1/1,Other services (except public administration),15.5,10.6,26.4,0.6838709677419355,14.75,1512948,158.5,844859
New Brunswick,2024/2/1,Other services (except public administration),15.4,10.2,26.11,0.6623376623376622,14.75,1472680,158.9,844859
New Brunswick,2024/3/1,Other services (except public administration),16.2,10.4,25.68,0.6419753086419754,14.75,1473831,159.8,844859
New Brunswick,2024/4/1,Other services (except public administration),17,10.8,24.51,0.6352941176470589,15.3,1497650,162,850930
New Brunswick,2024/5/1,Other services (except public administration),17.7,10.6,25.61,0.5988700564971752,15.3,1463805,161.9,850930
New Brunswick,2024/6/1,Other services (except public administration),17.5,11.6,25.59,0.6628571428571428,15.3,1464869,162,850930
New Brunswick,2024/7/1,Other services (except public administration),18.3,13.4,26.24,0.73224043715847,15.3,1472302,162.9,858293
New Brunswick,2024/8/1,Other services (except public administration),17.1,12.1,27.35,0.7076023391812865,15.3,1507624,161.8,858293
New Brunswick,2024/9/1,Other services (except public administration),16.8,11.2,29.56,0.6666666666666666,15.3,1495851,160.7,858293
New Brunswick,2024/10/1,Other services (except public administration),17.4,12.4,29.07,0.7126436781609197,15.3,1496531,161.6,863841
New Brunswick,2024/11/1,Other services (except public administration),16.7,12.1,28.28,0.7245508982035929,15.3,1449382,161.6,863841
New Brunswick,2024/12/1,Other services (except public administration),16,10.5,30.82,0.65625,15.3,1542160,160.3,863841
New Brunswick,2025/1/1,Other services (except public administration),14.9,9.6,29.3,0.6442953020134228,15.3,1560670,159.9,865945
New Brunswick,2025/2/1,Other services (except public administration),17.4,11.7,25.49,0.6724137931034483,15.3,1552764,162,865945
New Brunswick,2025/3/1,Other services (except public administration),16.8,10.2,27,0.6071428571428571,15.3,1580045,162.8,865945
New Brunswick,2025/4/1,Other services (except public administration),17.4,10.7,26.62,0.6149425287356322,15.65,1539205,162.4,867014
New Brunswick,2025/5/1,Other services (except public administration),18.6,12.2,25.86,0.6559139784946235,15.65,1518582,163.4,867014
New Brunswick,2025/6/1,Other services (except public administration),18.7,12.1,26.31,0.6470588235294118,15.65,1558825,164,867014
New Brunswick,2025/7/1,Other services (except public administration),18.6,13.7,26.58,0.7365591397849461,15.65,1542762,164.7,869682
New Brunswick,2025/8/1,Other services (except public administration),16.7,12.7,27.99,0.7604790419161677,15.65,1577372,164.4,869682
New Brunswick,2025/9/1,Other services (except public administration),15.4,11,28.71,0.7142857142857143,15.65,,164.4,869682
New Brunswick,2022/1/1,"Professional, scientific and technical services",,,,,11.75,,,
New Brunswick,2022/2/1,"Professional, scientific and technical services",,,,,11.75,,,
New Brunswick,2022/3/1,"Professional, scientific and technical services",,,,,11.75,,,
New Brunswick,2022/4/1,"Professional, scientific and technical services",,,,,12.75,,,
New Brunswick,2022/5/1,"Professional, scientific and technical services",,,,,12.75,,,
New Brunswick,2022/6/1,"Professional, scientific and technical services",,,,,12.75,,,
New Brunswick,2022/7/1,"Professional, scientific and technical services",,,,,12.75,,,
New Brunswick,2022/8/1,"Professional, scientific and technical services",,,,,12.75,,,
New Brunswick,2022/9/1,"Professional, scientific and technical services",,,,,12.75,,,
New Brunswick,2022/10/1,"Professional, scientific and technical services",,,,,13.75,,,
New Brunswick,2022/11/1,"Professional, scientific and technical services",,,,,13.75,,,
New Brunswick,2022/12/1,"Professional, scientific and technical services",,,,,13.75,,,
New Brunswick,2023/1/1,"Professional, scientific and technical services",24.3,18.5,38.32,0.7613168724279835,13.75,1371659,154.9,819414
New Brunswick,2023/2/1,"Professional, scientific and technical services",25.1,18.4,38.7,0.7330677290836652,13.75,1490845,155.6,819414
New Brunswick,2023/3/1,"Professional, scientific and technical services",25.3,19.3,39.76,0.7628458498023716,13.75,1359902,155.8,819414
New Brunswick,2023/4/1,"Professional, scientific and technical services",24.8,17.8,37.83,0.717741935483871,14.75,1392624,157.4,824150
New Brunswick,2023/5/1,"Professional, scientific and technical services",25.5,18.1,38.63,0.7098039215686275,14.75,1403935,157.3,824150
New Brunswick,2023/6/1,"Professional, scientific and technical services",24.9,17.6,36.62,0.7068273092369479,14.75,1451572,157.6,824150
New Brunswick,2023/7/1,"Professional, scientific and technical services",23.6,15.7,35.67,0.6652542372881355,14.75,1466704,158.3,831103
New Brunswick,2023/8/1,"Professional, scientific and technical services",24.3,16,34.11,0.6584362139917695,14.75,1443688,158.9,831103
New Brunswick,2023/9/1,"Professional, scientific and technical services",22,15.6,37.33,0.7090909090909091,14.75,1463256,159.3,831103
New Brunswick,2023/10/1,"Professional, scientific and technical services",23.2,18.2,37.03,0.7844827586206896,14.75,1475782,158.8,840130
New Brunswick,2023/11/1,"Professional, scientific and technical services",23.8,17.8,37.99,0.7478991596638656,14.75,1492025,158.5,840130
New Brunswick,2023/12/1,"Professional, scientific and technical services",24,16.9,38.08,0.7041666666666666,14.75,1473454,157.8,840130
New Brunswick,2024/1/1,"Professional, scientific and technical services",23.5,17.7,40.28,0.7531914893617021,14.75,1512948,158.5,844859
New Brunswick,2024/2/1,"Professional, scientific and technical services",24,18.4,38.98,0.7666666666666666,14.75,1472680,158.9,844859
New Brunswick,2024/3/1,"Professional, scientific and technical services",25,18.8,39.86,0.752,14.75,1473831,159.8,844859
New Brunswick,2024/4/1,"Professional, scientific and technical services",24.2,19.1,40.16,0.7892561983471075,15.3,1497650,162,850930
New Brunswick,2024/5/1,"Professional, scientific and technical services",26.4,20.1,41.67,0.7613636363636365,15.3,1463805,161.9,850930
New Brunswick,2024/6/1,"Professional, scientific and technical services",27.3,21,40.34,0.7692307692307692,15.3,1464869,162,850930
New Brunswick,2024/7/1,"Professional, scientific and technical services",27.4,20.9,39.84,0.7627737226277372,15.3,1472302,162.9,858293
New Brunswick,2024/8/1,"Professional, scientific and technical services",26.5,20.5,40.41,0.7735849056603774,15.3,1507624,161.8,858293
New Brunswick,2024/9/1,"Professional, scientific and technical services",25.5,20.7,37.8,0.8117647058823529,15.3,1495851,160.7,858293
New Brunswick,2024/10/1,"Professional, scientific and technical services",26.8,20,35.65,0.7462686567164178,15.3,1496531,161.6,863841
New Brunswick,2024/11/1,"Professional, scientific and technical services",25.9,20.2,35.94,0.7799227799227799,15.3,1449382,161.6,863841
New Brunswick,2024/12/1,"Professional, scientific and technical services",26.3,20.3,37.46,0.7718631178707225,15.3,1542160,160.3,863841
New Brunswick,2025/1/1,"Professional, scientific and technical services",25.3,17.9,38.09,0.7075098814229248,15.3,1560670,159.9,865945
New Brunswick,2025/2/1,"Professional, scientific and technical services",23.6,17.2,37.35,0.7288135593220338,15.3,1552764,162,865945
New Brunswick,2025/3/1,"Professional, scientific and technical services",23,18.1,37.63,0.7869565217391304,15.3,1580045,162.8,865945
New Brunswick,2025/4/1,"Professional, scientific and technical services",23.6,18.4,39.99,0.7796610169491525,15.65,1539205,162.4,867014
New Brunswick,2025/5/1,"Professional, scientific and technical services",26,20.1,39.43,0.7730769230769231,15.65,1518582,163.4,867014
New Brunswick,2025/6/1,"Professional, scientific and technical services",25.1,19.2,38.41,0.7649402390438246,15.65,1558825,164,867014
New Brunswick,2025/7/1,"Professional, scientific and technical services",25,19.3,38.43,0.772,15.65,1542762,164.7,869682
New Brunswick,2025/8/1,"Professional, scientific and technical services",23.9,19.1,39.47,0.7991631799163181,15.65,1577372,164.4,869682
New Brunswick,2025/9/1,"Professional, scientific and technical services",23,18,39.76,0.782608695652174,15.65,,164.4,869682
New Brunswick,2022/1/1,Public administration,,,,,11.75,,,
New Brunswick,2022/2/1,Public administration,,,,,11.75,,,
New Brunswick,2022/3/1,Public administration,,,,,11.75,,,
New Brunswick,2022/4/1,Public administration,,,,,12.75,,,
New Brunswick,2022/5/1,Public administration,,,,,12.75,,,
New Brunswick,2022/6/1,Public administration,,,,,12.75,,,
New Brunswick,2022/7/1,Public administration,,,,,12.75,,,
New Brunswick,2022/8/1,Public administration,,,,,12.75,,,
New Brunswick,2022/9/1,Public administration,,,,,12.75,,,
New Brunswick,2022/10/1,Public administration,,,,,13.75,,,
New Brunswick,2022/11/1,Public administration,,,,,13.75,,,
New Brunswick,2022/12/1,Public administration,,,,,13.75,,,
New Brunswick,2023/1/1,Public administration,34.6,34.1,36.94,0.9855491329479767,13.75,1371659,154.9,819414
New Brunswick,2023/2/1,Public administration,36.4,36.1,35.95,0.9917582417582418,13.75,1490845,155.6,819414
New Brunswick,2023/3/1,Public administration,36,35.8,36.99,0.9944444444444444,13.75,1359902,155.8,819414
New Brunswick,2023/4/1,Public administration,36.8,35.8,38.33,0.9728260869565216,14.75,1392624,157.4,824150
New Brunswick,2023/5/1,Public administration,36.6,36.2,39.48,0.989071038251366,14.75,1403935,157.3,824150
New Brunswick,2023/6/1,Public administration,38.2,37.6,37.41,0.9842931937172774,14.75,1451572,157.6,824150
New Brunswick,2023/7/1,Public administration,38.5,38,36.45,0.987012987012987,14.75,1466704,158.3,831103
New Brunswick,2023/8/1,Public administration,37.6,37.4,36.59,0.9946808510638298,14.75,1443688,158.9,831103
New Brunswick,2023/9/1,Public administration,34.7,34.6,38.42,0.9971181556195964,14.75,1463256,159.3,831103
New Brunswick,2023/10/1,Public administration,34.4,34.3,38.57,0.997093023255814,14.75,1475782,158.8,840130
New Brunswick,2023/11/1,Public administration,35.5,35,38.4,0.9859154929577464,14.75,1492025,158.5,840130
New Brunswick,2023/12/1,Public administration,35.5,35.4,38.9,0.9971830985915492,14.75,1473454,157.8,840130
New Brunswick,2024/1/1,Public administration,36.4,36,39.21,0.989010989010989,14.75,1512948,158.5,844859
New Brunswick,2024/2/1,Public administration,36.2,35.6,39.19,0.9834254143646408,14.75,1472680,158.9,844859
New Brunswick,2024/3/1,Public administration,36.1,35.6,39.08,0.9861495844875346,14.75,1473831,159.8,844859
New Brunswick,2024/4/1,Public administration,37.2,36.6,40.74,0.9838709677419356,15.3,1497650,162,850930
New Brunswick,2024/5/1,Public administration,38.3,38.1,40.09,0.9947780678851176,15.3,1463805,161.9,850930
New Brunswick,2024/6/1,Public administration,39.5,39,40.41,0.9873417721518988,15.3,1464869,162,850930
New Brunswick,2024/7/1,Public administration,39,38.2,40.01,0.9794871794871796,15.3,1472302,162.9,858293
New Brunswick,2024/8/1,Public administration,38.4,37.8,41.06,0.984375,15.3,1507624,161.8,858293
New Brunswick,2024/9/1,Public administration,37.2,36.8,40.14,0.9892473118279568,15.3,1495851,160.7,858293
New Brunswick,2024/10/1,Public administration,37.4,37.2,40.36,0.9946524064171124,15.3,1496531,161.6,863841
New Brunswick,2024/11/1,Public administration,36.8,36.4,41.06,0.9891304347826088,15.3,1449382,161.6,863841
New Brunswick,2024/12/1,Public administration,35.3,35.1,40.37,0.9943342776203968,15.3,1542160,160.3,863841
New Brunswick,2025/1/1,Public administration,38.8,38.4,40.37,0.9896907216494846,15.3,1560670,159.9,865945
New Brunswick,2025/2/1,Public administration,39.1,38.5,41.29,0.9846547314578004,15.3,1552764,162,865945
New Brunswick,2025/3/1,Public administration,39.4,38.6,41.33,0.9796954314720812,15.3,1580045,162.8,865945
New Brunswick,2025/4/1,Public administration,39.7,39.1,40.84,0.9848866498740554,15.65,1539205,162.4,867014
New Brunswick,2025/5/1,Public administration,40.8,40.4,40.78,0.9901960784313726,15.65,1518582,163.4,867014
New Brunswick,2025/6/1,Public administration,40.6,39.7,41.21,0.977832512315271,15.65,1558825,164,867014
New Brunswick,2025/7/1,Public administration,40.2,39.7,40.53,0.9875621890547264,15.65,1542762,164.7,869682
New Brunswick,2025/8/1,Public administration,39.7,39,41.29,0.982367758186398,15.65,1577372,164.4,869682
New Brunswick,2025/9/1,Public administration,38.2,36.9,41.78,0.9659685863874344,15.65,,164.4,869682
New Brunswick,2022/1/1,Services-producing sector,,,,,11.75,,,
New Brunswick,2022/2/1,Services-producing sector,,,,,11.75,,,
New Brunswick,2022/3/1,Services-producing sector,,,,,11.75,,,
New Brunswick,2022/4/1,Services-producing sector,,,,,12.75,,,
New Brunswick,2022/5/1,Services-producing sector,,,,,12.75,,,
New Brunswick,2022/6/1,Services-producing sector,,,,,12.75,,,
New Brunswick,2022/7/1,Services-producing sector,,,,,12.75,,,
New Brunswick,2022/8/1,Services-producing sector,,,,,12.75,,,
New Brunswick,2022/9/1,Services-producing sector,,,,,12.75,,,
New Brunswick,2022/10/1,Services-producing sector,,,,,13.75,,,
New Brunswick,2022/11/1,Services-producing sector,,,,,13.75,,,
New Brunswick,2022/12/1,Services-producing sector,,,,,13.75,,,
New Brunswick,2023/1/1,Services-producing sector,317.6,274.8,28.22,0.8652392947103275,13.75,1371659,154.9,819414
New Brunswick,2023/2/1,Services-producing sector,319.4,277.3,28.36,0.8681903569192236,13.75,1490845,155.6,819414
New Brunswick,2023/3/1,Services-producing sector,317.2,280,28.22,0.8827238335435057,13.75,1359902,155.8,819414
New Brunswick,2023/4/1,Services-producing sector,317.7,281.4,28.42,0.8857412653446647,14.75,1392624,157.4,824150
New Brunswick,2023/5/1,Services-producing sector,326.3,286.7,28.76,0.8786392889978547,14.75,1403935,157.3,824150
New Brunswick,2023/6/1,Services-producing sector,327.8,288.7,28.05,0.8807199511897498,14.75,1451572,157.6,824150
New Brunswick,2023/7/1,Services-producing sector,328.9,286,27.44,0.8695652173913044,14.75,1466704,158.3,831103
New Brunswick,2023/8/1,Services-producing sector,334.3,286.6,27.72,0.857313790008974,14.75,1443688,158.9,831103
New Brunswick,2023/9/1,Services-producing sector,321.2,282.7,28.88,0.8801369863013698,14.75,1463256,159.3,831103
New Brunswick,2023/10/1,Services-producing sector,320.9,283.7,29.39,0.8840760361483329,14.75,1475782,158.8,840130
New Brunswick,2023/11/1,Services-producing sector,325,286.1,29.44,0.8803076923076923,14.75,1492025,158.5,840130
New Brunswick,2023/12/1,Services-producing sector,323,284.6,29.56,0.8811145510835914,14.75,1473454,157.8,840130
New Brunswick,2024/1/1,Services-producing sector,323.3,280.3,30.18,0.8669965975873801,14.75,1512948,158.5,844859
New Brunswick,2024/2/1,Services-producing sector,322.9,282.2,29.61,0.8739547847630845,14.75,1472680,158.9,844859
New Brunswick,2024/3/1,Services-producing sector,326,281.7,29.88,0.8641104294478528,14.75,1473831,159.8,844859
New Brunswick,2024/4/1,Services-producing sector,330.8,289.4,29.67,0.8748488512696493,15.3,1497650,162,850930
New Brunswick,2024/5/1,Services-producing sector,340.2,295.8,29.54,0.8694885361552028,15.3,1463805,161.9,850930
New Brunswick,2024/6/1,Services-producing sector,344.2,302.6,29.47,0.8791400348634516,15.3,1464869,162,850930
New Brunswick,2024/7/1,Services-producing sector,340.3,297.4,29.68,0.8739347634440199,15.3,1472302,162.9,858293
New Brunswick,2024/8/1,Services-producing sector,341.1,296.2,30.07,0.8683670477865728,15.3,1507624,161.8,858293
New Brunswick,2024/9/1,Services-producing sector,330.8,290.2,30.05,0.8772672309552599,15.3,1495851,160.7,858293
New Brunswick,2024/10/1,Services-producing sector,332.9,291.3,30.24,0.8750375488134576,15.3,1496531,161.6,863841
New Brunswick,2024/11/1,Services-producing sector,329.1,287.3,30.43,0.872986934062595,15.3,1449382,161.6,863841
New Brunswick,2024/12/1,Services-producing sector,327.6,283.5,30.68,0.8653846153846153,15.3,1542160,160.3,863841
New Brunswick,2025/1/1,Services-producing sector,324.2,282.7,30.6,0.8719925971622455,15.3,1560670,159.9,865945
New Brunswick,2025/2/1,Services-producing sector,327.6,284.3,30.77,0.8678266178266179,15.3,1552764,162,865945
New Brunswick,2025/3/1,Services-producing sector,327.9,285.6,30.86,0.8709972552607503,15.3,1580045,162.8,865945
New Brunswick,2025/4/1,Services-producing sector,328.2,286.5,31.2,0.8729433272394882,15.65,1539205,162.4,867014
New Brunswick,2025/5/1,Services-producing sector,341.4,300,30.67,0.8787346221441126,15.65,1518582,163.4,867014
New Brunswick,2025/6/1,Services-producing sector,343.8,302.6,31.09,0.8801628853984875,15.65,1558825,164,867014
New Brunswick,2025/7/1,Services-producing sector,340,297.3,30.59,0.8744117647058823,15.65,1542762,164.7,869682
New Brunswick,2025/8/1,Services-producing sector,337.8,295.1,31.17,0.8735938425103612,15.65,1577372,164.4,869682
New Brunswick,2025/9/1,Services-producing sector,333.5,294.3,31.51,0.8824587706146927,15.65,,164.4,869682
New Brunswick,2022/1/1,"Total, all industries",,,,,11.75,,,
New Brunswick,2022/2/1,"Total, all industries",,,,,11.75,,,
New Brunswick,2022/3/1,"Total, all industries",,,,,11.75,,,
New Brunswick,2022/4/1,"Total, all industries",,,,,12.75,,,
New Brunswick,2022/5/1,"Total, all industries",,,,,12.75,,,
New Brunswick,2022/6/1,"Total, all industries",,,,,12.75,,,
New Brunswick,2022/7/1,"Total, all industries",,,,,12.75,,,
New Brunswick,2022/8/1,"Total, all industries",,,,,12.75,,,
New Brunswick,2022/9/1,"Total, all industries",,,,,12.75,,,
New Brunswick,2022/10/1,"Total, all industries",,,,,13.75,,,
New Brunswick,2022/11/1,"Total, all industries",,,,,13.75,,,
New Brunswick,2022/12/1,"Total, all industries",,,,,13.75,,,
New Brunswick,2023/1/1,"Total, all industries",402.2,329.9,28.37,0.8202386872202884,13.75,1371659,154.9,819414
New Brunswick,2023/2/1,"Total, all industries",401.2,334.7,28.5,0.834247258225324,13.75,1490845,155.6,819414
New Brunswick,2023/3/1,"Total, all industries",403.8,338.9,28.4,0.8392768697374937,13.75,1359902,155.8,819414
New Brunswick,2023/4/1,"Total, all industries",407.9,343.5,28.7,0.8421181662172101,14.75,1392624,157.4,824150
New Brunswick,2023/5/1,"Total, all industries",422.3,360.9,28.83,0.8546057305233246,14.75,1403935,157.3,824150
New Brunswick,2023/6/1,"Total, all industries",424,364.1,28.14,0.8587264150943397,14.75,1451572,157.6,824150
New Brunswick,2023/7/1,"Total, all industries",426.4,360.3,27.72,0.8449812382739212,14.75,1466704,158.3,831103
New Brunswick,2023/8/1,"Total, all industries",434.6,360.5,27.94,0.8294983893235158,14.75,1443688,158.9,831103
New Brunswick,2023/9/1,"Total, all industries",419.9,353.9,28.99,0.8428197189807097,14.75,1463256,159.3,831103
New Brunswick,2023/10/1,"Total, all industries",416.1,356.1,29.45,0.855803893294881,14.75,1475782,158.8,840130
New Brunswick,2023/11/1,"Total, all industries",417.6,355.1,29.69,0.8503352490421456,14.75,1492025,158.5,840130
New Brunswick,2023/12/1,"Total, all industries",414.4,351,29.92,0.847007722007722,14.75,1473454,157.8,840130
New Brunswick,2024/1/1,"Total, all industries",415.4,344.1,30.36,0.8283582089552239,14.75,1512948,158.5,844859
New Brunswick,2024/2/1,"Total, all industries",415.8,345,30.01,0.8297258297258298,14.75,1472680,158.9,844859
New Brunswick,2024/3/1,"Total, all industries",421.2,346.2,30.3,0.8219373219373219,14.75,1473831,159.8,844859
New Brunswick,2024/4/1,"Total, all industries",428,359.5,30.14,0.8399532710280374,15.3,1497650,162,850930
New Brunswick,2024/5/1,"Total, all industries",440.1,370.9,29.84,0.8427630084071801,15.3,1463805,161.9,850930
New Brunswick,2024/6/1,"Total, all industries",443,377.6,29.78,0.8523702031602709,15.3,1464869,162,850930
New Brunswick,2024/7/1,"Total, all industries",441.2,372.8,29.96,0.844968268359021,15.3,1472302,162.9,858293
New Brunswick,2024/8/1,"Total, all industries",444.2,375.4,30.35,0.8451148131472309,15.3,1507624,161.8,858293
New Brunswick,2024/9/1,"Total, all industries",428.7,366,30.6,0.853743876836949,15.3,1495851,160.7,858293
New Brunswick,2024/10/1,"Total, all industries",431.3,369.3,30.52,0.8562485508926502,15.3,1496531,161.6,863841
New Brunswick,2024/11/1,"Total, all industries",428.4,361.9,30.83,0.8447712418300654,15.3,1449382,161.6,863841
New Brunswick,2024/12/1,"Total, all industries",425.9,352.4,31.07,0.8274242779995304,15.3,1542160,160.3,863841
New Brunswick,2025/1/1,"Total, all industries",420,350.4,30.98,0.8342857142857142,15.3,1560670,159.9,865945
New Brunswick,2025/2/1,"Total, all industries",424.7,350,30.9,0.8241111372733695,15.3,1552764,162,865945
New Brunswick,2025/3/1,"Total, all industries",424.1,353.1,31.22,0.8325866540910163,15.3,1580045,162.8,865945
New Brunswick,2025/4/1,"Total, all industries",426.9,356.8,31.22,0.835792925743734,15.65,1539205,162.4,867014
New Brunswick,2025/5/1,"Total, all industries",445.9,377.9,30.68,0.847499439336174,15.65,1518582,163.4,867014
New Brunswick,2025/6/1,"Total, all industries",453,383.3,30.98,0.8461368653421634,15.65,1558825,164,867014
New Brunswick,2025/7/1,"Total, all industries",450.5,376.7,30.69,0.8361820199778024,15.65,1542762,164.7,869682
New Brunswick,2025/8/1,"Total, all industries",449.7,374,31.19,0.8316655548143207,15.65,1577372,164.4,869682
New Brunswick,2025/9/1,"Total, all industries",441.9,372.4,31.62,0.842724598325413,15.65,,164.4,869682
New Brunswick,2022/1/1,Transportation and warehousing,,,,,11.75,,,
New Brunswick,2022/2/1,Transportation and warehousing,,,,,11.75,,,
New Brunswick,2022/3/1,Transportation and warehousing,,,,,11.75,,,
New Brunswick,2022/4/1,Transportation and warehousing,,,,,12.75,,,
New Brunswick,2022/5/1,Transportation and warehousing,,,,,12.75,,,
New Brunswick,2022/6/1,Transportation and warehousing,,,,,12.75,,,
New Brunswick,2022/7/1,Transportation and warehousing,,,,,12.75,,,
New Brunswick,2022/8/1,Transportation and warehousing,,,,,12.75,,,
New Brunswick,2022/9/1,Transportation and warehousing,,,,,12.75,,,
New Brunswick,2022/10/1,Transportation and warehousing,,,,,13.75,,,
New Brunswick,2022/11/1,Transportation and warehousing,,,,,13.75,,,
New Brunswick,2022/12/1,Transportation and warehousing,,,,,13.75,,,
New Brunswick,2023/1/1,Transportation and warehousing,17.9,14.9,27.16,0.8324022346368716,13.75,1371659,154.9,819414
New Brunswick,2023/2/1,Transportation and warehousing,18.2,15.5,25.55,0.8516483516483517,13.75,1490845,155.6,819414
New Brunswick,2023/3/1,Transportation and warehousing,19.1,16,25.26,0.8376963350785339,13.75,1359902,155.8,819414
New Brunswick,2023/4/1,Transportation and warehousing,18.6,16.5,28.44,0.8870967741935483,14.75,1392624,157.4,824150
New Brunswick,2023/5/1,Transportation and warehousing,18.9,16.5,25.83,0.8730158730158731,14.75,1403935,157.3,824150
New Brunswick,2023/6/1,Transportation and warehousing,18.9,16.2,26.25,0.8571428571428572,14.75,1451572,157.6,824150
New Brunswick,2023/7/1,Transportation and warehousing,19.6,17.3,26.59,0.8826530612244897,14.75,1466704,158.3,831103
New Brunswick,2023/8/1,Transportation and warehousing,19.4,17.1,26.45,0.8814432989690723,14.75,1443688,158.9,831103
New Brunswick,2023/9/1,Transportation and warehousing,20.7,18.1,27.77,0.8743961352657006,14.75,1463256,159.3,831103
New Brunswick,2023/10/1,Transportation and warehousing,21.5,18.2,30.11,0.8465116279069768,14.75,1475782,158.8,840130
New Brunswick,2023/11/1,Transportation and warehousing,22,19.8,28.98,0.9,14.75,1492025,158.5,840130
New Brunswick,2023/12/1,Transportation and warehousing,21.3,19.4,29.07,0.9107981220657276,14.75,1473454,157.8,840130
New Brunswick,2024/1/1,Transportation and warehousing,21.7,19.7,30.01,0.9078341013824884,14.75,1512948,158.5,844859
New Brunswick,2024/2/1,Transportation and warehousing,22.2,20.3,29,0.9144144144144144,14.75,1472680,158.9,844859
New Brunswick,2024/3/1,Transportation and warehousing,21.4,18.4,28.86,0.8598130841121495,14.75,1473831,159.8,844859
New Brunswick,2024/4/1,Transportation and warehousing,21.9,18.7,24.92,0.8538812785388128,15.3,1497650,162,850930
New Brunswick,2024/5/1,Transportation and warehousing,22.5,19.8,24.49,0.88,15.3,1463805,161.9,850930
New Brunswick,2024/6/1,Transportation and warehousing,22.3,19.2,25.68,0.8609865470852017,15.3,1464869,162,850930
New Brunswick,2024/7/1,Transportation and warehousing,22.2,19.9,26.72,0.8963963963963963,15.3,1472302,162.9,858293
New Brunswick,2024/8/1,Transportation and warehousing,21.7,18.6,29.06,0.8571428571428572,15.3,1507624,161.8,858293
New Brunswick,2024/9/1,Transportation and warehousing,22.1,19.7,29.85,0.8914027149321266,15.3,1495851,160.7,858293
New Brunswick,2024/10/1,Transportation and warehousing,22.6,19.2,30.47,0.8495575221238937,15.3,1496531,161.6,863841
New Brunswick,2024/11/1,Transportation and warehousing,21.5,18.9,31.38,0.8790697674418604,15.3,1449382,161.6,863841
New Brunswick,2024/12/1,Transportation and warehousing,22.2,18.9,31.27,0.8513513513513513,15.3,1542160,160.3,863841
New Brunswick,2025/1/1,Transportation and warehousing,20,17.1,31.22,0.8550000000000001,15.3,1560670,159.9,865945
New Brunswick,2025/2/1,Transportation and warehousing,20.5,18.1,28.69,0.8829268292682928,15.3,1552764,162,865945
New Brunswick,2025/3/1,Transportation and warehousing,19.9,16.1,30.95,0.8090452261306534,15.3,1580045,162.8,865945
New Brunswick,2025/4/1,Transportation and warehousing,20.2,16.9,30.77,0.8366336633663366,15.65,1539205,162.4,867014
New Brunswick,2025/5/1,Transportation and warehousing,20.7,16.6,28.94,0.8019323671497586,15.65,1518582,163.4,867014
New Brunswick,2025/6/1,Transportation and warehousing,20.5,17.1,31.04,0.8341463414634147,15.65,1558825,164,867014
New Brunswick,2025/7/1,Transportation and warehousing,19.9,16.2,29.37,0.8140703517587939,15.65,1542762,164.7,869682
New Brunswick,2025/8/1,Transportation and warehousing,20.3,16.4,30.21,0.8078817733990147,15.65,1577372,164.4,869682
New Brunswick,2025/9/1,Transportation and warehousing,18.5,15,31.44,0.8108108108108109,15.65,,164.4,869682
New Brunswick,2022/1/1,Utilities,,,,,11.75,,,
New Brunswick,2022/2/1,Utilities,,,,,11.75,,,
New Brunswick,2022/3/1,Utilities,,,,,11.75,,,
New Brunswick,2022/4/1,Utilities,,,,,12.75,,,
New Brunswick,2022/5/1,Utilities,,,,,12.75,,,
New Brunswick,2022/6/1,Utilities,,,,,12.75,,,
New Brunswick,2022/7/1,Utilities,,,,,12.75,,,
New Brunswick,2022/8/1,Utilities,,,,,12.75,,,
New Brunswick,2022/9/1,Utilities,,,,,12.75,,,
New Brunswick,2022/10/1,Utilities,,,,,13.75,,,
New Brunswick,2022/11/1,Utilities,,,,,13.75,,,
New Brunswick,2022/12/1,Utilities,,,,,13.75,,,
New Brunswick,2023/1/1,Utilities,4,4,47.4,1,13.75,1371659,154.9,819414
New Brunswick,2023/2/1,Utilities,4.3,4.1,47.74,0.9534883720930232,13.75,1490845,155.6,819414
New Brunswick,2023/3/1,Utilities,4.5,4.2,47.29,0.9333333333333332,13.75,1359902,155.8,819414
New Brunswick,2023/4/1,Utilities,4.4,4.1,45.82,0.9318181818181815,14.75,1392624,157.4,824150
New Brunswick,2023/5/1,Utilities,5.1,5.1,42.73,1,14.75,1403935,157.3,824150
New Brunswick,2023/6/1,Utilities,5.1,5,41.1,0.9803921568627452,14.75,1451572,157.6,824150
New Brunswick,2023/7/1,Utilities,5.2,4.9,46.3,0.9423076923076924,14.75,1466704,158.3,831103
New Brunswick,2023/8/1,Utilities,5.1,4.8,46.78,0.9411764705882352,14.75,1443688,158.9,831103
New Brunswick,2023/9/1,Utilities,5.3,5.1,43.99,0.9622641509433962,14.75,1463256,159.3,831103
New Brunswick,2023/10/1,Utilities,5.4,5.2,44.14,0.9629629629629628,14.75,1475782,158.8,840130
New Brunswick,2023/11/1,Utilities,5.3,5.1,43.49,0.9622641509433962,14.75,1492025,158.5,840130
New Brunswick,2023/12/1,Utilities,5,4.8,47.01,0.96,14.75,1473454,157.8,840130
New Brunswick,2024/1/1,Utilities,5.1,4.9,46.03,0.9607843137254904,14.75,1512948,158.5,844859
New Brunswick,2024/2/1,Utilities,5.2,5.1,46.01,0.9807692307692306,14.75,1472680,158.9,844859
New Brunswick,2024/3/1,Utilities,5.4,5.2,44.5,0.9629629629629628,14.75,1473831,159.8,844859
New Brunswick,2024/4/1,Utilities,5,5,47.99,1,15.3,1497650,162,850930
New Brunswick,2024/5/1,Utilities,5.4,5.4,45.89,1,15.3,1463805,161.9,850930
New Brunswick,2024/6/1,Utilities,5.3,5.3,39.49,1,15.3,1464869,162,850930
New Brunswick,2024/7/1,Utilities,5.5,5.3,42.29,0.9636363636363636,15.3,1472302,162.9,858293
New Brunswick,2024/8/1,Utilities,5.1,5.1,43.86,1,15.3,1507624,161.8,858293
New Brunswick,2024/9/1,Utilities,5.6,5.6,47.99,1,15.3,1495851,160.7,858293
New Brunswick,2024/10/1,Utilities,6.2,6.2,45.51,1,15.3,1496531,161.6,863841
New Brunswick,2024/11/1,Utilities,6,6,44.11,1,15.3,1449382,161.6,863841
New Brunswick,2024/12/1,Utilities,5.9,5.5,46.21,0.9322033898305084,15.3,1542160,160.3,863841
New Brunswick,2025/1/1,Utilities,5.4,5.3,47.22,0.9814814814814814,15.3,1560670,159.9,865945
New Brunswick,2025/2/1,Utilities,5.2,5.1,45.45,0.9807692307692306,15.3,1552764,162,865945
New Brunswick,2025/3/1,Utilities,5.4,5.3,47.28,0.9814814814814814,15.3,1580045,162.8,865945
New Brunswick,2025/4/1,Utilities,5.5,5.4,46.2,0.981818181818182,15.65,1539205,162.4,867014
New Brunswick,2025/5/1,Utilities,4.7,4.7,45.83,1,15.65,1518582,163.4,867014
New Brunswick,2025/6/1,Utilities,4.6,4.6,43.04,1,15.65,1558825,164,867014
New Brunswick,2025/7/1,Utilities,4.3,4.3,47.22,1,15.65,1542762,164.7,869682
New Brunswick,2025/8/1,Utilities,4.4,4.4,44.95,1,15.65,1577372,164.4,869682
New Brunswick,2025/9/1,Utilities,4.6,4.6,45.89,1,15.65,,164.4,869682
New Brunswick,2022/1/1,Wholesale and retail trade,,,,,11.75,,,
New Brunswick,2022/2/1,Wholesale and retail trade,,,,,11.75,,,
New Brunswick,2022/3/1,Wholesale and retail trade,,,,,11.75,,,
New Brunswick,2022/4/1,Wholesale and retail trade,,,,,12.75,,,
New Brunswick,2022/5/1,Wholesale and retail trade,,,,,12.75,,,
New Brunswick,2022/6/1,Wholesale and retail trade,,,,,12.75,,,
New Brunswick,2022/7/1,Wholesale and retail trade,,,,,12.75,,,
New Brunswick,2022/8/1,Wholesale and retail trade,,,,,12.75,,,
New Brunswick,2022/9/1,Wholesale and retail trade,,,,,12.75,,,
New Brunswick,2022/10/1,Wholesale and retail trade,,,,,13.75,,,
New Brunswick,2022/11/1,Wholesale and retail trade,,,,,13.75,,,
New Brunswick,2022/12/1,Wholesale and retail trade,,,,,13.75,,,
New Brunswick,2023/1/1,Wholesale and retail trade,62.7,55.7,21.36,0.8883572567783095,13.75,1371659,154.9,819414
New Brunswick,2023/2/1,Wholesale and retail trade,61.7,55.4,21.91,0.8978930307941653,13.75,1490845,155.6,819414
New Brunswick,2023/3/1,Wholesale and retail trade,59.4,54.4,22.14,0.915824915824916,13.75,1359902,155.8,819414
New Brunswick,2023/4/1,Wholesale and retail trade,60.7,56.2,22.4,0.9258649093904447,14.75,1392624,157.4,824150
New Brunswick,2023/5/1,Wholesale and retail trade,60.9,56.9,22.54,0.93431855500821,14.75,1403935,157.3,824150
New Brunswick,2023/6/1,Wholesale and retail trade,61.3,57.1,22.14,0.931484502446982,14.75,1451572,157.6,824150
New Brunswick,2023/7/1,Wholesale and retail trade,62.2,57,21.26,0.9163987138263664,14.75,1466704,158.3,831103
New Brunswick,2023/8/1,Wholesale and retail trade,63.7,58.2,21.47,0.913657770800628,14.75,1443688,158.9,831103
New Brunswick,2023/9/1,Wholesale and retail trade,59.2,53.5,21.96,0.9037162162162162,14.75,1463256,159.3,831103
New Brunswick,2023/10/1,Wholesale and retail trade,58.1,52.1,22.55,0.8967297762478486,14.75,1475782,158.8,840130
New Brunswick,2023/11/1,Wholesale and retail trade,60.4,53.6,22.73,0.8874172185430464,14.75,1492025,158.5,840130
New Brunswick,2023/12/1,Wholesale and retail trade,58.6,54.2,22.32,0.924914675767918,14.75,1473454,157.8,840130
New Brunswick,2024/1/1,Wholesale and retail trade,58.2,52.1,23.01,0.895189003436426,14.75,1512948,158.5,844859
New Brunswick,2024/2/1,Wholesale and retail trade,57.6,51.1,22.98,0.8871527777777778,14.75,1472680,158.9,844859
New Brunswick,2024/3/1,Wholesale and retail trade,58.6,51.7,23.98,0.8822525597269625,14.75,1473831,159.8,844859
New Brunswick,2024/4/1,Wholesale and retail trade,61,54.2,23.03,0.8885245901639345,15.3,1497650,162,850930
New Brunswick,2024/5/1,Wholesale and retail trade,60.9,53.6,23.01,0.8801313628899836,15.3,1463805,161.9,850930
New Brunswick,2024/6/1,Wholesale and retail trade,59.3,52.1,23.51,0.8785834738617201,15.3,1464869,162,850930
New Brunswick,2024/7/1,Wholesale and retail trade,58.6,53.6,24.1,0.9146757679180888,15.3,1472302,162.9,858293
New Brunswick,2024/8/1,Wholesale and retail trade,61.6,56.9,24.18,0.9237012987012988,15.3,1507624,161.8,858293
New Brunswick,2024/9/1,Wholesale and retail trade,62.6,56.4,23.89,0.900958466453674,15.3,1495851,160.7,858293
New Brunswick,2024/10/1,Wholesale and retail trade,62.2,56.9,23.75,0.914790996784566,15.3,1496531,161.6,863841
New Brunswick,2024/11/1,Wholesale and retail trade,61.1,55,23.51,0.9001636661211129,15.3,1449382,161.6,863841
New Brunswick,2024/12/1,Wholesale and retail trade,59.7,51.9,23,0.8693467336683417,15.3,1542160,160.3,863841
New Brunswick,2025/1/1,Wholesale and retail trade,59.6,52.9,22.72,0.8875838926174496,15.3,1560670,159.9,865945
New Brunswick,2025/2/1,Wholesale and retail trade,60.2,52,23.77,0.8637873754152824,15.3,1552764,162,865945
New Brunswick,2025/3/1,Wholesale and retail trade,61.5,56.4,23.48,0.9170731707317072,15.3,1580045,162.8,865945
New Brunswick,2025/4/1,Wholesale and retail trade,60.7,55,23.15,0.9060955518945634,15.65,1539205,162.4,867014
New Brunswick,2025/5/1,Wholesale and retail trade,60.7,55.3,23.54,0.9110378912685336,15.65,1518582,163.4,867014
New Brunswick,2025/6/1,Wholesale and retail trade,60.7,55.5,23.42,0.914332784184514,15.65,1558825,164,867014
New Brunswick,2025/7/1,Wholesale and retail trade,61.7,57.2,23.43,0.9270664505672608,15.65,1542762,164.7,869682
New Brunswick,2025/8/1,Wholesale and retail trade,60.4,54.9,24.1,0.9089403973509934,15.65,1577372,164.4,869682
New Brunswick,2025/9/1,Wholesale and retail trade,62.9,56.7,23.66,0.9014308426073132,15.65,,164.4,869682
Newfoundland and Labrador,2022/1/1,Accommodation and food services,,,,,12.75,,,
Newfoundland and Labrador,2022/2/1,Accommodation and food services,,,,,12.75,,,
Newfoundland and Labrador,2022/3/1,Accommodation and food services,,,,,12.75,,,
Newfoundland and Labrador,2022/4/1,Accommodation and food services,,,,,13.2,,,
Newfoundland and Labrador,2022/5/1,Accommodation and food services,,,,,13.2,,,
Newfoundland and Labrador,2022/6/1,Accommodation and food services,,,,,13.2,,,
Newfoundland and Labrador,2022/7/1,Accommodation and food services,,,,,13.2,,,
Newfoundland and Labrador,2022/8/1,Accommodation and food services,,,,,13.2,,,
Newfoundland and Labrador,2022/9/1,Accommodation and food services,,,,,13.2,,,
Newfoundland and Labrador,2022/10/1,Accommodation and food services,,,,,13.7,,,
Newfoundland and Labrador,2022/11/1,Accommodation and food services,,,,,13.7,,,
Newfoundland and Labrador,2022/12/1,Accommodation and food services,,,,,13.7,,,
Newfoundland and Labrador,2023/1/1,Accommodation and food services,14.9,11.9,16.69,0.7986577181208053,13.7,987535,155.9,535147
Newfoundland and Labrador,2023/2/1,Accommodation and food services,14.8,13.1,16.51,0.8851351351351351,13.7,951633,157.4,535147
Newfoundland and Labrador,2023/3/1,Accommodation and food services,15.5,12.8,16.55,0.8258064516129032,13.7,934802,157,535147
Newfoundland and Labrador,2023/4/1,Accommodation and food services,15.1,13.1,17.3,0.8675496688741722,14.5,917145,158.3,536635
Newfoundland and Labrador,2023/5/1,Accommodation and food services,18.3,14.8,16.61,0.8087431693989071,14.5,968183,158.5,536635
Newfoundland and Labrador,2023/6/1,Accommodation and food services,15.1,14.2,16.61,0.9403973509933776,14.5,935680,158.9,536635
Newfoundland and Labrador,2023/7/1,Accommodation and food services,15.1,14.1,16.71,0.933774834437086,14.5,970564,159.8,538789
Newfoundland and Labrador,2023/8/1,Accommodation and food services,16.3,15,16.96,0.920245398773006,14.5,935822,161,538789
Newfoundland and Labrador,2023/9/1,Accommodation and food services,15.4,14.6,17.22,0.948051948051948,14.5,944788,160.8,538789
Newfoundland and Labrador,2023/10/1,Accommodation and food services,15.6,14.4,16.9,0.9230769230769232,15,955669,160.2,541126
Newfoundland and Labrador,2023/11/1,Accommodation and food services,15.2,12.1,17.34,0.7960526315789473,15,960274,160.1,541126
Newfoundland and Labrador,2023/12/1,Accommodation and food services,15.5,13.3,18.68,0.8580645161290323,15,971117,159.8,541126
Newfoundland and Labrador,2024/1/1,Accommodation and food services,14.8,12.6,18.36,0.8513513513513513,15,959888,159.8,542449
Newfoundland and Labrador,2024/2/1,Accommodation and food services,14,11.5,18.37,0.8214285714285714,15,996363,160.6,542449
Newfoundland and Labrador,2024/3/1,Accommodation and food services,14.7,11.7,19.21,0.7959183673469388,15,981959,161.9,542449
Newfoundland and Labrador,2024/4/1,Accommodation and food services,16,14.1,18.38,0.88125,15.6,1002482,162.4,544318
Newfoundland and Labrador,2024/5/1,Accommodation and food services,15.9,13.3,18.35,0.8364779874213837,15.6,1005281,162.7,544318
Newfoundland and Labrador,2024/6/1,Accommodation and food services,15.5,13.8,18.44,0.8903225806451613,15.6,1017740,162.5,544318
Newfoundland and Labrador,2024/7/1,Accommodation and food services,17,15.8,18,0.9294117647058824,15.6,1027694,163.1,546869
Newfoundland and Labrador,2024/8/1,Accommodation and food services,16.6,15.7,17.8,0.9457831325301204,15.6,1041471,163.1,546869
Newfoundland and Labrador,2024/9/1,Accommodation and food services,15.2,14.1,18.31,0.9276315789473684,15.6,1045214,161.9,546869
Newfoundland and Labrador,2024/10/1,Accommodation and food services,14.9,13.6,18.43,0.9127516778523488,15.6,1040807,161.9,548402
Newfoundland and Labrador,2024/11/1,Accommodation and food services,14.7,11.5,18.41,0.7823129251700681,15.6,1048813,162.1,548402
Newfoundland and Labrador,2024/12/1,Accommodation and food services,15.4,12.3,19.6,0.7987012987012987,15.6,1046473,160.7,548402
Newfoundland and Labrador,2025/1/1,Accommodation and food services,13.8,10.8,18.06,0.782608695652174,15.6,1082740,161,548842
Newfoundland and Labrador,2025/2/1,Accommodation and food services,14.1,10.6,20.14,0.75177304964539,15.6,1079248,162.5,548842
Newfoundland and Labrador,2025/3/1,Accommodation and food services,13.5,11.2,20.31,0.8296296296296296,15.6,1082881,163.6,548842
Newfoundland and Labrador,2025/4/1,Accommodation and food services,13.5,11.1,19.16,0.8222222222222222,16,1070414,163,549456
Newfoundland and Labrador,2025/5/1,Accommodation and food services,14.9,13.1,18.37,0.8791946308724832,16,1054491,163.5,549456
Newfoundland and Labrador,2025/6/1,Accommodation and food services,15.3,13.8,18.95,0.9019607843137256,16,1067214,164.4,549456
Newfoundland and Labrador,2025/7/1,Accommodation and food services,15.7,13.9,18.66,0.8853503184713376,16,1005627,165.7,549911
Newfoundland and Labrador,2025/8/1,Accommodation and food services,16.1,14.4,19.41,0.8944099378881987,16,1057325,165.3,549911
Newfoundland and Labrador,2025/9/1,Accommodation and food services,15.2,13.5,19.27,0.8881578947368421,16,,165.2,549911
Newfoundland and Labrador,2022/1/1,Agriculture,,,,,12.75,,,
Newfoundland and Labrador,2022/2/1,Agriculture,,,,,12.75,,,
Newfoundland and Labrador,2022/3/1,Agriculture,,,,,12.75,,,
Newfoundland and Labrador,2022/4/1,Agriculture,,,,,13.2,,,
Newfoundland and Labrador,2022/5/1,Agriculture,,,,,13.2,,,
Newfoundland and Labrador,2022/6/1,Agriculture,,,,,13.2,,,
Newfoundland and Labrador,2022/7/1,Agriculture,,,,,13.2,,,
Newfoundland and Labrador,2022/8/1,Agriculture,,,,,13.2,,,
Newfoundland and Labrador,2022/9/1,Agriculture,,,,,13.2,,,
Newfoundland and Labrador,2022/10/1,Agriculture,,,,,13.7,,,
Newfoundland and Labrador,2022/11/1,Agriculture,,,,,13.7,,,
Newfoundland and Labrador,2022/12/1,Agriculture,,,,,13.7,,,
Newfoundland and Labrador,2023/1/1,Agriculture,1.7,1,26.92,0.5882352941176471,13.7,987535,155.9,535147
Newfoundland and Labrador,2023/2/1,Agriculture,1.5,0.8,38.21,0.5333333333333333,13.7,951633,157.4,535147
Newfoundland and Labrador,2023/3/1,Agriculture,1.6,0.7,25.12,0.4374999999999999,13.7,934802,157,535147
Newfoundland and Labrador,2023/4/1,Agriculture,1.7,0.9,26.7,0.5294117647058824,14.5,917145,158.3,536635
Newfoundland and Labrador,2023/5/1,Agriculture,1.5,1.3,26.65,0.8666666666666667,14.5,968183,158.5,536635
Newfoundland and Labrador,2023/6/1,Agriculture,1.9,1.5,21.61,0.7894736842105263,14.5,935680,158.9,536635
Newfoundland and Labrador,2023/7/1,Agriculture,1.7,1.3,23.16,0.7647058823529412,14.5,970564,159.8,538789
Newfoundland and Labrador,2023/8/1,Agriculture,1.7,1.2,24.67,0.7058823529411765,14.5,935822,161,538789
Newfoundland and Labrador,2023/9/1,Agriculture,1.5,1.2,23.15,0.7999999999999999,14.5,944788,160.8,538789
Newfoundland and Labrador,2023/10/1,Agriculture,1.4,1,25,0.7142857142857143,15,955669,160.2,541126
Newfoundland and Labrador,2023/11/1,Agriculture,1.3,0.9,22.57,0.6923076923076923,15,960274,160.1,541126
Newfoundland and Labrador,2023/12/1,Agriculture,0.8,0.5,24.9,0.625,15,971117,159.8,541126
Newfoundland and Labrador,2024/1/1,Agriculture,1.2,0.8,28.3,0.6666666666666667,15,959888,159.8,542449
Newfoundland and Labrador,2024/2/1,Agriculture,1.5,0.8,28.32,0.5333333333333333,15,996363,160.6,542449
Newfoundland and Labrador,2024/3/1,Agriculture,1,0.6,30.77,0.6,15,981959,161.9,542449
Newfoundland and Labrador,2024/4/1,Agriculture,1,0.8,30.77,0.8,15.6,1002482,162.4,544318
Newfoundland and Labrador,2024/5/1,Agriculture,1.4,1,23.91,0.7142857142857143,15.6,1005281,162.7,544318
Newfoundland and Labrador,2024/6/1,Agriculture,1.6,1.6,25.47,1,15.6,1017740,162.5,544318
Newfoundland and Labrador,2024/7/1,Agriculture,1.3,1.2,30.14,0.923076923076923,15.6,1027694,163.1,546869
Newfoundland and Labrador,2024/8/1,Agriculture,1.4,1.3,29.58,0.9285714285714288,15.6,1041471,163.1,546869
Newfoundland and Labrador,2024/9/1,Agriculture,1.6,1.6,28.39,1,15.6,1045214,161.9,546869
Newfoundland and Labrador,2024/10/1,Agriculture,1.6,1.5,24.27,0.9375,15.6,1040807,161.9,548402
Newfoundland and Labrador,2024/11/1,Agriculture,1.5,1.2,27.92,0.7999999999999999,15.6,1048813,162.1,548402
Newfoundland and Labrador,2024/12/1,Agriculture,1.4,0.9,24.56,0.6428571428571429,15.6,1046473,160.7,548402
Newfoundland and Labrador,2025/1/1,Agriculture,1.7,1,24.8,0.5882352941176471,15.6,1082740,161,548842
Newfoundland and Labrador,2025/2/1,Agriculture,0.9,0.6,26.03,0.6666666666666666,15.6,1079248,162.5,548842
Newfoundland and Labrador,2025/3/1,Agriculture,1,0.9,23.22,0.9,15.6,1082881,163.6,548842
Newfoundland and Labrador,2025/4/1,Agriculture,1.5,0.8,20.11,0.5333333333333333,16,1070414,163,549456
Newfoundland and Labrador,2025/5/1,Agriculture,1.2,1.1,21.89,0.9166666666666669,16,1054491,163.5,549456
Newfoundland and Labrador,2025/6/1,Agriculture,1,1,28.44,1,16,1067214,164.4,549456
Newfoundland and Labrador,2025/7/1,Agriculture,1.2,0.9,30.58,0.75,16,1005627,165.7,549911
Newfoundland and Labrador,2025/8/1,Agriculture,0.9,0.7,26.76,0.7777777777777777,16,1057325,165.3,549911
Newfoundland and Labrador,2025/9/1,Agriculture,1,0.8,29.44,0.8,16,,165.2,549911
Newfoundland and Labrador,2022/1/1,"Business, building and other support services",,,,,12.75,,,
Newfoundland and Labrador,2022/2/1,"Business, building and other support services",,,,,12.75,,,
Newfoundland and Labrador,2022/3/1,"Business, building and other support services",,,,,12.75,,,
Newfoundland and Labrador,2022/4/1,"Business, building and other support services",,,,,13.2,,,
Newfoundland and Labrador,2022/5/1,"Business, building and other support services",,,,,13.2,,,
Newfoundland and Labrador,2022/6/1,"Business, building and other support services",,,,,13.2,,,
Newfoundland and Labrador,2022/7/1,"Business, building and other support services",,,,,13.2,,,
Newfoundland and Labrador,2022/8/1,"Business, building and other support services",,,,,13.2,,,
Newfoundland and Labrador,2022/9/1,"Business, building and other support services",,,,,13.2,,,
Newfoundland and Labrador,2022/10/1,"Business, building and other support services",,,,,13.7,,,
Newfoundland and Labrador,2022/11/1,"Business, building and other support services",,,,,13.7,,,
Newfoundland and Labrador,2022/12/1,"Business, building and other support services",,,,,13.7,,,
Newfoundland and Labrador,2023/1/1,"Business, building and other support services",5.8,4.2,26.47,0.7241379310344828,13.7,987535,155.9,535147
Newfoundland and Labrador,2023/2/1,"Business, building and other support services",6.2,4.1,29.85,0.6612903225806451,13.7,951633,157.4,535147
Newfoundland and Labrador,2023/3/1,"Business, building and other support services",5.9,3.9,25.17,0.6610169491525423,13.7,934802,157,535147
Newfoundland and Labrador,2023/4/1,"Business, building and other support services",6.2,4.2,29.98,0.6774193548387097,14.5,917145,158.3,536635
Newfoundland and Labrador,2023/5/1,"Business, building and other support services",5.8,4.5,27.69,0.7758620689655172,14.5,968183,158.5,536635
Newfoundland and Labrador,2023/6/1,"Business, building and other support services",6.2,5.2,27.72,0.8387096774193549,14.5,935680,158.9,536635
Newfoundland and Labrador,2023/7/1,"Business, building and other support services",7.3,5.9,23.9,0.8082191780821919,14.5,970564,159.8,538789
Newfoundland and Labrador,2023/8/1,"Business, building and other support services",6.9,5.4,24.34,0.782608695652174,14.5,935822,161,538789
Newfoundland and Labrador,2023/9/1,"Business, building and other support services",7.4,6.3,24.15,0.8513513513513513,14.5,944788,160.8,538789
Newfoundland and Labrador,2023/10/1,"Business, building and other support services",7.1,5.7,24.99,0.8028169014084507,15,955669,160.2,541126
Newfoundland and Labrador,2023/11/1,"Business, building and other support services",6.2,4.9,27.31,0.7903225806451614,15,960274,160.1,541126
Newfoundland and Labrador,2023/12/1,"Business, building and other support services",6.9,4.9,27.42,0.7101449275362319,15,971117,159.8,541126
Newfoundland and Labrador,2024/1/1,"Business, building and other support services",6.6,4.8,25.51,0.7272727272727273,15,959888,159.8,542449
Newfoundland and Labrador,2024/2/1,"Business, building and other support services",6.2,4.5,23.37,0.7258064516129032,15,996363,160.6,542449
Newfoundland and Labrador,2024/3/1,"Business, building and other support services",6.9,5.7,24.87,0.8260869565217391,15,981959,161.9,542449
Newfoundland and Labrador,2024/4/1,"Business, building and other support services",7.2,5.3,25.15,0.736111111111111,15.6,1002482,162.4,544318
Newfoundland and Labrador,2024/5/1,"Business, building and other support services",7.4,5.8,28.63,0.7837837837837838,15.6,1005281,162.7,544318
Newfoundland and Labrador,2024/6/1,"Business, building and other support services",7.1,5.3,25.37,0.7464788732394366,15.6,1017740,162.5,544318
Newfoundland and Labrador,2024/7/1,"Business, building and other support services",5.9,5.5,23.1,0.9322033898305084,15.6,1027694,163.1,546869
Newfoundland and Labrador,2024/8/1,"Business, building and other support services",7,6.1,25.7,0.8714285714285713,15.6,1041471,163.1,546869
Newfoundland and Labrador,2024/9/1,"Business, building and other support services",7,6.4,25.9,0.9142857142857144,15.6,1045214,161.9,546869
Newfoundland and Labrador,2024/10/1,"Business, building and other support services",7.2,6.1,28.34,0.8472222222222221,15.6,1040807,161.9,548402
Newfoundland and Labrador,2024/11/1,"Business, building and other support services",6.3,5.6,27.36,0.8888888888888888,15.6,1048813,162.1,548402
Newfoundland and Labrador,2024/12/1,"Business, building and other support services",7.5,6.1,28,0.8133333333333332,15.6,1046473,160.7,548402
Newfoundland and Labrador,2025/1/1,"Business, building and other support services",7.2,5.7,27.96,0.7916666666666666,15.6,1082740,161,548842
Newfoundland and Labrador,2025/2/1,"Business, building and other support services",7.8,5.9,25.78,0.7564102564102565,15.6,1079248,162.5,548842
Newfoundland and Labrador,2025/3/1,"Business, building and other support services",8,6.2,25.19,0.775,15.6,1082881,163.6,548842
Newfoundland and Labrador,2025/4/1,"Business, building and other support services",7.7,6.5,22.55,0.8441558441558441,16,1070414,163,549456
Newfoundland and Labrador,2025/5/1,"Business, building and other support services",8.2,7,24.25,0.853658536585366,16,1054491,163.5,549456
Newfoundland and Labrador,2025/6/1,"Business, building and other support services",7.3,6.6,25.22,0.9041095890410958,16,1067214,164.4,549456
Newfoundland and Labrador,2025/7/1,"Business, building and other support services",7.1,6,25.09,0.8450704225352114,16,1005627,165.7,549911
Newfoundland and Labrador,2025/8/1,"Business, building and other support services",9.5,7.6,24.08,0.7999999999999999,16,1057325,165.3,549911
Newfoundland and Labrador,2025/9/1,"Business, building and other support services",8.8,7.3,25.25,0.8295454545454545,16,,165.2,549911
Newfoundland and Labrador,2022/1/1,Construction,,,,,12.75,,,
Newfoundland and Labrador,2022/2/1,Construction,,,,,12.75,,,
Newfoundland and Labrador,2022/3/1,Construction,,,,,12.75,,,
Newfoundland and Labrador,2022/4/1,Construction,,,,,13.2,,,
Newfoundland and Labrador,2022/5/1,Construction,,,,,13.2,,,
Newfoundland and Labrador,2022/6/1,Construction,,,,,13.2,,,
Newfoundland and Labrador,2022/7/1,Construction,,,,,13.2,,,
Newfoundland and Labrador,2022/8/1,Construction,,,,,13.2,,,
Newfoundland and Labrador,2022/9/1,Construction,,,,,13.2,,,
Newfoundland and Labrador,2022/10/1,Construction,,,,,13.7,,,
Newfoundland and Labrador,2022/11/1,Construction,,,,,13.7,,,
Newfoundland and Labrador,2022/12/1,Construction,,,,,13.7,,,
Newfoundland and Labrador,2023/1/1,Construction,23.6,14,32.63,0.5932203389830508,13.7,987535,155.9,535147
Newfoundland and Labrador,2023/2/1,Construction,22.4,13.7,33.15,0.6116071428571429,13.7,951633,157.4,535147
Newfoundland and Labrador,2023/3/1,Construction,23.8,15,33.04,0.6302521008403361,13.7,934802,157,535147
Newfoundland and Labrador,2023/4/1,Construction,24,14.6,32.69,0.6083333333333333,14.5,917145,158.3,536635
Newfoundland and Labrador,2023/5/1,Construction,23.5,18.1,32.79,0.7702127659574469,14.5,968183,158.5,536635
Newfoundland and Labrador,2023/6/1,Construction,24.9,17.7,31.78,0.7108433734939759,14.5,935680,158.9,536635
Newfoundland and Labrador,2023/7/1,Construction,23.5,17.8,31.58,0.7574468085106383,14.5,970564,159.8,538789
Newfoundland and Labrador,2023/8/1,Construction,24,18.4,31.77,0.7666666666666666,14.5,935822,161,538789
Newfoundland and Labrador,2023/9/1,Construction,23.4,17.9,32.64,0.7649572649572649,14.5,944788,160.8,538789
Newfoundland and Labrador,2023/10/1,Construction,25.1,19,33.16,0.7569721115537849,15,955669,160.2,541126
Newfoundland and Labrador,2023/11/1,Construction,25.8,17.9,34.19,0.693798449612403,15,960274,160.1,541126
Newfoundland and Labrador,2023/12/1,Construction,25.5,16.8,34.84,0.6588235294117647,15,971117,159.8,541126
Newfoundland and Labrador,2024/1/1,Construction,23.9,16.1,33.62,0.6736401673640169,15,959888,159.8,542449
Newfoundland and Labrador,2024/2/1,Construction,24.6,15.5,33.68,0.6300813008130081,15,996363,160.6,542449
Newfoundland and Labrador,2024/3/1,Construction,24.4,15.7,33.67,0.6434426229508197,15,981959,161.9,542449
Newfoundland and Labrador,2024/4/1,Construction,23.5,16.2,33.07,0.6893617021276596,15.6,1002482,162.4,544318
Newfoundland and Labrador,2024/5/1,Construction,23.8,17.8,34.09,0.7478991596638656,15.6,1005281,162.7,544318
Newfoundland and Labrador,2024/6/1,Construction,24.7,19.7,32.73,0.7975708502024291,15.6,1017740,162.5,544318
Newfoundland and Labrador,2024/7/1,Construction,26.6,20.6,31.77,0.7744360902255639,15.6,1027694,163.1,546869
Newfoundland and Labrador,2024/8/1,Construction,24.6,19.6,31.51,0.7967479674796748,15.6,1041471,163.1,546869
Newfoundland and Labrador,2024/9/1,Construction,23.6,17.8,33.02,0.7542372881355932,15.6,1045214,161.9,546869
Newfoundland and Labrador,2024/10/1,Construction,23.7,16.6,33.2,0.7004219409282701,15.6,1040807,161.9,548402
Newfoundland and Labrador,2024/11/1,Construction,23.5,17,33.92,0.723404255319149,15.6,1048813,162.1,548402
Newfoundland and Labrador,2024/12/1,Construction,22.5,15.6,33.74,0.6933333333333334,15.6,1046473,160.7,548402
Newfoundland and Labrador,2025/1/1,Construction,22.3,13.2,35.17,0.5919282511210762,15.6,1082740,161,548842
Newfoundland and Labrador,2025/2/1,Construction,21.5,14.2,35.8,0.6604651162790698,15.6,1079248,162.5,548842
Newfoundland and Labrador,2025/3/1,Construction,20.2,12.9,33.54,0.6386138613861386,15.6,1082881,163.6,548842
Newfoundland and Labrador,2025/4/1,Construction,21.2,14.1,33.59,0.6650943396226415,16,1070414,163,549456
Newfoundland and Labrador,2025/5/1,Construction,21.6,15.6,31.57,0.7222222222222222,16,1054491,163.5,549456
Newfoundland and Labrador,2025/6/1,Construction,22.6,18.6,33.02,0.8230088495575222,16,1067214,164.4,549456
Newfoundland and Labrador,2025/7/1,Construction,22.8,19.4,33.15,0.850877192982456,16,1005627,165.7,549911
Newfoundland and Labrador,2025/8/1,Construction,22.8,18.8,32.13,0.8245614035087719,16,1057325,165.3,549911
Newfoundland and Labrador,2025/9/1,Construction,22.5,18.2,33.64,0.8088888888888889,16,,165.2,549911
Newfoundland and Labrador,2022/1/1,Educational services,,,,,12.75,,,
Newfoundland and Labrador,2022/2/1,Educational services,,,,,12.75,,,
Newfoundland and Labrador,2022/3/1,Educational services,,,,,12.75,,,
Newfoundland and Labrador,2022/4/1,Educational services,,,,,13.2,,,
Newfoundland and Labrador,2022/5/1,Educational services,,,,,13.2,,,
Newfoundland and Labrador,2022/6/1,Educational services,,,,,13.2,,,
Newfoundland and Labrador,2022/7/1,Educational services,,,,,13.2,,,
Newfoundland and Labrador,2022/8/1,Educational services,,,,,13.2,,,
Newfoundland and Labrador,2022/9/1,Educational services,,,,,13.2,,,
Newfoundland and Labrador,2022/10/1,Educational services,,,,,13.7,,,
Newfoundland and Labrador,2022/11/1,Educational services,,,,,13.7,,,
Newfoundland and Labrador,2022/12/1,Educational services,,,,,13.7,,,
Newfoundland and Labrador,2023/1/1,Educational services,18.9,17.5,40.62,0.925925925925926,13.7,987535,155.9,535147
Newfoundland and Labrador,2023/2/1,Educational services,18.7,17.8,39.13,0.9518716577540108,13.7,951633,157.4,535147
Newfoundland and Labrador,2023/3/1,Educational services,18.7,17.3,40.74,0.9251336898395722,13.7,934802,157,535147
Newfoundland and Labrador,2023/4/1,Educational services,18.9,17.2,41.36,0.91005291005291,14.5,917145,158.3,536635
Newfoundland and Labrador,2023/5/1,Educational services,18.5,16.6,39.6,0.8972972972972973,14.5,968183,158.5,536635
Newfoundland and Labrador,2023/6/1,Educational services,17.6,16.3,40.81,0.9261363636363636,14.5,935680,158.9,536635
Newfoundland and Labrador,2023/7/1,Educational services,16.9,13.7,41.98,0.8106508875739645,14.5,970564,159.8,538789
Newfoundland and Labrador,2023/8/1,Educational services,16.9,13.8,43.29,0.8165680473372782,14.5,935822,161,538789
Newfoundland and Labrador,2023/9/1,Educational services,18.4,16.3,41.4,0.8858695652173915,14.5,944788,160.8,538789
Newfoundland and Labrador,2023/10/1,Educational services,19.9,18.7,42.27,0.9396984924623116,15,955669,160.2,541126
Newfoundland and Labrador,2023/11/1,Educational services,20.3,19.4,41.34,0.9556650246305418,15,960274,160.1,541126
Newfoundland and Labrador,2023/12/1,Educational services,20.5,19.4,41.16,0.946341463414634,15,971117,159.8,541126
Newfoundland and Labrador,2024/1/1,Educational services,21.8,20.1,42.24,0.9220183486238532,15,959888,159.8,542449
Newfoundland and Labrador,2024/2/1,Educational services,21.3,20.5,41.76,0.9624413145539906,15,996363,160.6,542449
Newfoundland and Labrador,2024/3/1,Educational services,21.3,20.5,41.19,0.9624413145539906,15,981959,161.9,542449
Newfoundland and Labrador,2024/4/1,Educational services,22.3,20.7,40.88,0.9282511210762332,15.6,1002482,162.4,544318
Newfoundland and Labrador,2024/5/1,Educational services,21.8,20.5,43.85,0.9403669724770642,15.6,1005281,162.7,544318
Newfoundland and Labrador,2024/6/1,Educational services,22.1,20.4,42.4,0.9230769230769228,15.6,1017740,162.5,544318
Newfoundland and Labrador,2024/7/1,Educational services,19.7,16.6,42.54,0.8426395939086295,15.6,1027694,163.1,546869
Newfoundland and Labrador,2024/8/1,Educational services,21.3,16.6,46.57,0.7793427230046949,15.6,1041471,163.1,546869
Newfoundland and Labrador,2024/9/1,Educational services,22.7,22.3,43.77,0.9823788546255507,15.6,1045214,161.9,546869
Newfoundland and Labrador,2024/10/1,Educational services,22.2,21,43.47,0.945945945945946,15.6,1040807,161.9,548402
Newfoundland and Labrador,2024/11/1,Educational services,22.8,22,42.85,0.9649122807017544,15.6,1048813,162.1,548402
Newfoundland and Labrador,2024/12/1,Educational services,23.6,22.4,43.09,0.9491525423728812,15.6,1046473,160.7,548402
Newfoundland and Labrador,2025/1/1,Educational services,21.3,20.5,42.11,0.9624413145539906,15.6,1082740,161,548842
Newfoundland and Labrador,2025/2/1,Educational services,21.3,20.8,40.78,0.976525821596244,15.6,1079248,162.5,548842
Newfoundland and Labrador,2025/3/1,Educational services,22,21.5,39.65,0.9772727272727272,15.6,1082881,163.6,548842
Newfoundland and Labrador,2025/4/1,Educational services,23.5,22.8,41.57,0.9702127659574468,16,1070414,163,549456
Newfoundland and Labrador,2025/5/1,Educational services,22.6,21.9,40.71,0.9690265486725662,16,1054491,163.5,549456
Newfoundland and Labrador,2025/6/1,Educational services,21.9,21.1,40.98,0.9634703196347032,16,1067214,164.4,549456
Newfoundland and Labrador,2025/7/1,Educational services,19.1,16.8,40.34,0.8795811518324607,16,1005627,165.7,549911
Newfoundland and Labrador,2025/8/1,Educational services,19.6,15.2,41.72,0.7755102040816325,16,1057325,165.3,549911
Newfoundland and Labrador,2025/9/1,Educational services,20.1,19.1,41.62,0.9502487562189056,16,,165.2,549911
Newfoundland and Labrador,2022/1/1,"Finance, insurance, real estate, rental and leasing",,,,,12.75,,,
Newfoundland and Labrador,2022/2/1,"Finance, insurance, real estate, rental and leasing",,,,,12.75,,,
Newfoundland and Labrador,2022/3/1,"Finance, insurance, real estate, rental and leasing",,,,,12.75,,,
Newfoundland and Labrador,2022/4/1,"Finance, insurance, real estate, rental and leasing",,,,,13.2,,,
Newfoundland and Labrador,2022/5/1,"Finance, insurance, real estate, rental and leasing",,,,,13.2,,,
Newfoundland and Labrador,2022/6/1,"Finance, insurance, real estate, rental and leasing",,,,,13.2,,,
Newfoundland and Labrador,2022/7/1,"Finance, insurance, real estate, rental and leasing",,,,,13.2,,,
Newfoundland and Labrador,2022/8/1,"Finance, insurance, real estate, rental and leasing",,,,,13.2,,,
Newfoundland and Labrador,2022/9/1,"Finance, insurance, real estate, rental and leasing",,,,,13.2,,,
Newfoundland and Labrador,2022/10/1,"Finance, insurance, real estate, rental and leasing",,,,,13.7,,,
Newfoundland and Labrador,2022/11/1,"Finance, insurance, real estate, rental and leasing",,,,,13.7,,,
Newfoundland and Labrador,2022/12/1,"Finance, insurance, real estate, rental and leasing",,,,,13.7,,,
Newfoundland and Labrador,2023/1/1,"Finance, insurance, real estate, rental and leasing",7.5,5.7,36.16,0.76,13.7,987535,155.9,535147
Newfoundland and Labrador,2023/2/1,"Finance, insurance, real estate, rental and leasing",7.1,5.4,36.72,0.7605633802816902,13.7,951633,157.4,535147
Newfoundland and Labrador,2023/3/1,"Finance, insurance, real estate, rental and leasing",8,6,36.71,0.75,13.7,934802,157,535147
Newfoundland and Labrador,2023/4/1,"Finance, insurance, real estate, rental and leasing",7.7,5.5,32.88,0.7142857142857143,14.5,917145,158.3,536635
Newfoundland and Labrador,2023/5/1,"Finance, insurance, real estate, rental and leasing",7.8,5.6,31.16,0.717948717948718,14.5,968183,158.5,536635
Newfoundland and Labrador,2023/6/1,"Finance, insurance, real estate, rental and leasing",8.2,6.1,27.96,0.7439024390243902,14.5,935680,158.9,536635
Newfoundland and Labrador,2023/7/1,"Finance, insurance, real estate, rental and leasing",7.6,6.1,31.53,0.8026315789473684,14.5,970564,159.8,538789
Newfoundland and Labrador,2023/8/1,"Finance, insurance, real estate, rental and leasing",7.4,6.1,33.21,0.8243243243243242,14.5,935822,161,538789
Newfoundland and Labrador,2023/9/1,"Finance, insurance, real estate, rental and leasing",7.3,6.2,32.57,0.8493150684931507,14.5,944788,160.8,538789
Newfoundland and Labrador,2023/10/1,"Finance, insurance, real estate, rental and leasing",7,6.2,35.71,0.8857142857142858,15,955669,160.2,541126
Newfoundland and Labrador,2023/11/1,"Finance, insurance, real estate, rental and leasing",6.9,5.7,34.64,0.8260869565217391,15,960274,160.1,541126
Newfoundland and Labrador,2023/12/1,"Finance, insurance, real estate, rental and leasing",7.3,6,37.19,0.8219178082191781,15,971117,159.8,541126
Newfoundland and Labrador,2024/1/1,"Finance, insurance, real estate, rental and leasing",7.9,6,36.72,0.7594936708860759,15,959888,159.8,542449
Newfoundland and Labrador,2024/2/1,"Finance, insurance, real estate, rental and leasing",7.8,6,35.97,0.7692307692307693,15,996363,160.6,542449
Newfoundland and Labrador,2024/3/1,"Finance, insurance, real estate, rental and leasing",8.5,6.8,34.06,0.7999999999999999,15,981959,161.9,542449
Newfoundland and Labrador,2024/4/1,"Finance, insurance, real estate, rental and leasing",8.8,7,34.91,0.7954545454545454,15.6,1002482,162.4,544318
Newfoundland and Labrador,2024/5/1,"Finance, insurance, real estate, rental and leasing",8.6,7.2,34,0.8372093023255814,15.6,1005281,162.7,544318
Newfoundland and Labrador,2024/6/1,"Finance, insurance, real estate, rental and leasing",9.1,7.6,34.57,0.8351648351648352,15.6,1017740,162.5,544318
Newfoundland and Labrador,2024/7/1,"Finance, insurance, real estate, rental and leasing",9.1,7.8,33.88,0.8571428571428572,15.6,1027694,163.1,546869
Newfoundland and Labrador,2024/8/1,"Finance, insurance, real estate, rental and leasing",9.4,7.3,35.27,0.776595744680851,15.6,1041471,163.1,546869
Newfoundland and Labrador,2024/9/1,"Finance, insurance, real estate, rental and leasing",7.9,6.3,36.64,0.7974683544303797,15.6,1045214,161.9,546869
Newfoundland and Labrador,2024/10/1,"Finance, insurance, real estate, rental and leasing",8,6.1,34.58,0.7625,15.6,1040807,161.9,548402
Newfoundland and Labrador,2024/11/1,"Finance, insurance, real estate, rental and leasing",8,6.1,32.06,0.7625,15.6,1048813,162.1,548402
Newfoundland and Labrador,2024/12/1,"Finance, insurance, real estate, rental and leasing",8.2,6.3,35.09,0.7682926829268293,15.6,1046473,160.7,548402
Newfoundland and Labrador,2025/1/1,"Finance, insurance, real estate, rental and leasing",8.6,6,32.7,0.6976744186046512,15.6,1082740,161,548842
Newfoundland and Labrador,2025/2/1,"Finance, insurance, real estate, rental and leasing",8.7,7,32.69,0.8045977011494253,15.6,1079248,162.5,548842
Newfoundland and Labrador,2025/3/1,"Finance, insurance, real estate, rental and leasing",8.4,7.1,34,0.8452380952380951,15.6,1082881,163.6,548842
Newfoundland and Labrador,2025/4/1,"Finance, insurance, real estate, rental and leasing",8.6,7.6,34.77,0.8837209302325582,16,1070414,163,549456
Newfoundland and Labrador,2025/5/1,"Finance, insurance, real estate, rental and leasing",8.8,7.6,37.43,0.8636363636363635,16,1054491,163.5,549456
Newfoundland and Labrador,2025/6/1,"Finance, insurance, real estate, rental and leasing",8.9,7.2,37.8,0.8089887640449438,16,1067214,164.4,549456
Newfoundland and Labrador,2025/7/1,"Finance, insurance, real estate, rental and leasing",9.1,6.8,36.9,0.7472527472527473,16,1005627,165.7,549911
Newfoundland and Labrador,2025/8/1,"Finance, insurance, real estate, rental and leasing",8.7,6,35.16,0.6896551724137931,16,1057325,165.3,549911
Newfoundland and Labrador,2025/9/1,"Finance, insurance, real estate, rental and leasing",8.7,6.5,36.35,0.7471264367816093,16,,165.2,549911
Newfoundland and Labrador,2022/1/1,"Forestry, fishing, mining, quarrying, oil and gas",,,,,12.75,,,
Newfoundland and Labrador,2022/2/1,"Forestry, fishing, mining, quarrying, oil and gas",,,,,12.75,,,
Newfoundland and Labrador,2022/3/1,"Forestry, fishing, mining, quarrying, oil and gas",,,,,12.75,,,
Newfoundland and Labrador,2022/4/1,"Forestry, fishing, mining, quarrying, oil and gas",,,,,13.2,,,
Newfoundland and Labrador,2022/5/1,"Forestry, fishing, mining, quarrying, oil and gas",,,,,13.2,,,
Newfoundland and Labrador,2022/6/1,"Forestry, fishing, mining, quarrying, oil and gas",,,,,13.2,,,
Newfoundland and Labrador,2022/7/1,"Forestry, fishing, mining, quarrying, oil and gas",,,,,13.2,,,
Newfoundland and Labrador,2022/8/1,"Forestry, fishing, mining, quarrying, oil and gas",,,,,13.2,,,
Newfoundland and Labrador,2022/9/1,"Forestry, fishing, mining, quarrying, oil and gas",,,,,13.2,,,
Newfoundland and Labrador,2022/10/1,"Forestry, fishing, mining, quarrying, oil and gas",,,,,13.7,,,
Newfoundland and Labrador,2022/11/1,"Forestry, fishing, mining, quarrying, oil and gas",,,,,13.7,,,
Newfoundland and Labrador,2022/12/1,"Forestry, fishing, mining, quarrying, oil and gas",,,,,13.7,,,
Newfoundland and Labrador,2023/1/1,"Forestry, fishing, mining, quarrying, oil and gas",19,13.8,41.94,0.7263157894736842,13.7,987535,155.9,535147
Newfoundland and Labrador,2023/2/1,"Forestry, fishing, mining, quarrying, oil and gas",18.2,13.4,44.16,0.7362637362637363,13.7,951633,157.4,535147
Newfoundland and Labrador,2023/3/1,"Forestry, fishing, mining, quarrying, oil and gas",18.5,13.8,43.41,0.745945945945946,13.7,934802,157,535147
Newfoundland and Labrador,2023/4/1,"Forestry, fishing, mining, quarrying, oil and gas",18.9,14.1,42.34,0.746031746031746,14.5,917145,158.3,536635
Newfoundland and Labrador,2023/5/1,"Forestry, fishing, mining, quarrying, oil and gas",19.7,16.5,45.19,0.8375634517766498,14.5,968183,158.5,536635
Newfoundland and Labrador,2023/6/1,"Forestry, fishing, mining, quarrying, oil and gas",19.2,17.3,46.32,0.9010416666666669,14.5,935680,158.9,536635
Newfoundland and Labrador,2023/7/1,"Forestry, fishing, mining, quarrying, oil and gas",19.9,17,47.39,0.8542713567839196,14.5,970564,159.8,538789
Newfoundland and Labrador,2023/8/1,"Forestry, fishing, mining, quarrying, oil and gas",19.5,16.5,49.05,0.8461538461538461,14.5,935822,161,538789
Newfoundland and Labrador,2023/9/1,"Forestry, fishing, mining, quarrying, oil and gas",19.8,16.4,49.95,0.8282828282828282,14.5,944788,160.8,538789
Newfoundland and Labrador,2023/10/1,"Forestry, fishing, mining, quarrying, oil and gas",19.5,16.7,50.08,0.8564102564102564,15,955669,160.2,541126
Newfoundland and Labrador,2023/11/1,"Forestry, fishing, mining, quarrying, oil and gas",17.3,14.1,47.09,0.815028901734104,15,960274,160.1,541126
Newfoundland and Labrador,2023/12/1,"Forestry, fishing, mining, quarrying, oil and gas",18.2,13.8,48.15,0.7582417582417583,15,971117,159.8,541126
Newfoundland and Labrador,2024/1/1,"Forestry, fishing, mining, quarrying, oil and gas",19.3,14.4,49.33,0.7461139896373057,15,959888,159.8,542449
Newfoundland and Labrador,2024/2/1,"Forestry, fishing, mining, quarrying, oil and gas",18.9,14.2,48.21,0.7513227513227514,15,996363,160.6,542449
Newfoundland and Labrador,2024/3/1,"Forestry, fishing, mining, quarrying, oil and gas",19.2,15.1,46.76,0.7864583333333334,15,981959,161.9,542449
Newfoundland and Labrador,2024/4/1,"Forestry, fishing, mining, quarrying, oil and gas",19.9,16,47.22,0.8040201005025126,15.6,1002482,162.4,544318
Newfoundland and Labrador,2024/5/1,"Forestry, fishing, mining, quarrying, oil and gas",20.1,17.8,48.93,0.8855721393034826,15.6,1005281,162.7,544318
Newfoundland and Labrador,2024/6/1,"Forestry, fishing, mining, quarrying, oil and gas",19.9,17.7,47.98,0.8894472361809046,15.6,1017740,162.5,544318
Newfoundland and Labrador,2024/7/1,"Forestry, fishing, mining, quarrying, oil and gas",20.5,18,45.73,0.8780487804878049,15.6,1027694,163.1,546869
Newfoundland and Labrador,2024/8/1,"Forestry, fishing, mining, quarrying, oil and gas",20.9,18.1,47.37,0.8660287081339714,15.6,1041471,163.1,546869
Newfoundland and Labrador,2024/9/1,"Forestry, fishing, mining, quarrying, oil and gas",20.2,16,48.84,0.7920792079207921,15.6,1045214,161.9,546869
Newfoundland and Labrador,2024/10/1,"Forestry, fishing, mining, quarrying, oil and gas",18.2,14.5,49.54,0.7967032967032968,15.6,1040807,161.9,548402
Newfoundland and Labrador,2024/11/1,"Forestry, fishing, mining, quarrying, oil and gas",17.8,12.9,51.64,0.7247191011235955,15.6,1048813,162.1,548402
Newfoundland and Labrador,2024/12/1,"Forestry, fishing, mining, quarrying, oil and gas",16.8,12.9,50,0.7678571428571428,15.6,1046473,160.7,548402
Newfoundland and Labrador,2025/1/1,"Forestry, fishing, mining, quarrying, oil and gas",17.8,12.8,50.4,0.7191011235955056,15.6,1082740,161,548842
Newfoundland and Labrador,2025/2/1,"Forestry, fishing, mining, quarrying, oil and gas",18,13,49.99,0.7222222222222222,15.6,1079248,162.5,548842
Newfoundland and Labrador,2025/3/1,"Forestry, fishing, mining, quarrying, oil and gas",16.8,12.4,50.13,0.7380952380952381,15.6,1082881,163.6,548842
Newfoundland and Labrador,2025/4/1,"Forestry, fishing, mining, quarrying, oil and gas",18.5,14.8,46.4,0.8,16,1070414,163,549456
Newfoundland and Labrador,2025/5/1,"Forestry, fishing, mining, quarrying, oil and gas",20.5,15.6,46.29,0.7609756097560976,16,1054491,163.5,549456
Newfoundland and Labrador,2025/6/1,"Forestry, fishing, mining, quarrying, oil and gas",20.5,17.5,45.58,0.8536585365853658,16,1067214,164.4,549456
Newfoundland and Labrador,2025/7/1,"Forestry, fishing, mining, quarrying, oil and gas",20.9,15.4,49.49,0.736842105263158,16,1005627,165.7,549911
Newfoundland and Labrador,2025/8/1,"Forestry, fishing, mining, quarrying, oil and gas",18.6,15.2,53.47,0.8172043010752688,16,1057325,165.3,549911
Newfoundland and Labrador,2025/9/1,"Forestry, fishing, mining, quarrying, oil and gas",17.2,12.9,51.49,0.75,16,,165.2,549911
Newfoundland and Labrador,2022/1/1,Goods-producing sector,,,,,12.75,,,
Newfoundland and Labrador,2022/2/1,Goods-producing sector,,,,,12.75,,,
Newfoundland and Labrador,2022/3/1,Goods-producing sector,,,,,12.75,,,
Newfoundland and Labrador,2022/4/1,Goods-producing sector,,,,,13.2,,,
Newfoundland and Labrador,2022/5/1,Goods-producing sector,,,,,13.2,,,
Newfoundland and Labrador,2022/6/1,Goods-producing sector,,,,,13.2,,,
Newfoundland and Labrador,2022/7/1,Goods-producing sector,,,,,13.2,,,
Newfoundland and Labrador,2022/8/1,Goods-producing sector,,,,,13.2,,,
Newfoundland and Labrador,2022/9/1,Goods-producing sector,,,,,13.2,,,
Newfoundland and Labrador,2022/10/1,Goods-producing sector,,,,,13.7,,,
Newfoundland and Labrador,2022/11/1,Goods-producing sector,,,,,13.7,,,
Newfoundland and Labrador,2022/12/1,Goods-producing sector,,,,,13.7,,,
Newfoundland and Labrador,2023/1/1,Goods-producing sector,59.3,40.5,35.92,0.6829679595278246,13.7,987535,155.9,535147
Newfoundland and Labrador,2023/2/1,Goods-producing sector,55.2,38.7,37.34,0.7010869565217391,13.7,951633,157.4,535147
Newfoundland and Labrador,2023/3/1,Goods-producing sector,57.1,40.1,37.61,0.702276707530648,13.7,934802,157,535147
Newfoundland and Labrador,2023/4/1,Goods-producing sector,59.4,43,36.28,0.7239057239057239,14.5,917145,158.3,536635
Newfoundland and Labrador,2023/5/1,Goods-producing sector,61.2,49.2,38.02,0.803921568627451,14.5,968183,158.5,536635
Newfoundland and Labrador,2023/6/1,Goods-producing sector,62.1,50.3,38,0.8099838969404186,14.5,935680,158.9,536635
Newfoundland and Labrador,2023/7/1,Goods-producing sector,61.8,51.3,36.68,0.8300970873786407,14.5,970564,159.8,538789
Newfoundland and Labrador,2023/8/1,Goods-producing sector,60.1,49.5,37.59,0.8236272878535773,14.5,935822,161,538789
Newfoundland and Labrador,2023/9/1,Goods-producing sector,58.9,47.3,38.56,0.8030560271646858,14.5,944788,160.8,538789
Newfoundland and Labrador,2023/10/1,Goods-producing sector,60.1,46.6,39.39,0.7753743760399334,15,955669,160.2,541126
Newfoundland and Labrador,2023/11/1,Goods-producing sector,57.1,43.6,37.96,0.7635726795096323,15,960274,160.1,541126
Newfoundland and Labrador,2023/12/1,Goods-producing sector,57.7,41.5,38.96,0.7192374350086654,15,971117,159.8,541126
Newfoundland and Labrador,2024/1/1,Goods-producing sector,57.3,40.2,39.52,0.7015706806282723,15,959888,159.8,542449
Newfoundland and Labrador,2024/2/1,Goods-producing sector,55.2,39,39.02,0.7065217391304347,15,996363,160.6,542449
Newfoundland and Labrador,2024/3/1,Goods-producing sector,56.5,40,38.16,0.7079646017699115,15,981959,161.9,542449
Newfoundland and Labrador,2024/4/1,Goods-producing sector,57.9,44,37.15,0.75993091537133,15.6,1002482,162.4,544318
Newfoundland and Labrador,2024/5/1,Goods-producing sector,61.3,51,37.74,0.831973898858075,15.6,1005281,162.7,544318
Newfoundland and Labrador,2024/6/1,Goods-producing sector,63.9,54.1,36.41,0.8466353677621283,15.6,1017740,162.5,544318
Newfoundland and Labrador,2024/7/1,Goods-producing sector,64.3,54.4,36.18,0.8460342146189735,15.6,1027694,163.1,546869
Newfoundland and Labrador,2024/8/1,Goods-producing sector,63,52.2,37.38,0.8285714285714286,15.6,1041471,163.1,546869
Newfoundland and Labrador,2024/9/1,Goods-producing sector,60.8,48,38.54,0.7894736842105263,15.6,1045214,161.9,546869
Newfoundland and Labrador,2024/10/1,Goods-producing sector,58,44.9,38.97,0.7741379310344827,15.6,1040807,161.9,548402
Newfoundland and Labrador,2024/11/1,Goods-producing sector,56.2,41.8,39.72,0.7437722419928825,15.6,1048813,162.1,548402
Newfoundland and Labrador,2024/12/1,Goods-producing sector,52.9,39,39.62,0.7372400756143668,15.6,1046473,160.7,548402
Newfoundland and Labrador,2025/1/1,Goods-producing sector,54.3,36.7,40.41,0.6758747697974218,15.6,1082740,161,548842
Newfoundland and Labrador,2025/2/1,Goods-producing sector,52.6,37.4,40.79,0.7110266159695817,15.6,1079248,162.5,548842
Newfoundland and Labrador,2025/3/1,Goods-producing sector,50.3,36.3,39.54,0.7216699801192843,15.6,1082881,163.6,548842
Newfoundland and Labrador,2025/4/1,Goods-producing sector,55.4,42.9,37.45,0.7743682310469314,16,1070414,163,549456
Newfoundland and Labrador,2025/5/1,Goods-producing sector,57.5,44.7,36.86,0.7773913043478261,16,1054491,163.5,549456
Newfoundland and Labrador,2025/6/1,Goods-producing sector,59.5,51.3,36.9,0.8621848739495798,16,1067214,164.4,549456
Newfoundland and Labrador,2025/7/1,Goods-producing sector,59.6,49.2,37.92,0.825503355704698,16,1005627,165.7,549911
Newfoundland and Labrador,2025/8/1,Goods-producing sector,55.6,46.9,39.79,0.8435251798561151,16,1057325,165.3,549911
Newfoundland and Labrador,2025/9/1,Goods-producing sector,54.1,42.2,39.78,0.7800369685767098,16,,165.2,549911
Newfoundland and Labrador,2022/1/1,Health care and social assistance,,,,,12.75,,,
Newfoundland and Labrador,2022/2/1,Health care and social assistance,,,,,12.75,,,
Newfoundland and Labrador,2022/3/1,Health care and social assistance,,,,,12.75,,,
Newfoundland and Labrador,2022/4/1,Health care and social assistance,,,,,13.2,,,
Newfoundland and Labrador,2022/5/1,Health care and social assistance,,,,,13.2,,,
Newfoundland and Labrador,2022/6/1,Health care and social assistance,,,,,13.2,,,
Newfoundland and Labrador,2022/7/1,Health care and social assistance,,,,,13.2,,,
Newfoundland and Labrador,2022/8/1,Health care and social assistance,,,,,13.2,,,
Newfoundland and Labrador,2022/9/1,Health care and social assistance,,,,,13.2,,,
Newfoundland and Labrador,2022/10/1,Health care and social assistance,,,,,13.7,,,
Newfoundland and Labrador,2022/11/1,Health care and social assistance,,,,,13.7,,,
Newfoundland and Labrador,2022/12/1,Health care and social assistance,,,,,13.7,,,
Newfoundland and Labrador,2023/1/1,Health care and social assistance,45.2,41.1,28.73,0.90929203539823,13.7,987535,155.9,535147
Newfoundland and Labrador,2023/2/1,Health care and social assistance,47.6,43.6,28.98,0.9159663865546218,13.7,951633,157.4,535147
Newfoundland and Labrador,2023/3/1,Health care and social assistance,46.5,42.4,29.03,0.9118279569892472,13.7,934802,157,535147
Newfoundland and Labrador,2023/4/1,Health care and social assistance,46.4,42.7,28.3,0.9202586206896552,14.5,917145,158.3,536635
Newfoundland and Labrador,2023/5/1,Health care and social assistance,47.6,42.5,29.6,0.8928571428571428,14.5,968183,158.5,536635
Newfoundland and Labrador,2023/6/1,Health care and social assistance,48.5,45,29.95,0.9278350515463918,14.5,935680,158.9,536635
Newfoundland and Labrador,2023/7/1,Health care and social assistance,47.8,43.2,29.18,0.9037656903765692,14.5,970564,159.8,538789
Newfoundland and Labrador,2023/8/1,Health care and social assistance,47.3,42,30.18,0.8879492600422834,14.5,935822,161,538789
Newfoundland and Labrador,2023/9/1,Health care and social assistance,48.5,43.3,29.36,0.8927835051546391,14.5,944788,160.8,538789
Newfoundland and Labrador,2023/10/1,Health care and social assistance,46.7,41.7,29.73,0.892933618843683,15,955669,160.2,541126
Newfoundland and Labrador,2023/11/1,Health care and social assistance,47.7,42.3,29.2,0.8867924528301886,15,960274,160.1,541126
Newfoundland and Labrador,2023/12/1,Health care and social assistance,47.8,43.8,29.31,0.9163179916317992,15,971117,159.8,541126
Newfoundland and Labrador,2024/1/1,Health care and social assistance,47.7,44.2,29.06,0.9266247379454928,15,959888,159.8,542449
Newfoundland and Labrador,2024/2/1,Health care and social assistance,49.4,44.9,28.58,0.9089068825910932,15,996363,160.6,542449
Newfoundland and Labrador,2024/3/1,Health care and social assistance,47.3,42.7,29.07,0.9027484143763216,15,981959,161.9,542449
Newfoundland and Labrador,2024/4/1,Health care and social assistance,49.1,44.5,29.36,0.9063136456211812,15.6,1002482,162.4,544318
Newfoundland and Labrador,2024/5/1,Health care and social assistance,49.6,44.8,29.9,0.9032258064516128,15.6,1005281,162.7,544318
Newfoundland and Labrador,2024/6/1,Health care and social assistance,49,44.4,30.38,0.9061224489795918,15.6,1017740,162.5,544318
Newfoundland and Labrador,2024/7/1,Health care and social assistance,49.6,45.3,30.39,0.9133064516129032,15.6,1027694,163.1,546869
Newfoundland and Labrador,2024/8/1,Health care and social assistance,51,46.6,30.3,0.9137254901960784,15.6,1041471,163.1,546869
Newfoundland and Labrador,2024/9/1,Health care and social assistance,49.8,44.9,30.16,0.9016064257028112,15.6,1045214,161.9,546869
Newfoundland and Labrador,2024/10/1,Health care and social assistance,49.1,44.5,30.37,0.9063136456211812,15.6,1040807,161.9,548402
Newfoundland and Labrador,2024/11/1,Health care and social assistance,47.6,43.3,30.4,0.9096638655462184,15.6,1048813,162.1,548402
Newfoundland and Labrador,2024/12/1,Health care and social assistance,47.6,43.8,29.98,0.9201680672268908,15.6,1046473,160.7,548402
Newfoundland and Labrador,2025/1/1,Health care and social assistance,48.1,44.2,30.56,0.918918918918919,15.6,1082740,161,548842
Newfoundland and Labrador,2025/2/1,Health care and social assistance,48.4,42.8,31.48,0.884297520661157,15.6,1079248,162.5,548842
Newfoundland and Labrador,2025/3/1,Health care and social assistance,48.9,43.5,32.34,0.8895705521472392,15.6,1082881,163.6,548842
Newfoundland and Labrador,2025/4/1,Health care and social assistance,47.3,42.2,32.05,0.8921775898520086,16,1070414,163,549456
Newfoundland and Labrador,2025/5/1,Health care and social assistance,46.9,42.1,33.1,0.8976545842217485,16,1054491,163.5,549456
Newfoundland and Labrador,2025/6/1,Health care and social assistance,47.6,42.9,33.2,0.9012605042016806,16,1067214,164.4,549456
Newfoundland and Labrador,2025/7/1,Health care and social assistance,49.8,44.8,33.15,0.8995983935742972,16,1005627,165.7,549911
Newfoundland and Labrador,2025/8/1,Health care and social assistance,48.7,44.8,32.4,0.919917864476386,16,1057325,165.3,549911
Newfoundland and Labrador,2025/9/1,Health care and social assistance,48.2,43.9,32.94,0.9107883817427384,16,,165.2,549911
Newfoundland and Labrador,2022/1/1,"Information, culture and recreation",,,,,12.75,,,
Newfoundland and Labrador,2022/2/1,"Information, culture and recreation",,,,,12.75,,,
Newfoundland and Labrador,2022/3/1,"Information, culture and recreation",,,,,12.75,,,
Newfoundland and Labrador,2022/4/1,"Information, culture and recreation",,,,,13.2,,,
Newfoundland and Labrador,2022/5/1,"Information, culture and recreation",,,,,13.2,,,
Newfoundland and Labrador,2022/6/1,"Information, culture and recreation",,,,,13.2,,,
Newfoundland and Labrador,2022/7/1,"Information, culture and recreation",,,,,13.2,,,
Newfoundland and Labrador,2022/8/1,"Information, culture and recreation",,,,,13.2,,,
Newfoundland and Labrador,2022/9/1,"Information, culture and recreation",,,,,13.2,,,
Newfoundland and Labrador,2022/10/1,"Information, culture and recreation",,,,,13.7,,,
Newfoundland and Labrador,2022/11/1,"Information, culture and recreation",,,,,13.7,,,
Newfoundland and Labrador,2022/12/1,"Information, culture and recreation",,,,,13.7,,,
Newfoundland and Labrador,2023/1/1,"Information, culture and recreation",7,5.9,29.51,0.8428571428571429,13.7,987535,155.9,535147
Newfoundland and Labrador,2023/2/1,"Information, culture and recreation",7.1,5.8,30.58,0.8169014084507042,13.7,951633,157.4,535147
Newfoundland and Labrador,2023/3/1,"Information, culture and recreation",7.3,5.9,30.65,0.8082191780821919,13.7,934802,157,535147
Newfoundland and Labrador,2023/4/1,"Information, culture and recreation",8.5,6,27.36,0.7058823529411765,14.5,917145,158.3,536635
Newfoundland and Labrador,2023/5/1,"Information, culture and recreation",7.9,7.3,28.55,0.9240506329113924,14.5,968183,158.5,536635
Newfoundland and Labrador,2023/6/1,"Information, culture and recreation",8.4,7.4,24.19,0.8809523809523809,14.5,935680,158.9,536635
Newfoundland and Labrador,2023/7/1,"Information, culture and recreation",11,10.3,22,0.9363636363636364,14.5,970564,159.8,538789
Newfoundland and Labrador,2023/8/1,"Information, culture and recreation",11.6,10.5,23.11,0.9051724137931034,14.5,935822,161,538789
Newfoundland and Labrador,2023/9/1,"Information, culture and recreation",8.4,6.4,27.31,0.7619047619047619,14.5,944788,160.8,538789
Newfoundland and Labrador,2023/10/1,"Information, culture and recreation",8.4,6.8,26.98,0.8095238095238094,15,955669,160.2,541126
Newfoundland and Labrador,2023/11/1,"Information, culture and recreation",8.4,6.6,28.24,0.7857142857142856,15,960274,160.1,541126
Newfoundland and Labrador,2023/12/1,"Information, culture and recreation",8.7,7.2,28.15,0.8275862068965518,15,971117,159.8,541126
Newfoundland and Labrador,2024/1/1,"Information, culture and recreation",8.3,6.4,31.18,0.7710843373493975,15,959888,159.8,542449
Newfoundland and Labrador,2024/2/1,"Information, culture and recreation",7.9,5.6,31.48,0.7088607594936708,15,996363,160.6,542449
Newfoundland and Labrador,2024/3/1,"Information, culture and recreation",7.3,5.2,29.09,0.7123287671232877,15,981959,161.9,542449
Newfoundland and Labrador,2024/4/1,"Information, culture and recreation",6.7,5.2,27.14,0.7761194029850746,15.6,1002482,162.4,544318
Newfoundland and Labrador,2024/5/1,"Information, culture and recreation",6.5,4.7,28.28,0.7230769230769231,15.6,1005281,162.7,544318
Newfoundland and Labrador,2024/6/1,"Information, culture and recreation",7.2,6,26.66,0.8333333333333333,15.6,1017740,162.5,544318
Newfoundland and Labrador,2024/7/1,"Information, culture and recreation",7.9,6.4,23.8,0.810126582278481,15.6,1027694,163.1,546869
Newfoundland and Labrador,2024/8/1,"Information, culture and recreation",7.9,6.8,24.26,0.860759493670886,15.6,1041471,163.1,546869
Newfoundland and Labrador,2024/9/1,"Information, culture and recreation",6.1,5,27.11,0.819672131147541,15.6,1045214,161.9,546869
Newfoundland and Labrador,2024/10/1,"Information, culture and recreation",6,5,27.37,0.8333333333333334,15.6,1040807,161.9,548402
Newfoundland and Labrador,2024/11/1,"Information, culture and recreation",6.2,4.5,27.44,0.7258064516129032,15.6,1048813,162.1,548402
Newfoundland and Labrador,2024/12/1,"Information, culture and recreation",7.6,5.3,28.39,0.6973684210526316,15.6,1046473,160.7,548402
Newfoundland and Labrador,2025/1/1,"Information, culture and recreation",6.3,5,30.25,0.7936507936507937,15.6,1082740,161,548842
Newfoundland and Labrador,2025/2/1,"Information, culture and recreation",6.7,5.3,29.45,0.7910447761194029,15.6,1079248,162.5,548842
Newfoundland and Labrador,2025/3/1,"Information, culture and recreation",6.5,5.1,30.86,0.7846153846153846,15.6,1082881,163.6,548842
Newfoundland and Labrador,2025/4/1,"Information, culture and recreation",7.5,5.3,29.5,0.7066666666666667,16,1070414,163,549456
Newfoundland and Labrador,2025/5/1,"Information, culture and recreation",8.5,6.7,29.85,0.788235294117647,16,1054491,163.5,549456
Newfoundland and Labrador,2025/6/1,"Information, culture and recreation",9.6,6.9,28.48,0.7187500000000001,16,1067214,164.4,549456
Newfoundland and Labrador,2025/7/1,"Information, culture and recreation",11.6,9.6,23.65,0.8275862068965517,16,1005627,165.7,549911
Newfoundland and Labrador,2025/8/1,"Information, culture and recreation",10.9,9.5,25.44,0.8715596330275229,16,1057325,165.3,549911
Newfoundland and Labrador,2025/9/1,"Information, culture and recreation",7.9,6,28.81,0.7594936708860759,16,,165.2,549911
Newfoundland and Labrador,2022/1/1,Manufacturing,,,,,12.75,,,
Newfoundland and Labrador,2022/2/1,Manufacturing,,,,,12.75,,,
Newfoundland and Labrador,2022/3/1,Manufacturing,,,,,12.75,,,
Newfoundland and Labrador,2022/4/1,Manufacturing,,,,,13.2,,,
Newfoundland and Labrador,2022/5/1,Manufacturing,,,,,13.2,,,
Newfoundland and Labrador,2022/6/1,Manufacturing,,,,,13.2,,,
Newfoundland and Labrador,2022/7/1,Manufacturing,,,,,13.2,,,
Newfoundland and Labrador,2022/8/1,Manufacturing,,,,,13.2,,,
Newfoundland and Labrador,2022/9/1,Manufacturing,,,,,13.2,,,
Newfoundland and Labrador,2022/10/1,Manufacturing,,,,,13.7,,,
Newfoundland and Labrador,2022/11/1,Manufacturing,,,,,13.7,,,
Newfoundland and Labrador,2022/12/1,Manufacturing,,,,,13.7,,,
Newfoundland and Labrador,2023/1/1,Manufacturing,12.3,9,30.27,0.7317073170731707,13.7,987535,155.9,535147
Newfoundland and Labrador,2023/2/1,Manufacturing,10.4,8.2,30.58,0.7884615384615383,13.7,951633,157.4,535147
Newfoundland and Labrador,2023/3/1,Manufacturing,10.4,7.7,34.55,0.7403846153846154,13.7,934802,157,535147
Newfoundland and Labrador,2023/4/1,Manufacturing,12.2,10.8,31.72,0.8852459016393444,14.5,917145,158.3,536635
Newfoundland and Labrador,2023/5/1,Manufacturing,14,10.8,35.3,0.7714285714285715,14.5,968183,158.5,536635
Newfoundland and Labrador,2023/6/1,Manufacturing,13.7,11.7,35.14,0.8540145985401459,14.5,935680,158.9,536635
Newfoundland and Labrador,2023/7/1,Manufacturing,14,13,29.87,0.9285714285714286,14.5,970564,159.8,538789
Newfoundland and Labrador,2023/8/1,Manufacturing,12.4,11.2,30.48,0.9032258064516128,14.5,935822,161,538789
Newfoundland and Labrador,2023/9/1,Manufacturing,11.6,9.1,28.73,0.7844827586206896,14.5,944788,160.8,538789
Newfoundland and Labrador,2023/10/1,Manufacturing,11.3,7.2,30.2,0.6371681415929203,15,955669,160.2,541126
Newfoundland and Labrador,2023/11/1,Manufacturing,10.2,8.3,28.88,0.8137254901960785,15,960274,160.1,541126
Newfoundland and Labrador,2023/12/1,Manufacturing,10.9,7.9,29.51,0.7247706422018348,15,971117,159.8,541126
Newfoundland and Labrador,2024/1/1,Manufacturing,10.5,6.8,29.41,0.6476190476190476,15,959888,159.8,542449
Newfoundland and Labrador,2024/2/1,Manufacturing,8,6.3,28.53,0.7875,15,996363,160.6,542449
Newfoundland and Labrador,2024/3/1,Manufacturing,9.8,6.5,27.46,0.6632653061224489,15,981959,161.9,542449
Newfoundland and Labrador,2024/4/1,Manufacturing,11.6,9,25.23,0.7758620689655172,15.6,1002482,162.4,544318
Newfoundland and Labrador,2024/5/1,Manufacturing,14,12.4,26.45,0.8857142857142858,15.6,1005281,162.7,544318
Newfoundland and Labrador,2024/6/1,Manufacturing,15.5,13.1,26.72,0.8451612903225806,15.6,1017740,162.5,544318
Newfoundland and Labrador,2024/7/1,Manufacturing,14,12.7,28.27,0.9071428571428573,15.6,1027694,163.1,546869
Newfoundland and Labrador,2024/8/1,Manufacturing,14,11.2,30.67,0.7999999999999999,15.6,1041471,163.1,546869
Newfoundland and Labrador,2024/9/1,Manufacturing,13,10.4,32.01,0.8,15.6,1045214,161.9,546869
Newfoundland and Labrador,2024/10/1,Manufacturing,12.5,10.1,33.32,0.8079999999999999,15.6,1040807,161.9,548402
Newfoundland and Labrador,2024/11/1,Manufacturing,11.2,8.7,32.37,0.7767857142857143,15.6,1048813,162.1,548402
Newfoundland and Labrador,2024/12/1,Manufacturing,9.9,7.6,32.24,0.7676767676767676,15.6,1046473,160.7,548402
Newfoundland and Labrador,2025/1/1,Manufacturing,10,7.5,29.97,0.75,15.6,1082740,161,548842
Newfoundland and Labrador,2025/2/1,Manufacturing,9.8,7.3,31.09,0.7448979591836734,15.6,1079248,162.5,548842
Newfoundland and Labrador,2025/3/1,Manufacturing,9.9,7.8,29.9,0.7878787878787878,15.6,1082881,163.6,548842
Newfoundland and Labrador,2025/4/1,Manufacturing,11.7,10.9,28.07,0.9316239316239318,16,1070414,163,549456
Newfoundland and Labrador,2025/5/1,Manufacturing,11.8,10.1,28.57,0.8559322033898304,16,1054491,163.5,549456
Newfoundland and Labrador,2025/6/1,Manufacturing,13.2,12,28.2,0.9090909090909092,16,1067214,164.4,549456
Newfoundland and Labrador,2025/7/1,Manufacturing,12.4,11.2,28.07,0.9032258064516128,16,1005627,165.7,549911
Newfoundland and Labrador,2025/8/1,Manufacturing,11.1,10,32.18,0.9009009009009008,16,1057325,165.3,549911
Newfoundland and Labrador,2025/9/1,Manufacturing,11.2,8.3,33.69,0.7410714285714287,16,,165.2,549911
Newfoundland and Labrador,2022/1/1,Other services (except public administration),,,,,12.75,,,
Newfoundland and Labrador,2022/2/1,Other services (except public administration),,,,,12.75,,,
Newfoundland and Labrador,2022/3/1,Other services (except public administration),,,,,12.75,,,
Newfoundland and Labrador,2022/4/1,Other services (except public administration),,,,,13.2,,,
Newfoundland and Labrador,2022/5/1,Other services (except public administration),,,,,13.2,,,
Newfoundland and Labrador,2022/6/1,Other services (except public administration),,,,,13.2,,,
Newfoundland and Labrador,2022/7/1,Other services (except public administration),,,,,13.2,,,
Newfoundland and Labrador,2022/8/1,Other services (except public administration),,,,,13.2,,,
Newfoundland and Labrador,2022/9/1,Other services (except public administration),,,,,13.2,,,
Newfoundland and Labrador,2022/10/1,Other services (except public administration),,,,,13.7,,,
Newfoundland and Labrador,2022/11/1,Other services (except public administration),,,,,13.7,,,
Newfoundland and Labrador,2022/12/1,Other services (except public administration),,,,,13.7,,,
Newfoundland and Labrador,2023/1/1,Other services (except public administration),10,7,26.18,0.7,13.7,987535,155.9,535147
Newfoundland and Labrador,2023/2/1,Other services (except public administration),9.4,6.7,26.28,0.7127659574468085,13.7,951633,157.4,535147
Newfoundland and Labrador,2023/3/1,Other services (except public administration),8.4,6.2,25.2,0.7380952380952381,13.7,934802,157,535147
Newfoundland and Labrador,2023/4/1,Other services (except public administration),8.8,6.2,26.27,0.7045454545454545,14.5,917145,158.3,536635
Newfoundland and Labrador,2023/5/1,Other services (except public administration),9.3,7,25.18,0.7526881720430108,14.5,968183,158.5,536635
Newfoundland and Labrador,2023/6/1,Other services (except public administration),9,6.8,24.87,0.7555555555555555,14.5,935680,158.9,536635
Newfoundland and Labrador,2023/7/1,Other services (except public administration),9.2,7,23.99,0.7608695652173914,14.5,970564,159.8,538789
Newfoundland and Labrador,2023/8/1,Other services (except public administration),8.8,7.2,24.49,0.8181818181818181,14.5,935822,161,538789
Newfoundland and Labrador,2023/9/1,Other services (except public administration),9.6,7.1,24.88,0.7395833333333334,14.5,944788,160.8,538789
Newfoundland and Labrador,2023/10/1,Other services (except public administration),9.2,6.7,27.48,0.7282608695652175,15,955669,160.2,541126
Newfoundland and Labrador,2023/11/1,Other services (except public administration),9.6,6.8,28.96,0.7083333333333334,15,960274,160.1,541126
Newfoundland and Labrador,2023/12/1,Other services (except public administration),9.2,6.8,27.42,0.7391304347826088,15,971117,159.8,541126
Newfoundland and Labrador,2024/1/1,Other services (except public administration),9.4,7,29.15,0.7446808510638298,15,959888,159.8,542449
Newfoundland and Labrador,2024/2/1,Other services (except public administration),9.5,7.1,29.16,0.7473684210526316,15,996363,160.6,542449
Newfoundland and Labrador,2024/3/1,Other services (except public administration),8.9,6.6,26.76,0.7415730337078651,15,981959,161.9,542449
Newfoundland and Labrador,2024/4/1,Other services (except public administration),8.7,6.6,27.71,0.7586206896551725,15.6,1002482,162.4,544318
Newfoundland and Labrador,2024/5/1,Other services (except public administration),8.4,6.6,26.03,0.7857142857142856,15.6,1005281,162.7,544318
Newfoundland and Labrador,2024/6/1,Other services (except public administration),8.2,6,28.68,0.7317073170731708,15.6,1017740,162.5,544318
Newfoundland and Labrador,2024/7/1,Other services (except public administration),8.5,6.3,25.95,0.7411764705882353,15.6,1027694,163.1,546869
Newfoundland and Labrador,2024/8/1,Other services (except public administration),8.4,6.4,25.75,0.7619047619047619,15.6,1041471,163.1,546869
Newfoundland and Labrador,2024/9/1,Other services (except public administration),8.7,6.6,26.03,0.7586206896551725,15.6,1045214,161.9,546869
Newfoundland and Labrador,2024/10/1,Other services (except public administration),9,7.1,26.39,0.7888888888888889,15.6,1040807,161.9,548402
Newfoundland and Labrador,2024/11/1,Other services (except public administration),9.5,7.1,26.32,0.7473684210526316,15.6,1048813,162.1,548402
Newfoundland and Labrador,2024/12/1,Other services (except public administration),9.7,7,27.57,0.7216494845360826,15.6,1046473,160.7,548402
Newfoundland and Labrador,2025/1/1,Other services (except public administration),9.8,6.9,28.41,0.7040816326530612,15.6,1082740,161,548842
Newfoundland and Labrador,2025/2/1,Other services (except public administration),9.3,6.8,28.79,0.7311827956989246,15.6,1079248,162.5,548842
Newfoundland and Labrador,2025/3/1,Other services (except public administration),9.5,6.8,29.3,0.7157894736842105,15.6,1082881,163.6,548842
Newfoundland and Labrador,2025/4/1,Other services (except public administration),12,8.6,27.82,0.7166666666666667,16,1070414,163,549456
Newfoundland and Labrador,2025/5/1,Other services (except public administration),11.1,8,28.36,0.7207207207207208,16,1054491,163.5,549456
Newfoundland and Labrador,2025/6/1,Other services (except public administration),10.3,7.1,29.16,0.6893203883495145,16,1067214,164.4,549456
Newfoundland and Labrador,2025/7/1,Other services (except public administration),10.5,7.6,27.88,0.7238095238095238,16,1005627,165.7,549911
Newfoundland and Labrador,2025/8/1,Other services (except public administration),10.8,8.1,29.97,0.7499999999999999,16,1057325,165.3,549911
Newfoundland and Labrador,2025/9/1,Other services (except public administration),10.1,7.4,27.68,0.7326732673267328,16,,165.2,549911
Newfoundland and Labrador,2022/1/1,"Professional, scientific and technical services",,,,,12.75,,,
Newfoundland and Labrador,2022/2/1,"Professional, scientific and technical services",,,,,12.75,,,
Newfoundland and Labrador,2022/3/1,"Professional, scientific and technical services",,,,,12.75,,,
Newfoundland and Labrador,2022/4/1,"Professional, scientific and technical services",,,,,13.2,,,
Newfoundland and Labrador,2022/5/1,"Professional, scientific and technical services",,,,,13.2,,,
Newfoundland and Labrador,2022/6/1,"Professional, scientific and technical services",,,,,13.2,,,
Newfoundland and Labrador,2022/7/1,"Professional, scientific and technical services",,,,,13.2,,,
Newfoundland and Labrador,2022/8/1,"Professional, scientific and technical services",,,,,13.2,,,
Newfoundland and Labrador,2022/9/1,"Professional, scientific and technical services",,,,,13.2,,,
Newfoundland and Labrador,2022/10/1,"Professional, scientific and technical services",,,,,13.7,,,
Newfoundland and Labrador,2022/11/1,"Professional, scientific and technical services",,,,,13.7,,,
Newfoundland and Labrador,2022/12/1,"Professional, scientific and technical services",,,,,13.7,,,
Newfoundland and Labrador,2023/1/1,"Professional, scientific and technical services",11.2,8.2,38.35,0.7321428571428571,13.7,987535,155.9,535147
Newfoundland and Labrador,2023/2/1,"Professional, scientific and technical services",11.6,8.1,36.18,0.6982758620689655,13.7,951633,157.4,535147
Newfoundland and Labrador,2023/3/1,"Professional, scientific and technical services",11.9,8.7,38.4,0.7310924369747899,13.7,934802,157,535147
Newfoundland and Labrador,2023/4/1,"Professional, scientific and technical services",11.3,8.3,39.13,0.7345132743362832,14.5,917145,158.3,536635
Newfoundland and Labrador,2023/5/1,"Professional, scientific and technical services",12.3,8.1,41.3,0.6585365853658536,14.5,968183,158.5,536635
Newfoundland and Labrador,2023/6/1,"Professional, scientific and technical services",13.6,9.8,39.54,0.7205882352941178,14.5,935680,158.9,536635
Newfoundland and Labrador,2023/7/1,"Professional, scientific and technical services",13.2,8.9,39.66,0.6742424242424243,14.5,970564,159.8,538789
Newfoundland and Labrador,2023/8/1,"Professional, scientific and technical services",12.4,9.2,41.5,0.7419354838709676,14.5,935822,161,538789
Newfoundland and Labrador,2023/9/1,"Professional, scientific and technical services",12.3,8.8,42.71,0.7154471544715447,14.5,944788,160.8,538789
Newfoundland and Labrador,2023/10/1,"Professional, scientific and technical services",12.5,9.8,41.26,0.784,15,955669,160.2,541126
Newfoundland and Labrador,2023/11/1,"Professional, scientific and technical services",12.1,10.1,39.39,0.8347107438016529,15,960274,160.1,541126
Newfoundland and Labrador,2023/12/1,"Professional, scientific and technical services",12.4,10.3,40.83,0.8306451612903226,15,971117,159.8,541126
Newfoundland and Labrador,2024/1/1,"Professional, scientific and technical services",12.2,10.4,40.85,0.8524590163934427,15,959888,159.8,542449
Newfoundland and Labrador,2024/2/1,"Professional, scientific and technical services",12.6,10.3,38.89,0.8174603174603176,15,996363,160.6,542449
Newfoundland and Labrador,2024/3/1,"Professional, scientific and technical services",12.7,10.1,41.02,0.7952755905511811,15,981959,161.9,542449
Newfoundland and Labrador,2024/4/1,"Professional, scientific and technical services",12.2,9.1,41.56,0.7459016393442623,15.6,1002482,162.4,544318
Newfoundland and Labrador,2024/5/1,"Professional, scientific and technical services",12.5,9,45.39,0.72,15.6,1005281,162.7,544318
Newfoundland and Labrador,2024/6/1,"Professional, scientific and technical services",13.5,9.1,42.57,0.674074074074074,15.6,1017740,162.5,544318
Newfoundland and Labrador,2024/7/1,"Professional, scientific and technical services",13,9.8,43.97,0.7538461538461539,15.6,1027694,163.1,546869
Newfoundland and Labrador,2024/8/1,"Professional, scientific and technical services",12.5,9.2,45.79,0.736,15.6,1041471,163.1,546869
Newfoundland and Labrador,2024/9/1,"Professional, scientific and technical services",14.1,11.3,42.13,0.8014184397163121,15.6,1045214,161.9,546869
Newfoundland and Labrador,2024/10/1,"Professional, scientific and technical services",14.5,10.9,39.66,0.7517241379310345,15.6,1040807,161.9,548402
Newfoundland and Labrador,2024/11/1,"Professional, scientific and technical services",13.9,10.8,39.98,0.7769784172661871,15.6,1048813,162.1,548402
Newfoundland and Labrador,2024/12/1,"Professional, scientific and technical services",12.4,9.8,44.58,0.7903225806451614,15.6,1046473,160.7,548402
Newfoundland and Labrador,2025/1/1,"Professional, scientific and technical services",12.4,9.6,41.47,0.7741935483870968,15.6,1082740,161,548842
Newfoundland and Labrador,2025/2/1,"Professional, scientific and technical services",11.8,9.8,43.76,0.8305084745762712,15.6,1079248,162.5,548842
Newfoundland and Labrador,2025/3/1,"Professional, scientific and technical services",12.5,9.9,40.98,0.792,15.6,1082881,163.6,548842
Newfoundland and Labrador,2025/4/1,"Professional, scientific and technical services",12.4,9.8,43.11,0.7903225806451614,16,1070414,163,549456
Newfoundland and Labrador,2025/5/1,"Professional, scientific and technical services",12.6,10.2,44.46,0.8095238095238095,16,1054491,163.5,549456
Newfoundland and Labrador,2025/6/1,"Professional, scientific and technical services",13.2,9.7,45.47,0.7348484848484849,16,1067214,164.4,549456
Newfoundland and Labrador,2025/7/1,"Professional, scientific and technical services",13,9.9,45.48,0.7615384615384616,16,1005627,165.7,549911
Newfoundland and Labrador,2025/8/1,"Professional, scientific and technical services",13.7,9.5,45.66,0.6934306569343066,16,1057325,165.3,549911
Newfoundland and Labrador,2025/9/1,"Professional, scientific and technical services",13.2,10.4,46.97,0.787878787878788,16,,165.2,549911
Newfoundland and Labrador,2022/1/1,Public administration,,,,,12.75,,,
Newfoundland and Labrador,2022/2/1,Public administration,,,,,12.75,,,
Newfoundland and Labrador,2022/3/1,Public administration,,,,,12.75,,,
Newfoundland and Labrador,2022/4/1,Public administration,,,,,13.2,,,
Newfoundland and Labrador,2022/5/1,Public administration,,,,,13.2,,,
Newfoundland and Labrador,2022/6/1,Public administration,,,,,13.2,,,
Newfoundland and Labrador,2022/7/1,Public administration,,,,,13.2,,,
Newfoundland and Labrador,2022/8/1,Public administration,,,,,13.2,,,
Newfoundland and Labrador,2022/9/1,Public administration,,,,,13.2,,,
Newfoundland and Labrador,2022/10/1,Public administration,,,,,13.7,,,
Newfoundland and Labrador,2022/11/1,Public administration,,,,,13.7,,,
Newfoundland and Labrador,2022/12/1,Public administration,,,,,13.7,,,
Newfoundland and Labrador,2023/1/1,Public administration,21.8,20.6,36.19,0.944954128440367,13.7,987535,155.9,535147
Newfoundland and Labrador,2023/2/1,Public administration,21.9,20.5,37.79,0.9360730593607308,13.7,951633,157.4,535147
Newfoundland and Labrador,2023/3/1,Public administration,22.2,20.9,38.55,0.9414414414414414,13.7,934802,157,535147
Newfoundland and Labrador,2023/4/1,Public administration,22.3,20.3,38.4,0.9103139013452914,14.5,917145,158.3,536635
Newfoundland and Labrador,2023/5/1,Public administration,22.2,20.6,38.4,0.927927927927928,14.5,968183,158.5,536635
Newfoundland and Labrador,2023/6/1,Public administration,23,21.8,38.39,0.9478260869565218,14.5,935680,158.9,536635
Newfoundland and Labrador,2023/7/1,Public administration,22.7,22.2,37.89,0.9779735682819384,14.5,970564,159.8,538789
Newfoundland and Labrador,2023/8/1,Public administration,22.5,22,36.95,0.9777777777777776,14.5,935822,161,538789
Newfoundland and Labrador,2023/9/1,Public administration,20.9,20.3,38.65,0.9712918660287082,14.5,944788,160.8,538789
Newfoundland and Labrador,2023/10/1,Public administration,20.2,19.6,39.13,0.9702970297029704,15,955669,160.2,541126
Newfoundland and Labrador,2023/11/1,Public administration,20.9,19.7,37.79,0.9425837320574164,15,960274,160.1,541126
Newfoundland and Labrador,2023/12/1,Public administration,20.3,19.1,38.46,0.9408866995073892,15,971117,159.8,541126
Newfoundland and Labrador,2024/1/1,Public administration,21.6,20.1,39.4,0.9305555555555556,15,959888,159.8,542449
Newfoundland and Labrador,2024/2/1,Public administration,21.8,21,39.23,0.963302752293578,15,996363,160.6,542449
Newfoundland and Labrador,2024/3/1,Public administration,21.7,20.8,39.47,0.95852534562212,15,981959,161.9,542449
Newfoundland and Labrador,2024/4/1,Public administration,21.8,20.6,40.48,0.944954128440367,15.6,1002482,162.4,544318
Newfoundland and Labrador,2024/5/1,Public administration,22.4,21.2,40.48,0.9464285714285716,15.6,1005281,162.7,544318
Newfoundland and Labrador,2024/6/1,Public administration,22.5,21.6,40.07,0.96,15.6,1017740,162.5,544318
Newfoundland and Labrador,2024/7/1,Public administration,23.3,22.6,40.4,0.9699570815450644,15.6,1027694,163.1,546869
Newfoundland and Labrador,2024/8/1,Public administration,21.3,20.5,41.27,0.9624413145539906,15.6,1041471,163.1,546869
Newfoundland and Labrador,2024/9/1,Public administration,19.8,19.7,41.85,0.9949494949494948,15.6,1045214,161.9,546869
Newfoundland and Labrador,2024/10/1,Public administration,19.9,19.8,42.57,0.9949748743718594,15.6,1040807,161.9,548402
Newfoundland and Labrador,2024/11/1,Public administration,20,19.9,41.04,0.995,15.6,1048813,162.1,548402
Newfoundland and Labrador,2024/12/1,Public administration,20.3,20.1,42.18,0.9901477832512317,15.6,1046473,160.7,548402
Newfoundland and Labrador,2025/1/1,Public administration,20.6,20,42.86,0.9708737864077668,15.6,1082740,161,548842
Newfoundland and Labrador,2025/2/1,Public administration,21.6,21,41.34,0.9722222222222222,15.6,1079248,162.5,548842
Newfoundland and Labrador,2025/3/1,Public administration,22.2,21.9,41.43,0.9864864864864864,15.6,1082881,163.6,548842
Newfoundland and Labrador,2025/4/1,Public administration,22.8,22.2,41.82,0.9736842105263156,16,1070414,163,549456
Newfoundland and Labrador,2025/5/1,Public administration,23,22,42.43,0.9565217391304348,16,1054491,163.5,549456
Newfoundland and Labrador,2025/6/1,Public administration,23.9,23,39.19,0.9623430962343096,16,1067214,164.4,549456
Newfoundland and Labrador,2025/7/1,Public administration,24.1,23.2,39.73,0.962655601659751,16,1005627,165.7,549911
Newfoundland and Labrador,2025/8/1,Public administration,23.2,22.4,40.53,0.9655172413793104,16,1057325,165.3,549911
Newfoundland and Labrador,2025/9/1,Public administration,22.6,21.5,42.03,0.9513274336283184,16,,165.2,549911
Newfoundland and Labrador,2022/1/1,Services-producing sector,,,,,12.75,,,
Newfoundland and Labrador,2022/2/1,Services-producing sector,,,,,12.75,,,
Newfoundland and Labrador,2022/3/1,Services-producing sector,,,,,12.75,,,
Newfoundland and Labrador,2022/4/1,Services-producing sector,,,,,13.2,,,
Newfoundland and Labrador,2022/5/1,Services-producing sector,,,,,13.2,,,
Newfoundland and Labrador,2022/6/1,Services-producing sector,,,,,13.2,,,
Newfoundland and Labrador,2022/7/1,Services-producing sector,,,,,13.2,,,
Newfoundland and Labrador,2022/8/1,Services-producing sector,,,,,13.2,,,
Newfoundland and Labrador,2022/9/1,Services-producing sector,,,,,13.2,,,
Newfoundland and Labrador,2022/10/1,Services-producing sector,,,,,13.7,,,
Newfoundland and Labrador,2022/11/1,Services-producing sector,,,,,13.7,,,
Newfoundland and Labrador,2022/12/1,Services-producing sector,,,,,13.7,,,
Newfoundland and Labrador,2023/1/1,Services-producing sector,190.8,164.1,29.1,0.8600628930817609,13.7,987535,155.9,535147
Newfoundland and Labrador,2023/2/1,Services-producing sector,194.1,168,28.91,0.8655332302936631,13.7,951633,157.4,535147
Newfoundland and Labrador,2023/3/1,Services-producing sector,194,168,29.25,0.865979381443299,13.7,934802,157,535147
Newfoundland and Labrador,2023/4/1,Services-producing sector,196.3,168.8,29.11,0.859908303616913,14.5,917145,158.3,536635
Newfoundland and Labrador,2023/5/1,Services-producing sector,199,171.3,29.1,0.8608040201005026,14.5,968183,158.5,536635
Newfoundland and Labrador,2023/6/1,Services-producing sector,200.3,177.8,29.13,0.8876684972541188,14.5,935680,158.9,536635
Newfoundland and Labrador,2023/7/1,Services-producing sector,204.2,181.1,28.64,0.8868756121449559,14.5,970564,159.8,538789
Newfoundland and Labrador,2023/8/1,Services-producing sector,206.8,182.3,29.03,0.8815280464216635,14.5,935822,161,538789
Newfoundland and Labrador,2023/9/1,Services-producing sector,201.7,177.8,29.49,0.8815071888943977,14.5,944788,160.8,538789
Newfoundland and Labrador,2023/10/1,Services-producing sector,200.4,178.6,29.88,0.8912175648702594,15,955669,160.2,541126
Newfoundland and Labrador,2023/11/1,Services-producing sector,203.2,177.7,29.78,0.874507874015748,15,960274,160.1,541126
Newfoundland and Labrador,2023/12/1,Services-producing sector,202.7,179.2,29.85,0.8840651208682783,15,971117,159.8,541126
Newfoundland and Labrador,2024/1/1,Services-producing sector,203.3,175.5,30.72,0.8632562715199212,15,959888,159.8,542449
Newfoundland and Labrador,2024/2/1,Services-producing sector,203.7,177.1,30.48,0.8694158075601375,15,996363,160.6,542449
Newfoundland and Labrador,2024/3/1,Services-producing sector,202.5,176.6,30.58,0.8720987654320987,15,981959,161.9,542449
Newfoundland and Labrador,2024/4/1,Services-producing sector,205.1,179.8,30.67,0.8766455387615798,15.6,1002482,162.4,544318
Newfoundland and Labrador,2024/5/1,Services-producing sector,206.6,180.7,31.34,0.8746369796708615,15.6,1005281,162.7,544318
Newfoundland and Labrador,2024/6/1,Services-producing sector,209,183.9,31.03,0.8799043062200957,15.6,1017740,162.5,544318
Newfoundland and Labrador,2024/7/1,Services-producing sector,209,185.2,30.29,0.8861244019138755,15.6,1027694,163.1,546869
Newfoundland and Labrador,2024/8/1,Services-producing sector,211.6,185.5,30.96,0.8766540642722117,15.6,1041471,163.1,546869
Newfoundland and Labrador,2024/9/1,Services-producing sector,205.5,184.5,31.75,0.8978102189781022,15.6,1045214,161.9,546869
Newfoundland and Labrador,2024/10/1,Services-producing sector,207,183.5,31.57,0.8864734299516909,15.6,1040807,161.9,548402
Newfoundland and Labrador,2024/11/1,Services-producing sector,205.3,179.9,31.3,0.8762786166585484,15.6,1048813,162.1,548402
Newfoundland and Labrador,2024/12/1,Services-producing sector,208,182.3,32.07,0.8764423076923078,15.6,1046473,160.7,548402
Newfoundland and Labrador,2025/1/1,Services-producing sector,204.9,176,31.8,0.8589555880917521,15.6,1082740,161,548842
Newfoundland and Labrador,2025/2/1,Services-producing sector,203.9,177.8,32.07,0.8719960765080922,15.6,1079248,162.5,548842
Newfoundland and Labrador,2025/3/1,Services-producing sector,206.7,180.3,32.39,0.8722786647314951,15.6,1082881,163.6,548842
Newfoundland and Labrador,2025/4/1,Services-producing sector,209.7,184.3,32.44,0.8788745827372438,16,1070414,163,549456
Newfoundland and Labrador,2025/5/1,Services-producing sector,213.5,190.5,32.43,0.892271662763466,16,1054491,163.5,549456
Newfoundland and Labrador,2025/6/1,Services-producing sector,213,189.2,32.21,0.888262910798122,16,1067214,164.4,549456
Newfoundland and Labrador,2025/7/1,Services-producing sector,215.6,190.7,31.54,0.884508348794063,16,1005627,165.7,549911
Newfoundland and Labrador,2025/8/1,Services-producing sector,216.1,188.6,31.4,0.8727440999537251,16,1057325,165.3,549911
Newfoundland and Labrador,2025/9/1,Services-producing sector,207.3,184.8,32.5,0.8914616497829233,16,,165.2,549911
Newfoundland and Labrador,2022/1/1,"Total, all industries",,,,,12.75,,,
Newfoundland and Labrador,2022/2/1,"Total, all industries",,,,,12.75,,,
Newfoundland and Labrador,2022/3/1,"Total, all industries",,,,,12.75,,,
Newfoundland and Labrador,2022/4/1,"Total, all industries",,,,,13.2,,,
Newfoundland and Labrador,2022/5/1,"Total, all industries",,,,,13.2,,,
Newfoundland and Labrador,2022/6/1,"Total, all industries",,,,,13.2,,,
Newfoundland and Labrador,2022/7/1,"Total, all industries",,,,,13.2,,,
Newfoundland and Labrador,2022/8/1,"Total, all industries",,,,,13.2,,,
Newfoundland and Labrador,2022/9/1,"Total, all industries",,,,,13.2,,,
Newfoundland and Labrador,2022/10/1,"Total, all industries",,,,,13.7,,,
Newfoundland and Labrador,2022/11/1,"Total, all industries",,,,,13.7,,,
Newfoundland and Labrador,2022/12/1,"Total, all industries",,,,,13.7,,,
Newfoundland and Labrador,2023/1/1,"Total, all industries",257.2,204.6,30.45,0.7954898911353033,13.7,987535,155.9,535147
Newfoundland and Labrador,2023/2/1,"Total, all industries",255.4,206.7,30.49,0.8093187157400156,13.7,951633,157.4,535147
Newfoundland and Labrador,2023/3/1,"Total, all industries",257.1,208.1,30.86,0.8094126798910929,13.7,934802,157,535147
Newfoundland and Labrador,2023/4/1,"Total, all industries",261,211.7,30.56,0.8111111111111111,14.5,917145,158.3,536635
Newfoundland and Labrador,2023/5/1,"Total, all industries",266.3,220.5,31.09,0.8280135185880585,14.5,968183,158.5,536635
Newfoundland and Labrador,2023/6/1,"Total, all industries",268.7,228.1,31.09,0.8489021213248976,14.5,935680,158.9,536635
Newfoundland and Labrador,2023/7/1,"Total, all industries",272.5,232.5,30.42,0.8532110091743119,14.5,970564,159.8,538789
Newfoundland and Labrador,2023/8/1,"Total, all industries",272,231.8,30.86,0.8522058823529413,14.5,935822,161,538789
Newfoundland and Labrador,2023/9/1,"Total, all industries",267.8,225.1,31.39,0.8405526512322629,14.5,944788,160.8,538789
Newfoundland and Labrador,2023/10/1,"Total, all industries",266.3,225.1,31.85,0.8452872699962448,15,955669,160.2,541126
Newfoundland and Labrador,2023/11/1,"Total, all industries",265.2,221.3,31.39,0.8344645550527904,15,960274,160.1,541126
Newfoundland and Labrador,2023/12/1,"Total, all industries",266.2,220.7,31.57,0.8290758827948911,15,971117,159.8,541126
Newfoundland and Labrador,2024/1/1,"Total, all industries",266.5,215.7,32.36,0.8093808630393996,15,959888,159.8,542449
Newfoundland and Labrador,2024/2/1,"Total, all industries",266,216.1,32.02,0.8124060150375939,15,996363,160.6,542449
Newfoundland and Labrador,2024/3/1,"Total, all industries",266.2,216.6,31.98,0.8136739293764087,15,981959,161.9,542449
Newfoundland and Labrador,2024/4/1,"Total, all industries",270.1,223.8,31.95,0.8285820066641985,15.6,1002482,162.4,544318
Newfoundland and Labrador,2024/5/1,"Total, all industries",275.1,231.7,32.75,0.842239185750636,15.6,1005281,162.7,544318
Newfoundland and Labrador,2024/6/1,"Total, all industries",279.3,238,32.26,0.8521303258145363,15.6,1017740,162.5,544318
Newfoundland and Labrador,2024/7/1,"Total, all industries",280.6,239.5,31.62,0.8535281539558089,15.6,1027694,163.1,546869
Newfoundland and Labrador,2024/8/1,"Total, all industries",282,237.7,32.37,0.8429078014184397,15.6,1041471,163.1,546869
Newfoundland and Labrador,2024/9/1,"Total, all industries",273.5,232.5,33.15,0.850091407678245,15.6,1045214,161.9,546869
Newfoundland and Labrador,2024/10/1,"Total, all industries",271,228.3,33.02,0.8424354243542436,15.6,1040807,161.9,548402
Newfoundland and Labrador,2024/11/1,"Total, all industries",268.3,221.7,32.89,0.8263138278046962,15.6,1048813,162.1,548402
Newfoundland and Labrador,2024/12/1,"Total, all industries",265.9,221.3,33.4,0.8322677698382852,15.6,1046473,160.7,548402
Newfoundland and Labrador,2025/1/1,"Total, all industries",264.2,212.7,33.29,0.8050719152157456,15.6,1082740,161,548842
Newfoundland and Labrador,2025/2/1,"Total, all industries",265.3,215.1,33.58,0.8107802487749717,15.6,1079248,162.5,548842
Newfoundland and Labrador,2025/3/1,"Total, all industries",264.9,216.6,33.59,0.8176670441676105,15.6,1082881,163.6,548842
Newfoundland and Labrador,2025/4/1,"Total, all industries",273.7,227.2,33.39,0.8301059554256485,16,1070414,163,549456
Newfoundland and Labrador,2025/5/1,"Total, all industries",280.4,235.2,33.28,0.8388017118402282,16,1054491,163.5,549456
Newfoundland and Labrador,2025/6/1,"Total, all industries",279.8,240.5,33.21,0.859542530378842,16,1067214,164.4,549456
Newfoundland and Labrador,2025/7/1,"Total, all industries",282.5,239.9,32.85,0.8492035398230089,16,1005627,165.7,549911
Newfoundland and Labrador,2025/8/1,"Total, all industries",280.9,235.4,33.07,0.8380206479174084,16,1057325,165.3,549911
Newfoundland and Labrador,2025/9/1,"Total, all industries",268.9,227,33.85,0.8441799925622909,16,,165.2,549911
Newfoundland and Labrador,2022/1/1,Transportation and warehousing,,,,,12.75,,,
Newfoundland and Labrador,2022/2/1,Transportation and warehousing,,,,,12.75,,,
Newfoundland and Labrador,2022/3/1,Transportation and warehousing,,,,,12.75,,,
Newfoundland and Labrador,2022/4/1,Transportation and warehousing,,,,,13.2,,,
Newfoundland and Labrador,2022/5/1,Transportation and warehousing,,,,,13.2,,,
Newfoundland and Labrador,2022/6/1,Transportation and warehousing,,,,,13.2,,,
Newfoundland and Labrador,2022/7/1,Transportation and warehousing,,,,,13.2,,,
Newfoundland and Labrador,2022/8/1,Transportation and warehousing,,,,,13.2,,,
Newfoundland and Labrador,2022/9/1,Transportation and warehousing,,,,,13.2,,,
Newfoundland and Labrador,2022/10/1,Transportation and warehousing,,,,,13.7,,,
Newfoundland and Labrador,2022/11/1,Transportation and warehousing,,,,,13.7,,,
Newfoundland and Labrador,2022/12/1,Transportation and warehousing,,,,,13.7,,,
Newfoundland and Labrador,2023/1/1,Transportation and warehousing,13,11.1,27.25,0.8538461538461538,13.7,987535,155.9,535147
Newfoundland and Labrador,2023/2/1,Transportation and warehousing,13.6,11.8,27.72,0.8676470588235294,13.7,951633,157.4,535147
Newfoundland and Labrador,2023/3/1,Transportation and warehousing,12.6,10.9,28.7,0.8650793650793651,13.7,934802,157,535147
Newfoundland and Labrador,2023/4/1,Transportation and warehousing,13.2,11,30.3,0.8333333333333334,14.5,917145,158.3,536635
Newfoundland and Labrador,2023/5/1,Transportation and warehousing,13.1,11.4,28.5,0.8702290076335878,14.5,968183,158.5,536635
Newfoundland and Labrador,2023/6/1,Transportation and warehousing,13.2,11.3,30.16,0.8560606060606062,14.5,935680,158.9,536635
Newfoundland and Labrador,2023/7/1,Transportation and warehousing,15,13.9,29.38,0.9266666666666666,14.5,970564,159.8,538789
Newfoundland and Labrador,2023/8/1,Transportation and warehousing,16.2,13.9,28.45,0.8580246913580247,14.5,935822,161,538789
Newfoundland and Labrador,2023/9/1,Transportation and warehousing,15.2,12.9,29.03,0.8486842105263158,14.5,944788,160.8,538789
Newfoundland and Labrador,2023/10/1,Transportation and warehousing,13.9,12.1,29.61,0.8705035971223021,15,955669,160.2,541126
Newfoundland and Labrador,2023/11/1,Transportation and warehousing,14.6,12.5,29.39,0.8561643835616438,15,960274,160.1,541126
Newfoundland and Labrador,2023/12/1,Transportation and warehousing,13.7,11.5,31.02,0.8394160583941607,15,971117,159.8,541126
Newfoundland and Labrador,2024/1/1,Transportation and warehousing,13.4,11.6,31.36,0.8656716417910447,15,959888,159.8,542449
Newfoundland and Labrador,2024/2/1,Transportation and warehousing,13,11.4,31.05,0.8769230769230769,15,996363,160.6,542449
Newfoundland and Labrador,2024/3/1,Transportation and warehousing,13.1,11.9,31.58,0.9083969465648856,15,981959,161.9,542449
Newfoundland and Labrador,2024/4/1,Transportation and warehousing,13.2,12.2,32.53,0.9242424242424242,15.6,1002482,162.4,544318
Newfoundland and Labrador,2024/5/1,Transportation and warehousing,13.7,11.9,32.46,0.8686131386861314,15.6,1005281,162.7,544318
Newfoundland and Labrador,2024/6/1,Transportation and warehousing,14.1,12.8,32.51,0.9078014184397164,15.6,1017740,162.5,544318
Newfoundland and Labrador,2024/7/1,Transportation and warehousing,14.5,12.2,32.81,0.8413793103448275,15.6,1027694,163.1,546869
Newfoundland and Labrador,2024/8/1,Transportation and warehousing,14.6,12.5,37.95,0.8561643835616438,15.6,1041471,163.1,546869
Newfoundland and Labrador,2024/9/1,Transportation and warehousing,13.9,11.7,38.28,0.8417266187050358,15.6,1045214,161.9,546869
Newfoundland and Labrador,2024/10/1,Transportation and warehousing,15.2,12.8,36.29,0.8421052631578948,15.6,1040807,161.9,548402
Newfoundland and Labrador,2024/11/1,Transportation and warehousing,13.9,11.1,36.16,0.7985611510791366,15.6,1048813,162.1,548402
Newfoundland and Labrador,2024/12/1,Transportation and warehousing,13.7,11.7,39.11,0.8540145985401459,15.6,1046473,160.7,548402
Newfoundland and Labrador,2025/1/1,Transportation and warehousing,15.3,12.6,36.42,0.8235294117647058,15.6,1082740,161,548842
Newfoundland and Labrador,2025/2/1,Transportation and warehousing,13.7,12,36.5,0.8759124087591241,15.6,1079248,162.5,548842
Newfoundland and Labrador,2025/3/1,Transportation and warehousing,13.8,11.5,36.96,0.8333333333333333,15.6,1082881,163.6,548842
Newfoundland and Labrador,2025/4/1,Transportation and warehousing,13.4,11.7,36.39,0.8731343283582089,16,1070414,163,549456
Newfoundland and Labrador,2025/5/1,Transportation and warehousing,13.3,11.9,36.68,0.8947368421052632,16,1054491,163.5,549456
Newfoundland and Labrador,2025/6/1,Transportation and warehousing,12.9,12.1,32.84,0.937984496124031,16,1067214,164.4,549456
Newfoundland and Labrador,2025/7/1,Transportation and warehousing,13.5,12.8,31.12,0.9481481481481482,16,1005627,165.7,549911
Newfoundland and Labrador,2025/8/1,Transportation and warehousing,13.2,12,32.89,0.9090909090909092,16,1057325,165.3,549911
Newfoundland and Labrador,2025/9/1,Transportation and warehousing,13.1,12.6,32.45,0.9618320610687024,16,,165.2,549911
Newfoundland and Labrador,2022/1/1,Utilities,,,,,12.75,,,
Newfoundland and Labrador,2022/2/1,Utilities,,,,,12.75,,,
Newfoundland and Labrador,2022/3/1,Utilities,,,,,12.75,,,
Newfoundland and Labrador,2022/4/1,Utilities,,,,,13.2,,,
Newfoundland and Labrador,2022/5/1,Utilities,,,,,13.2,,,
Newfoundland and Labrador,2022/6/1,Utilities,,,,,13.2,,,
Newfoundland and Labrador,2022/7/1,Utilities,,,,,13.2,,,
Newfoundland and Labrador,2022/8/1,Utilities,,,,,13.2,,,
Newfoundland and Labrador,2022/9/1,Utilities,,,,,13.2,,,
Newfoundland and Labrador,2022/10/1,Utilities,,,,,13.7,,,
Newfoundland and Labrador,2022/11/1,Utilities,,,,,13.7,,,
Newfoundland and Labrador,2022/12/1,Utilities,,,,,13.7,,,
Newfoundland and Labrador,2023/1/1,Utilities,2.7,2.7,44.61,1,13.7,987535,155.9,535147
Newfoundland and Labrador,2023/2/1,Utilities,2.7,2.7,45.32,1,13.7,951633,157.4,535147
Newfoundland and Labrador,2023/3/1,Utilities,2.8,2.8,45.46,1,13.7,934802,157,535147
Newfoundland and Labrador,2023/4/1,Utilities,2.6,2.6,45.96,1,14.5,917145,158.3,536635
Newfoundland and Labrador,2023/5/1,Utilities,2.4,2.4,46.45,1,14.5,968183,158.5,536635
Newfoundland and Labrador,2023/6/1,Utilities,2.3,2.1,49.01,0.9130434782608696,14.5,935680,158.9,536635
Newfoundland and Labrador,2023/7/1,Utilities,2.6,2.2,43.35,0.8461538461538461,14.5,970564,159.8,538789
Newfoundland and Labrador,2023/8/1,Utilities,2.4,2.3,42.94,0.9583333333333331,14.5,935822,161,538789
Newfoundland and Labrador,2023/9/1,Utilities,2.7,2.6,48.86,0.9629629629629628,14.5,944788,160.8,538789
Newfoundland and Labrador,2023/10/1,Utilities,2.8,2.7,47.2,0.9642857142857144,15,955669,160.2,541126
Newfoundland and Labrador,2023/11/1,Utilities,2.5,2.4,49.25,0.96,15,960274,160.1,541126
Newfoundland and Labrador,2023/12/1,Utilities,2.4,2.4,49.23,1,15,971117,159.8,541126
Newfoundland and Labrador,2024/1/1,Utilities,2.3,2.1,53.97,0.9130434782608696,15,959888,159.8,542449
Newfoundland and Labrador,2024/2/1,Utilities,2.3,2.1,51.57,0.9130434782608696,15,996363,160.6,542449
Newfoundland and Labrador,2024/3/1,Utilities,2.1,2.1,45.63,1,15,981959,161.9,542449
Newfoundland and Labrador,2024/4/1,Utilities,2,2,46.03,1,15.6,1002482,162.4,544318
Newfoundland and Labrador,2024/5/1,Utilities,2,2,47.94,1,15.6,1005281,162.7,544318
Newfoundland and Labrador,2024/6/1,Utilities,2,2,42.27,1,15.6,1017740,162.5,544318
Newfoundland and Labrador,2024/7/1,Utilities,1.9,1.9,50.7,1,15.6,1027694,163.1,546869
Newfoundland and Labrador,2024/8/1,Utilities,2.2,2.1,46.97,0.9545454545454544,15.6,1041471,163.1,546869
Newfoundland and Labrador,2024/9/1,Utilities,2.5,2.2,46.47,0.8800000000000001,15.6,1045214,161.9,546869
Newfoundland and Labrador,2024/10/1,Utilities,2.2,2.1,49.21,0.9545454545454544,15.6,1040807,161.9,548402
Newfoundland and Labrador,2024/11/1,Utilities,2.3,2,51.15,0.8695652173913044,15.6,1048813,162.1,548402
Newfoundland and Labrador,2024/12/1,Utilities,2.2,2,53.69,0.9090909090909092,15.6,1046473,160.7,548402
Newfoundland and Labrador,2025/1/1,Utilities,2.5,2.3,55.76,0.92,15.6,1082740,161,548842
Newfoundland and Labrador,2025/2/1,Utilities,2.4,2.3,54.38,0.9583333333333331,15.6,1079248,162.5,548842
Newfoundland and Labrador,2025/3/1,Utilities,2.4,2.4,54.45,1,15.6,1082881,163.6,548842
Newfoundland and Labrador,2025/4/1,Utilities,2.4,2.3,53.59,0.9583333333333331,16,1070414,163,549456
Newfoundland and Labrador,2025/5/1,Utilities,2.4,2.3,51.66,0.9583333333333331,16,1054491,163.5,549456
Newfoundland and Labrador,2025/6/1,Utilities,2.2,2.2,51.43,1,16,1067214,164.4,549456
Newfoundland and Labrador,2025/7/1,Utilities,2.3,2.3,50.83,1,16,1005627,165.7,549911
Newfoundland and Labrador,2025/8/1,Utilities,2.1,2.1,49.57,1,16,1057325,165.3,549911
Newfoundland and Labrador,2025/9/1,Utilities,2.2,2.2,48.76,1,16,,165.2,549911
Newfoundland and Labrador,2022/1/1,Wholesale and retail trade,,,,,12.75,,,
Newfoundland and Labrador,2022/2/1,Wholesale and retail trade,,,,,12.75,,,
Newfoundland and Labrador,2022/3/1,Wholesale and retail trade,,,,,12.75,,,
Newfoundland and Labrador,2022/4/1,Wholesale and retail trade,,,,,13.2,,,
Newfoundland and Labrador,2022/5/1,Wholesale and retail trade,,,,,13.2,,,
Newfoundland and Labrador,2022/6/1,Wholesale and retail trade,,,,,13.2,,,
Newfoundland and Labrador,2022/7/1,Wholesale and retail trade,,,,,13.2,,,
Newfoundland and Labrador,2022/8/1,Wholesale and retail trade,,,,,13.2,,,
Newfoundland and Labrador,2022/9/1,Wholesale and retail trade,,,,,13.2,,,
Newfoundland and Labrador,2022/10/1,Wholesale and retail trade,,,,,13.7,,,
Newfoundland and Labrador,2022/11/1,Wholesale and retail trade,,,,,13.7,,,
Newfoundland and Labrador,2022/12/1,Wholesale and retail trade,,,,,13.7,,,
Newfoundland and Labrador,2023/1/1,Wholesale and retail trade,35.6,31,20.99,0.8707865168539326,13.7,987535,155.9,535147
Newfoundland and Labrador,2023/2/1,Wholesale and retail trade,36.2,31,19.64,0.8563535911602209,13.7,951633,157.4,535147
Newfoundland and Labrador,2023/3/1,Wholesale and retail trade,37,33,19.97,0.8918918918918919,13.7,934802,157,535147
Newfoundland and Labrador,2023/4/1,Wholesale and retail trade,37.9,34.4,20.27,0.907651715039578,14.5,917145,158.3,536635
Newfoundland and Labrador,2023/5/1,Wholesale and retail trade,36.2,32.8,20.89,0.906077348066298,14.5,968183,158.5,536635
Newfoundland and Labrador,2023/6/1,Wholesale and retail trade,37.5,33.9,20.68,0.904,14.5,935680,158.9,536635
Newfoundland and Labrador,2023/7/1,Wholesale and retail trade,38.4,35.8,21.94,0.9322916666666666,14.5,970564,159.8,538789
Newfoundland and Labrador,2023/8/1,Wholesale and retail trade,40.5,37.2,22.33,0.9185185185185186,14.5,935822,161,538789
Newfoundland and Labrador,2023/9/1,Wholesale and retail trade,38.4,35.5,22.6,0.9244791666666669,14.5,944788,160.8,538789
Newfoundland and Labrador,2023/10/1,Wholesale and retail trade,39.7,36.9,21.78,0.9294710327455918,15,955669,160.2,541126
Newfoundland and Labrador,2023/11/1,Wholesale and retail trade,41,37.4,21.77,0.9121951219512194,15,960274,160.1,541126
Newfoundland and Labrador,2023/12/1,Wholesale and retail trade,40.5,36.9,20.6,0.9111111111111112,15,971117,159.8,541126
Newfoundland and Labrador,2024/1/1,Wholesale and retail trade,39.7,32.4,21.65,0.8161209068010075,15,959888,159.8,542449
Newfoundland and Labrador,2024/2/1,Wholesale and retail trade,40.3,34.4,22.35,0.8535980148883375,15,996363,160.6,542449
Newfoundland and Labrador,2024/3/1,Wholesale and retail trade,39.9,34.5,22.46,0.8646616541353384,15,981959,161.9,542449
Newfoundland and Labrador,2024/4/1,Wholesale and retail trade,39.1,34.4,22.92,0.8797953964194373,15.6,1002482,162.4,544318
Newfoundland and Labrador,2024/5/1,Wholesale and retail trade,39.8,35.8,22.8,0.8994974874371859,15.6,1005281,162.7,544318
Newfoundland and Labrador,2024/6/1,Wholesale and retail trade,40.7,37,22.79,0.9090909090909092,15.6,1017740,162.5,544318
Newfoundland and Labrador,2024/7/1,Wholesale and retail trade,40.5,36.9,21.39,0.9111111111111112,15.6,1027694,163.1,546869
Newfoundland and Labrador,2024/8/1,Wholesale and retail trade,41.8,37.7,20.91,0.9019138755980862,15.6,1041471,163.1,546869
Newfoundland and Labrador,2024/9/1,Wholesale and retail trade,40.1,36.2,22.55,0.9027431421446384,15.6,1045214,161.9,546869
Newfoundland and Labrador,2024/10/1,Wholesale and retail trade,41,36.6,22.7,0.8926829268292683,15.6,1040807,161.9,548402
Newfoundland and Labrador,2024/11/1,Wholesale and retail trade,42.4,37.8,22.39,0.8915094339622641,15.6,1048813,162.1,548402
Newfoundland and Labrador,2024/12/1,Wholesale and retail trade,42.1,37.4,22.61,0.8883610451306413,15.6,1046473,160.7,548402
Newfoundland and Labrador,2025/1/1,Wholesale and retail trade,41.5,34.6,22.17,0.8337349397590362,15.6,1082740,161,548842
Newfoundland and Labrador,2025/2/1,Wholesale and retail trade,40.5,35.7,23.02,0.8814814814814815,15.6,1079248,162.5,548842
Newfoundland and Labrador,2025/3/1,Wholesale and retail trade,41.3,35.7,24.22,0.8644067796610171,15.6,1082881,163.6,548842
Newfoundland and Labrador,2025/4/1,Wholesale and retail trade,41.1,36.4,24.14,0.8856447688564476,16,1070414,163,549456
Newfoundland and Labrador,2025/5/1,Wholesale and retail trade,43.6,40,23.69,0.9174311926605504,16,1054491,163.5,549456
Newfoundland and Labrador,2025/6/1,Wholesale and retail trade,42.2,38.8,24.78,0.9194312796208528,16,1067214,164.4,549456
Newfoundland and Labrador,2025/7/1,Wholesale and retail trade,42.1,39.3,25.01,0.9334916864608076,16,1005627,165.7,549911
Newfoundland and Labrador,2025/8/1,Wholesale and retail trade,41.7,39,24.09,0.935251798561151,16,1057325,165.3,549911
Newfoundland and Labrador,2025/9/1,Wholesale and retail trade,39.5,36.5,24.74,0.9240506329113924,16,,165.2,549911
Nova Scotia,2022/1/1,Accommodation and food services,,,,,12.95,,,
Nova Scotia,2022/2/1,Accommodation and food services,,,,,12.95,,,
Nova Scotia,2022/3/1,Accommodation and food services,,,,,12.95,,,
Nova Scotia,2022/4/1,Accommodation and food services,,,,,13.35,,,
Nova Scotia,2022/5/1,Accommodation and food services,,,,,13.35,,,
Nova Scotia,2022/6/1,Accommodation and food services,,,,,13.35,,,
Nova Scotia,2022/7/1,Accommodation and food services,,,,,13.35,,,
Nova Scotia,2022/8/1,Accommodation and food services,,,,,13.35,,,
Nova Scotia,2022/9/1,Accommodation and food services,,,,,13.35,,,
Nova Scotia,2022/10/1,Accommodation and food services,,,,,13.6,,,
Nova Scotia,2022/11/1,Accommodation and food services,,,,,13.6,,,
Nova Scotia,2022/12/1,Accommodation and food services,,,,,13.6,,,
Nova Scotia,2023/1/1,Accommodation and food services,29.3,25.5,16.24,0.8703071672354948,13.6,1765296,157.3,1036868
Nova Scotia,2023/2/1,Accommodation and food services,30.4,26.4,16.18,0.868421052631579,13.6,1769132,158.4,1036868
Nova Scotia,2023/3/1,Accommodation and food services,31.1,27,16.99,0.8681672025723473,13.6,1722557,158.4,1036868
Nova Scotia,2023/4/1,Accommodation and food services,32.3,28.4,16.39,0.8792569659442725,14.5,1825177,159.3,1043723
Nova Scotia,2023/5/1,Accommodation and food services,32.8,28.6,16.9,0.8719512195121952,14.5,1769330,158.8,1043723
Nova Scotia,2023/6/1,Accommodation and food services,33.3,28.7,18.06,0.8618618618618619,14.5,1776106,159.4,1043723
Nova Scotia,2023/7/1,Accommodation and food services,35.4,29.6,18.46,0.8361581920903955,14.5,1738759,162.1,1053005
Nova Scotia,2023/8/1,Accommodation and food services,34,29.9,18.24,0.8794117647058823,14.5,1762120,163,1053005
Nova Scotia,2023/9/1,Accommodation and food services,32.8,28.4,18.96,0.8658536585365854,14.5,1785495,162.7,1053005
Nova Scotia,2023/10/1,Accommodation and food services,33.3,29.3,19.41,0.8798798798798799,15,1787344,162.2,1062825
Nova Scotia,2023/11/1,Accommodation and food services,32.6,28.7,18.87,0.8803680981595091,15,1772553,162.5,1062825
Nova Scotia,2023/12/1,Accommodation and food services,34.4,29.8,18.85,0.866279069767442,15,1793017,162.1,1062825
Nova Scotia,2024/1/1,Accommodation and food services,33.6,27.3,18.14,0.8125,15,1824661,162,1067878
Nova Scotia,2024/2/1,Accommodation and food services,33.7,28.8,18.64,0.8545994065281899,15,1827400,162.8,1067878
Nova Scotia,2024/3/1,Accommodation and food services,34.1,29.9,17.92,0.87683284457478,15,1809979,163.7,1067878
Nova Scotia,2024/4/1,Accommodation and food services,37.6,32.1,18.35,0.8537234042553191,15.2,1805520,164.3,1074020
Nova Scotia,2024/5/1,Accommodation and food services,37.8,31.8,18.57,0.8412698412698414,15.2,1803368,164.7,1074020
Nova Scotia,2024/6/1,Accommodation and food services,40.4,35.9,18.73,0.8886138613861386,15.2,1769754,165,1074020
Nova Scotia,2024/7/1,Accommodation and food services,39,35.5,18.46,0.9102564102564102,15.2,1794966,165.9,1082769
Nova Scotia,2024/8/1,Accommodation and food services,42.5,37.1,18.31,0.8729411764705882,15.2,1812653,165,1082769
Nova Scotia,2024/9/1,Accommodation and food services,39.8,36.3,19.38,0.9120603015075376,15.2,1807941,164.1,1082769
Nova Scotia,2024/10/1,Accommodation and food services,37.8,34.7,19.23,0.917989417989418,15.2,1844270,164.6,1088273
Nova Scotia,2024/11/1,Accommodation and food services,37.9,34.7,19.82,0.9155672823219,15.2,1831727,165.2,1088273
Nova Scotia,2024/12/1,Accommodation and food services,37.1,33.9,19.26,0.9137466307277629,15.2,1874135,163.6,1088273
Nova Scotia,2025/1/1,Accommodation and food services,36.5,32.6,19.94,0.8931506849315068,15.2,1900957,164.1,1089187
Nova Scotia,2025/2/1,Accommodation and food services,37.3,32.3,19.93,0.8659517426273459,15.2,1851739,166.3,1089187
Nova Scotia,2025/3/1,Accommodation and food services,34.5,30.7,19.42,0.889855072463768,15.2,1903276,167.4,1089187
Nova Scotia,2025/4/1,Accommodation and food services,35,29.4,19.04,0.84,15.7,1874274,166.5,1091037
Nova Scotia,2025/5/1,Accommodation and food services,35.8,31.4,18.97,0.8770949720670391,15.7,1874101,166.9,1091037
Nova Scotia,2025/6/1,Accommodation and food services,34.4,28.7,20.11,0.8343023255813954,15.7,1848243,167.7,1091037
Nova Scotia,2025/7/1,Accommodation and food services,34.4,30.6,19.31,0.8895348837209303,15.7,1849178,168.6,1093245
Nova Scotia,2025/8/1,Accommodation and food services,34.3,29.3,19.24,0.8542274052478135,15.7,1839134,168.6,1093245
Nova Scotia,2025/9/1,Accommodation and food services,34.2,30.5,19.05,0.891812865497076,15.7,,168.6,1093245
Nova Scotia,2022/1/1,Agriculture,,,,,12.95,,,
Nova Scotia,2022/2/1,Agriculture,,,,,12.95,,,
Nova Scotia,2022/3/1,Agriculture,,,,,12.95,,,
Nova Scotia,2022/4/1,Agriculture,,,,,13.35,,,
Nova Scotia,2022/5/1,Agriculture,,,,,13.35,,,
Nova Scotia,2022/6/1,Agriculture,,,,,13.35,,,
Nova Scotia,2022/7/1,Agriculture,,,,,13.35,,,
Nova Scotia,2022/8/1,Agriculture,,,,,13.35,,,
Nova Scotia,2022/9/1,Agriculture,,,,,13.35,,,
Nova Scotia,2022/10/1,Agriculture,,,,,13.6,,,
Nova Scotia,2022/11/1,Agriculture,,,,,13.6,,,
Nova Scotia,2022/12/1,Agriculture,,,,,13.6,,,
Nova Scotia,2023/1/1,Agriculture,3.2,1.9,26.21,0.5937499999999999,13.6,1765296,157.3,1036868
Nova Scotia,2023/2/1,Agriculture,3.9,2.4,27.84,0.6153846153846154,13.6,1769132,158.4,1036868
Nova Scotia,2023/3/1,Agriculture,4.5,2.9,28.09,0.6444444444444444,13.6,1722557,158.4,1036868
Nova Scotia,2023/4/1,Agriculture,6.2,3.9,22.13,0.6290322580645161,14.5,1825177,159.3,1043723
Nova Scotia,2023/5/1,Agriculture,6.7,4.4,18.3,0.6567164179104478,14.5,1769330,158.8,1043723
Nova Scotia,2023/6/1,Agriculture,6.4,3.7,20.65,0.578125,14.5,1776106,159.4,1043723
Nova Scotia,2023/7/1,Agriculture,7.2,4.1,19.58,0.5694444444444444,14.5,1738759,162.1,1053005
Nova Scotia,2023/8/1,Agriculture,6.7,3.8,20.37,0.5671641791044776,14.5,1762120,163,1053005
Nova Scotia,2023/9/1,Agriculture,6.3,4.1,32.43,0.6507936507936507,14.5,1785495,162.7,1053005
Nova Scotia,2023/10/1,Agriculture,5.2,3.2,33.46,0.6153846153846154,15,1787344,162.2,1062825
Nova Scotia,2023/11/1,Agriculture,5.6,3.3,23.25,0.5892857142857143,15,1772553,162.5,1062825
Nova Scotia,2023/12/1,Agriculture,4.8,3,22.14,0.625,15,1793017,162.1,1062825
Nova Scotia,2024/1/1,Agriculture,3.9,1.3,20.59,0.3333333333333333,15,1824661,162,1067878
Nova Scotia,2024/2/1,Agriculture,4.9,2.2,19.11,0.4489795918367347,15,1827400,162.8,1067878
Nova Scotia,2024/3/1,Agriculture,4.5,2.4,20.57,0.5333333333333333,15,1809979,163.7,1067878
Nova Scotia,2024/4/1,Agriculture,3.9,2,18.53,0.5128205128205129,15.2,1805520,164.3,1074020
Nova Scotia,2024/5/1,Agriculture,3.5,1.8,20.63,0.5142857142857143,15.2,1803368,164.7,1074020
Nova Scotia,2024/6/1,Agriculture,3.8,2,22.29,0.5263157894736842,15.2,1769754,165,1074020
Nova Scotia,2024/7/1,Agriculture,4.5,2.5,19.61,0.5555555555555556,15.2,1794966,165.9,1082769
Nova Scotia,2024/8/1,Agriculture,3.7,1.4,19.57,0.3783783783783783,15.2,1812653,165,1082769
Nova Scotia,2024/9/1,Agriculture,3.6,1.5,19.21,0.4166666666666666,15.2,1807941,164.1,1082769
Nova Scotia,2024/10/1,Agriculture,3.5,1.9,20.44,0.5428571428571428,15.2,1844270,164.6,1088273
Nova Scotia,2024/11/1,Agriculture,3.9,1.8,28.63,0.4615384615384615,15.2,1831727,165.2,1088273
Nova Scotia,2024/12/1,Agriculture,4.8,2.1,32.41,0.4375,15.2,1874135,163.6,1088273
Nova Scotia,2025/1/1,Agriculture,4.8,1.8,20.47,0.375,15.2,1900957,164.1,1089187
Nova Scotia,2025/2/1,Agriculture,3.4,1,21.94,0.2941176470588235,15.2,1851739,166.3,1089187
Nova Scotia,2025/3/1,Agriculture,3.2,1.3,18.12,0.40625,15.2,1903276,167.4,1089187
Nova Scotia,2025/4/1,Agriculture,2.9,1.1,19.05,0.3793103448275862,15.7,1874274,166.5,1091037
Nova Scotia,2025/5/1,Agriculture,3.6,2.1,18.97,0.5833333333333334,15.7,1874101,166.9,1091037
Nova Scotia,2025/6/1,Agriculture,4.1,2.6,20.77,0.6341463414634148,15.7,1848243,167.7,1091037
Nova Scotia,2025/7/1,Agriculture,5.1,2.7,23,0.5294117647058825,15.7,1849178,168.6,1093245
Nova Scotia,2025/8/1,Agriculture,4.9,3.7,20.28,0.7551020408163265,15.7,1839134,168.6,1093245
Nova Scotia,2025/9/1,Agriculture,3.8,3,20.43,0.7894736842105263,15.7,,168.6,1093245
Nova Scotia,2022/1/1,"Business, building and other support services",,,,,12.95,,,
Nova Scotia,2022/2/1,"Business, building and other support services",,,,,12.95,,,
Nova Scotia,2022/3/1,"Business, building and other support services",,,,,12.95,,,
Nova Scotia,2022/4/1,"Business, building and other support services",,,,,13.35,,,
Nova Scotia,2022/5/1,"Business, building and other support services",,,,,13.35,,,
Nova Scotia,2022/6/1,"Business, building and other support services",,,,,13.35,,,
Nova Scotia,2022/7/1,"Business, building and other support services",,,,,13.35,,,
Nova Scotia,2022/8/1,"Business, building and other support services",,,,,13.35,,,
Nova Scotia,2022/9/1,"Business, building and other support services",,,,,13.35,,,
Nova Scotia,2022/10/1,"Business, building and other support services",,,,,13.6,,,
Nova Scotia,2022/11/1,"Business, building and other support services",,,,,13.6,,,
Nova Scotia,2022/12/1,"Business, building and other support services",,,,,13.6,,,
Nova Scotia,2023/1/1,"Business, building and other support services",18.3,14.2,22.87,0.7759562841530054,13.6,1765296,157.3,1036868
Nova Scotia,2023/2/1,"Business, building and other support services",18.6,13.5,24.16,0.7258064516129031,13.6,1769132,158.4,1036868
Nova Scotia,2023/3/1,"Business, building and other support services",18.3,13.6,23.41,0.7431693989071038,13.6,1722557,158.4,1036868
Nova Scotia,2023/4/1,"Business, building and other support services",19.1,15.2,21.22,0.7958115183246073,14.5,1825177,159.3,1043723
Nova Scotia,2023/5/1,"Business, building and other support services",19.9,16,24.22,0.8040201005025126,14.5,1769330,158.8,1043723
Nova Scotia,2023/6/1,"Business, building and other support services",19,15.1,22.01,0.7947368421052632,14.5,1776106,159.4,1043723
Nova Scotia,2023/7/1,"Business, building and other support services",18.4,13.4,20.29,0.7282608695652175,14.5,1738759,162.1,1053005
Nova Scotia,2023/8/1,"Business, building and other support services",19.8,16.2,19.51,0.8181818181818181,14.5,1762120,163,1053005
Nova Scotia,2023/9/1,"Business, building and other support services",20.5,16.1,19.92,0.7853658536585366,14.5,1785495,162.7,1053005
Nova Scotia,2023/10/1,"Business, building and other support services",19.1,14.9,20.22,0.7801047120418848,15,1787344,162.2,1062825
Nova Scotia,2023/11/1,"Business, building and other support services",20.3,13.4,20.96,0.6600985221674877,15,1772553,162.5,1062825
Nova Scotia,2023/12/1,"Business, building and other support services",19.4,14.3,21.15,0.7371134020618557,15,1793017,162.1,1062825
Nova Scotia,2024/1/1,"Business, building and other support services",19.7,13.5,20.32,0.6852791878172589,15,1824661,162,1067878
Nova Scotia,2024/2/1,"Business, building and other support services",20.5,14.3,22.12,0.6975609756097562,15,1827400,162.8,1067878
Nova Scotia,2024/3/1,"Business, building and other support services",19.6,13.9,20.75,0.7091836734693877,15,1809979,163.7,1067878
Nova Scotia,2024/4/1,"Business, building and other support services",19.2,13.8,21.91,0.7187500000000001,15.2,1805520,164.3,1074020
Nova Scotia,2024/5/1,"Business, building and other support services",18.8,13.7,21.78,0.7287234042553191,15.2,1803368,164.7,1074020
Nova Scotia,2024/6/1,"Business, building and other support services",18.6,14.7,22.6,0.7903225806451611,15.2,1769754,165,1074020
Nova Scotia,2024/7/1,"Business, building and other support services",17.7,14,24.43,0.7909604519774012,15.2,1794966,165.9,1082769
Nova Scotia,2024/8/1,"Business, building and other support services",18.5,13.5,23.27,0.7297297297297297,15.2,1812653,165,1082769
Nova Scotia,2024/9/1,"Business, building and other support services",16.8,13.2,25.17,0.7857142857142856,15.2,1807941,164.1,1082769
Nova Scotia,2024/10/1,"Business, building and other support services",16.4,11.8,24.73,0.7195121951219513,15.2,1844270,164.6,1088273
Nova Scotia,2024/11/1,"Business, building and other support services",17.3,12.2,24.98,0.7052023121387283,15.2,1831727,165.2,1088273
Nova Scotia,2024/12/1,"Business, building and other support services",19.1,13.3,23.41,0.6963350785340314,15.2,1874135,163.6,1088273
Nova Scotia,2025/1/1,"Business, building and other support services",19.9,12.7,24.63,0.6381909547738693,15.2,1900957,164.1,1089187
Nova Scotia,2025/2/1,"Business, building and other support services",20.1,12,25.3,0.5970149253731343,15.2,1851739,166.3,1089187
Nova Scotia,2025/3/1,"Business, building and other support services",20.7,14.7,23.18,0.7101449275362319,15.2,1903276,167.4,1089187
Nova Scotia,2025/4/1,"Business, building and other support services",19.5,14.9,24.15,0.7641025641025642,15.7,1874274,166.5,1091037
Nova Scotia,2025/5/1,"Business, building and other support services",20.9,15.1,23.52,0.722488038277512,15.7,1874101,166.9,1091037
Nova Scotia,2025/6/1,"Business, building and other support services",18.9,15.5,23.12,0.8201058201058201,15.7,1848243,167.7,1091037
Nova Scotia,2025/7/1,"Business, building and other support services",20.1,14.5,23.13,0.7213930348258706,15.7,1849178,168.6,1093245
Nova Scotia,2025/8/1,"Business, building and other support services",21,17.3,24.26,0.8238095238095239,15.7,1839134,168.6,1093245
Nova Scotia,2025/9/1,"Business, building and other support services",18.9,15.4,25.61,0.8148148148148149,15.7,,168.6,1093245
Nova Scotia,2022/1/1,Construction,,,,,12.95,,,
Nova Scotia,2022/2/1,Construction,,,,,12.95,,,
Nova Scotia,2022/3/1,Construction,,,,,12.95,,,
Nova Scotia,2022/4/1,Construction,,,,,13.35,,,
Nova Scotia,2022/5/1,Construction,,,,,13.35,,,
Nova Scotia,2022/6/1,Construction,,,,,13.35,,,
Nova Scotia,2022/7/1,Construction,,,,,13.35,,,
Nova Scotia,2022/8/1,Construction,,,,,13.35,,,
Nova Scotia,2022/9/1,Construction,,,,,13.35,,,
Nova Scotia,2022/10/1,Construction,,,,,13.6,,,
Nova Scotia,2022/11/1,Construction,,,,,13.6,,,
Nova Scotia,2022/12/1,Construction,,,,,13.6,,,
Nova Scotia,2023/1/1,Construction,43.9,29,26.94,0.6605922551252847,13.6,1765296,157.3,1036868
Nova Scotia,2023/2/1,Construction,44.4,27.3,28.07,0.6148648648648649,13.6,1769132,158.4,1036868
Nova Scotia,2023/3/1,Construction,41.5,26.1,29.64,0.6289156626506024,13.6,1722557,158.4,1036868
Nova Scotia,2023/4/1,Construction,41.1,26.3,29.55,0.6399026763990268,14.5,1825177,159.3,1043723
Nova Scotia,2023/5/1,Construction,41.6,28.7,29.47,0.6899038461538461,14.5,1769330,158.8,1043723
Nova Scotia,2023/6/1,Construction,41.2,29.9,28.92,0.7257281553398057,14.5,1776106,159.4,1043723
Nova Scotia,2023/7/1,Construction,41.2,30.4,28.75,0.7378640776699028,14.5,1738759,162.1,1053005
Nova Scotia,2023/8/1,Construction,41.1,31,28.31,0.754257907542579,14.5,1762120,163,1053005
Nova Scotia,2023/9/1,Construction,40,28.7,28.97,0.7175,14.5,1785495,162.7,1053005
Nova Scotia,2023/10/1,Construction,41,31.1,29.83,0.7585365853658537,15,1787344,162.2,1062825
Nova Scotia,2023/11/1,Construction,40.4,31.9,30.07,0.7896039603960396,15,1772553,162.5,1062825
Nova Scotia,2023/12/1,Construction,40.5,28.9,30.15,0.7135802469135802,15,1793017,162.1,1062825
Nova Scotia,2024/1/1,Construction,41.1,28.8,30.38,0.7007299270072993,15,1824661,162,1067878
Nova Scotia,2024/2/1,Construction,40.7,28.6,31.12,0.7027027027027027,15,1827400,162.8,1067878
Nova Scotia,2024/3/1,Construction,41.9,30.1,30.76,0.7183770883054893,15,1809979,163.7,1067878
Nova Scotia,2024/4/1,Construction,43,31.3,31.29,0.727906976744186,15.2,1805520,164.3,1074020
Nova Scotia,2024/5/1,Construction,43.4,31.8,30.76,0.7327188940092166,15.2,1803368,164.7,1074020
Nova Scotia,2024/6/1,Construction,44,34,30.66,0.7727272727272727,15.2,1769754,165,1074020
Nova Scotia,2024/7/1,Construction,47.1,37.6,30.82,0.7983014861995754,15.2,1794966,165.9,1082769
Nova Scotia,2024/8/1,Construction,46.8,36.7,30.75,0.7841880341880343,15.2,1812653,165,1082769
Nova Scotia,2024/9/1,Construction,46.9,37.4,29.93,0.7974413646055437,15.2,1807941,164.1,1082769
Nova Scotia,2024/10/1,Construction,49.1,40.5,29.74,0.824847250509165,15.2,1844270,164.6,1088273
Nova Scotia,2024/11/1,Construction,49.9,40.7,30.39,0.8156312625250501,15.2,1831727,165.2,1088273
Nova Scotia,2024/12/1,Construction,48,37.1,30.73,0.7729166666666667,15.2,1874135,163.6,1088273
Nova Scotia,2025/1/1,Construction,43.4,33.2,31.14,0.7649769585253458,15.2,1900957,164.1,1089187
Nova Scotia,2025/2/1,Construction,45.9,33.8,32.19,0.7363834422657952,15.2,1851739,166.3,1089187
Nova Scotia,2025/3/1,Construction,43.9,32.1,32.14,0.7312072892938497,15.2,1903276,167.4,1089187
Nova Scotia,2025/4/1,Construction,43.9,28.9,29.93,0.6583143507972665,15.7,1874274,166.5,1091037
Nova Scotia,2025/5/1,Construction,45.1,33.1,30.52,0.7339246119733924,15.7,1874101,166.9,1091037
Nova Scotia,2025/6/1,Construction,47.5,34.4,29.85,0.7242105263157894,15.7,1848243,167.7,1091037
Nova Scotia,2025/7/1,Construction,48.6,35.7,30.55,0.7345679012345679,15.7,1849178,168.6,1093245
Nova Scotia,2025/8/1,Construction,50.5,37.4,30.42,0.7405940594059406,15.7,1839134,168.6,1093245
Nova Scotia,2025/9/1,Construction,48.4,37.8,31,0.78099173553719,15.7,,168.6,1093245
Nova Scotia,2022/1/1,Educational services,,,,,12.95,,,
Nova Scotia,2022/2/1,Educational services,,,,,12.95,,,
Nova Scotia,2022/3/1,Educational services,,,,,12.95,,,
Nova Scotia,2022/4/1,Educational services,,,,,13.35,,,
Nova Scotia,2022/5/1,Educational services,,,,,13.35,,,
Nova Scotia,2022/6/1,Educational services,,,,,13.35,,,
Nova Scotia,2022/7/1,Educational services,,,,,13.35,,,
Nova Scotia,2022/8/1,Educational services,,,,,13.35,,,
Nova Scotia,2022/9/1,Educational services,,,,,13.35,,,
Nova Scotia,2022/10/1,Educational services,,,,,13.6,,,
Nova Scotia,2022/11/1,Educational services,,,,,13.6,,,
Nova Scotia,2022/12/1,Educational services,,,,,13.6,,,
Nova Scotia,2023/1/1,Educational services,38.3,36.8,31.56,0.9608355091383812,13.6,1765296,157.3,1036868
Nova Scotia,2023/2/1,Educational services,40.2,38.5,31.49,0.9577114427860696,13.6,1769132,158.4,1036868
Nova Scotia,2023/3/1,Educational services,41.5,39.1,33.16,0.9421686746987952,13.6,1722557,158.4,1036868
Nova Scotia,2023/4/1,Educational services,40.7,39.3,32.8,0.9656019656019654,14.5,1825177,159.3,1043723
Nova Scotia,2023/5/1,Educational services,41.7,38.8,32.07,0.9304556354916066,14.5,1769330,158.8,1043723
Nova Scotia,2023/6/1,Educational services,40.6,37.9,32.87,0.9334975369458128,14.5,1776106,159.4,1043723
Nova Scotia,2023/7/1,Educational services,38.8,31.6,35.06,0.8144329896907218,14.5,1738759,162.1,1053005
Nova Scotia,2023/8/1,Educational services,39.5,30.9,34.16,0.7822784810126582,14.5,1762120,163,1053005
Nova Scotia,2023/9/1,Educational services,42.2,39.5,33.97,0.9360189573459716,14.5,1785495,162.7,1053005
Nova Scotia,2023/10/1,Educational services,42.5,40.6,34.23,0.9552941176470588,15,1787344,162.2,1062825
Nova Scotia,2023/11/1,Educational services,40.5,39.6,34.29,0.977777777777778,15,1772553,162.5,1062825
Nova Scotia,2023/12/1,Educational services,42.1,41,34.21,0.9738717339667458,15,1793017,162.1,1062825
Nova Scotia,2024/1/1,Educational services,44.7,43.5,34.24,0.9731543624161072,15,1824661,162,1067878
Nova Scotia,2024/2/1,Educational services,46,42.6,33.42,0.9260869565217392,15,1827400,162.8,1067878
Nova Scotia,2024/3/1,Educational services,44.1,41.3,32.52,0.9365079365079364,15,1809979,163.7,1067878
Nova Scotia,2024/4/1,Educational services,45.5,43,34.33,0.945054945054945,15.2,1805520,164.3,1074020
Nova Scotia,2024/5/1,Educational services,46,42.8,33.49,0.9304347826086956,15.2,1803368,164.7,1074020
Nova Scotia,2024/6/1,Educational services,46.1,43.1,34.84,0.9349240780911064,15.2,1769754,165,1074020
Nova Scotia,2024/7/1,Educational services,37.5,31.7,36.33,0.8453333333333333,15.2,1794966,165.9,1082769
Nova Scotia,2024/8/1,Educational services,40.3,32.7,37.8,0.8114143920595535,15.2,1812653,165,1082769
Nova Scotia,2024/9/1,Educational services,45.4,43.5,35.35,0.9581497797356828,15.2,1807941,164.1,1082769
Nova Scotia,2024/10/1,Educational services,47.3,45.1,33.97,0.9534883720930234,15.2,1844270,164.6,1088273
Nova Scotia,2024/11/1,Educational services,48.1,45.9,35,0.9542619542619544,15.2,1831727,165.2,1088273
Nova Scotia,2024/12/1,Educational services,47.3,44.3,36.52,0.9365750528541226,15.2,1874135,163.6,1088273
Nova Scotia,2025/1/1,Educational services,47.3,44.2,36.28,0.9344608879492602,15.2,1900957,164.1,1089187
Nova Scotia,2025/2/1,Educational services,48.2,44.3,35.46,0.9190871369294604,15.2,1851739,166.3,1089187
Nova Scotia,2025/3/1,Educational services,46.6,42.4,35.09,0.9098712446351932,15.2,1903276,167.4,1089187
Nova Scotia,2025/4/1,Educational services,44,41,36.31,0.9318181818181818,15.7,1874274,166.5,1091037
Nova Scotia,2025/5/1,Educational services,43.8,40.7,36.33,0.9292237442922376,15.7,1874101,166.9,1091037
Nova Scotia,2025/6/1,Educational services,42.7,40.1,36.43,0.9391100702576112,15.7,1848243,167.7,1091037
Nova Scotia,2025/7/1,Educational services,37.2,33.7,39.41,0.9059139784946236,15.7,1849178,168.6,1093245
Nova Scotia,2025/8/1,Educational services,39.6,32.6,39.49,0.8232323232323232,15.7,1839134,168.6,1093245
Nova Scotia,2025/9/1,Educational services,41.5,39.5,38.6,0.9518072289156626,15.7,,168.6,1093245
Nova Scotia,2022/1/1,"Finance, insurance, real estate, rental and leasing",,,,,12.95,,,
Nova Scotia,2022/2/1,"Finance, insurance, real estate, rental and leasing",,,,,12.95,,,
Nova Scotia,2022/3/1,"Finance, insurance, real estate, rental and leasing",,,,,12.95,,,
Nova Scotia,2022/4/1,"Finance, insurance, real estate, rental and leasing",,,,,13.35,,,
Nova Scotia,2022/5/1,"Finance, insurance, real estate, rental and leasing",,,,,13.35,,,
Nova Scotia,2022/6/1,"Finance, insurance, real estate, rental and leasing",,,,,13.35,,,
Nova Scotia,2022/7/1,"Finance, insurance, real estate, rental and leasing",,,,,13.35,,,
Nova Scotia,2022/8/1,"Finance, insurance, real estate, rental and leasing",,,,,13.35,,,
Nova Scotia,2022/9/1,"Finance, insurance, real estate, rental and leasing",,,,,13.35,,,
Nova Scotia,2022/10/1,"Finance, insurance, real estate, rental and leasing",,,,,13.6,,,
Nova Scotia,2022/11/1,"Finance, insurance, real estate, rental and leasing",,,,,13.6,,,
Nova Scotia,2022/12/1,"Finance, insurance, real estate, rental and leasing",,,,,13.6,,,
Nova Scotia,2023/1/1,"Finance, insurance, real estate, rental and leasing",29.7,25.5,32.68,0.8585858585858586,13.6,1765296,157.3,1036868
Nova Scotia,2023/2/1,"Finance, insurance, real estate, rental and leasing",29.2,25.3,33.42,0.8664383561643836,13.6,1769132,158.4,1036868
Nova Scotia,2023/3/1,"Finance, insurance, real estate, rental and leasing",29.8,26.2,32.15,0.8791946308724832,13.6,1722557,158.4,1036868
Nova Scotia,2023/4/1,"Finance, insurance, real estate, rental and leasing",30.6,25.4,31.71,0.8300653594771241,14.5,1825177,159.3,1043723
Nova Scotia,2023/5/1,"Finance, insurance, real estate, rental and leasing",30.2,23.3,30.77,0.7715231788079471,14.5,1769330,158.8,1043723
Nova Scotia,2023/6/1,"Finance, insurance, real estate, rental and leasing",31.3,24.4,30.5,0.779552715654952,14.5,1776106,159.4,1043723
Nova Scotia,2023/7/1,"Finance, insurance, real estate, rental and leasing",30.4,24.9,32.8,0.819078947368421,14.5,1738759,162.1,1053005
Nova Scotia,2023/8/1,"Finance, insurance, real estate, rental and leasing",30.4,25.5,33.81,0.8388157894736843,14.5,1762120,163,1053005
Nova Scotia,2023/9/1,"Finance, insurance, real estate, rental and leasing",30.8,25.6,34.7,0.8311688311688312,14.5,1785495,162.7,1053005
Nova Scotia,2023/10/1,"Finance, insurance, real estate, rental and leasing",31.4,26.3,34.46,0.8375796178343949,15,1787344,162.2,1062825
Nova Scotia,2023/11/1,"Finance, insurance, real estate, rental and leasing",31.9,27.6,34.9,0.865203761755486,15,1772553,162.5,1062825
Nova Scotia,2023/12/1,"Finance, insurance, real estate, rental and leasing",32.4,28,32.24,0.8641975308641976,15,1793017,162.1,1062825
Nova Scotia,2024/1/1,"Finance, insurance, real estate, rental and leasing",33.5,28.8,32.27,0.8597014925373134,15,1824661,162,1067878
Nova Scotia,2024/2/1,"Finance, insurance, real estate, rental and leasing",32.5,27.4,31.83,0.8430769230769231,15,1827400,162.8,1067878
Nova Scotia,2024/3/1,"Finance, insurance, real estate, rental and leasing",32.8,28.3,31.64,0.8628048780487806,15,1809979,163.7,1067878
Nova Scotia,2024/4/1,"Finance, insurance, real estate, rental and leasing",32.5,28.7,32.53,0.8830769230769231,15.2,1805520,164.3,1074020
Nova Scotia,2024/5/1,"Finance, insurance, real estate, rental and leasing",32.2,28.1,34.02,0.8726708074534161,15.2,1803368,164.7,1074020
Nova Scotia,2024/6/1,"Finance, insurance, real estate, rental and leasing",32.1,27.1,33.7,0.8442367601246106,15.2,1769754,165,1074020
Nova Scotia,2024/7/1,"Finance, insurance, real estate, rental and leasing",29.3,23.9,34.63,0.8156996587030716,15.2,1794966,165.9,1082769
Nova Scotia,2024/8/1,"Finance, insurance, real estate, rental and leasing",30.5,26.7,33.75,0.8754098360655738,15.2,1812653,165,1082769
Nova Scotia,2024/9/1,"Finance, insurance, real estate, rental and leasing",28.9,24,34.26,0.8304498269896194,15.2,1807941,164.1,1082769
Nova Scotia,2024/10/1,"Finance, insurance, real estate, rental and leasing",30,23.8,32.17,0.7933333333333333,15.2,1844270,164.6,1088273
Nova Scotia,2024/11/1,"Finance, insurance, real estate, rental and leasing",29.9,23.5,34.04,0.7859531772575251,15.2,1831727,165.2,1088273
Nova Scotia,2024/12/1,"Finance, insurance, real estate, rental and leasing",30.8,24.3,32.13,0.788961038961039,15.2,1874135,163.6,1088273
Nova Scotia,2025/1/1,"Finance, insurance, real estate, rental and leasing",29.5,24.5,35.17,0.8305084745762712,15.2,1900957,164.1,1089187
Nova Scotia,2025/2/1,"Finance, insurance, real estate, rental and leasing",29.3,24.7,34.39,0.8430034129692833,15.2,1851739,166.3,1089187
Nova Scotia,2025/3/1,"Finance, insurance, real estate, rental and leasing",30.6,27.2,35.94,0.8888888888888888,15.2,1903276,167.4,1089187
Nova Scotia,2025/4/1,"Finance, insurance, real estate, rental and leasing",30.9,26.4,34.19,0.8543689320388349,15.7,1874274,166.5,1091037
Nova Scotia,2025/5/1,"Finance, insurance, real estate, rental and leasing",31.1,26.2,33.67,0.8424437299035369,15.7,1874101,166.9,1091037
Nova Scotia,2025/6/1,"Finance, insurance, real estate, rental and leasing",32.2,27.2,36.11,0.8447204968944099,15.7,1848243,167.7,1091037
Nova Scotia,2025/7/1,"Finance, insurance, real estate, rental and leasing",32,27.3,36.84,0.853125,15.7,1849178,168.6,1093245
Nova Scotia,2025/8/1,"Finance, insurance, real estate, rental and leasing",30.9,26.7,37.59,0.8640776699029127,15.7,1839134,168.6,1093245
Nova Scotia,2025/9/1,"Finance, insurance, real estate, rental and leasing",29.6,24.5,40.59,0.8277027027027026,15.7,,168.6,1093245
Nova Scotia,2022/1/1,"Forestry, fishing, mining, quarrying, oil and gas",,,,,12.95,,,
Nova Scotia,2022/2/1,"Forestry, fishing, mining, quarrying, oil and gas",,,,,12.95,,,
Nova Scotia,2022/3/1,"Forestry, fishing, mining, quarrying, oil and gas",,,,,12.95,,,
Nova Scotia,2022/4/1,"Forestry, fishing, mining, quarrying, oil and gas",,,,,13.35,,,
Nova Scotia,2022/5/1,"Forestry, fishing, mining, quarrying, oil and gas",,,,,13.35,,,
Nova Scotia,2022/6/1,"Forestry, fishing, mining, quarrying, oil and gas",,,,,13.35,,,
Nova Scotia,2022/7/1,"Forestry, fishing, mining, quarrying, oil and gas",,,,,13.35,,,
Nova Scotia,2022/8/1,"Forestry, fishing, mining, quarrying, oil and gas",,,,,13.35,,,
Nova Scotia,2022/9/1,"Forestry, fishing, mining, quarrying, oil and gas",,,,,13.35,,,
Nova Scotia,2022/10/1,"Forestry, fishing, mining, quarrying, oil and gas",,,,,13.6,,,
Nova Scotia,2022/11/1,"Forestry, fishing, mining, quarrying, oil and gas",,,,,13.6,,,
Nova Scotia,2022/12/1,"Forestry, fishing, mining, quarrying, oil and gas",,,,,13.6,,,
Nova Scotia,2023/1/1,"Forestry, fishing, mining, quarrying, oil and gas",13,6.5,33.03,0.5,13.6,1765296,157.3,1036868
Nova Scotia,2023/2/1,"Forestry, fishing, mining, quarrying, oil and gas",12.7,7.1,34.34,0.5590551181102362,13.6,1769132,158.4,1036868
Nova Scotia,2023/3/1,"Forestry, fishing, mining, quarrying, oil and gas",13,6.2,30.27,0.4769230769230769,13.6,1722557,158.4,1036868
Nova Scotia,2023/4/1,"Forestry, fishing, mining, quarrying, oil and gas",13,6.1,27.65,0.4692307692307692,14.5,1825177,159.3,1043723
Nova Scotia,2023/5/1,"Forestry, fishing, mining, quarrying, oil and gas",14.4,10.8,31.76,0.75,14.5,1769330,158.8,1043723
Nova Scotia,2023/6/1,"Forestry, fishing, mining, quarrying, oil and gas",14.4,9.6,31.11,0.6666666666666666,14.5,1776106,159.4,1043723
Nova Scotia,2023/7/1,"Forestry, fishing, mining, quarrying, oil and gas",13.9,7.5,32.17,0.539568345323741,14.5,1738759,162.1,1053005
Nova Scotia,2023/8/1,"Forestry, fishing, mining, quarrying, oil and gas",10.2,4.6,36.92,0.4509803921568627,14.5,1762120,163,1053005
Nova Scotia,2023/9/1,"Forestry, fishing, mining, quarrying, oil and gas",11.3,3.9,34.87,0.3451327433628318,14.5,1785495,162.7,1053005
Nova Scotia,2023/10/1,"Forestry, fishing, mining, quarrying, oil and gas",10.2,5.2,32.16,0.5098039215686275,15,1787344,162.2,1062825
Nova Scotia,2023/11/1,"Forestry, fishing, mining, quarrying, oil and gas",12.4,4.4,34.42,0.3548387096774194,15,1772553,162.5,1062825
Nova Scotia,2023/12/1,"Forestry, fishing, mining, quarrying, oil and gas",12.2,6.9,26.28,0.5655737704918034,15,1793017,162.1,1062825
Nova Scotia,2024/1/1,"Forestry, fishing, mining, quarrying, oil and gas",11.5,6.2,29.15,0.5391304347826087,15,1824661,162,1067878
Nova Scotia,2024/2/1,"Forestry, fishing, mining, quarrying, oil and gas",12.2,6.9,25.25,0.5655737704918034,15,1827400,162.8,1067878
Nova Scotia,2024/3/1,"Forestry, fishing, mining, quarrying, oil and gas",11.5,6.7,30.95,0.5826086956521739,15,1809979,163.7,1067878
Nova Scotia,2024/4/1,"Forestry, fishing, mining, quarrying, oil and gas",14.4,10.1,30.52,0.7013888888888888,15.2,1805520,164.3,1074020
Nova Scotia,2024/5/1,"Forestry, fishing, mining, quarrying, oil and gas",16.2,13.4,29.8,0.8271604938271605,15.2,1803368,164.7,1074020
Nova Scotia,2024/6/1,"Forestry, fishing, mining, quarrying, oil and gas",13.4,8,29.47,0.5970149253731343,15.2,1769754,165,1074020
Nova Scotia,2024/7/1,"Forestry, fishing, mining, quarrying, oil and gas",14,8.1,26.7,0.5785714285714285,15.2,1794966,165.9,1082769
Nova Scotia,2024/8/1,"Forestry, fishing, mining, quarrying, oil and gas",12.7,7.7,31.96,0.6062992125984252,15.2,1812653,165,1082769
Nova Scotia,2024/9/1,"Forestry, fishing, mining, quarrying, oil and gas",12.6,6.7,32.5,0.5317460317460317,15.2,1807941,164.1,1082769
Nova Scotia,2024/10/1,"Forestry, fishing, mining, quarrying, oil and gas",11.7,6.6,34.04,0.5641025641025641,15.2,1844270,164.6,1088273
Nova Scotia,2024/11/1,"Forestry, fishing, mining, quarrying, oil and gas",11.4,5.3,39.68,0.4649122807017543,15.2,1831727,165.2,1088273
Nova Scotia,2024/12/1,"Forestry, fishing, mining, quarrying, oil and gas",14,8.3,34.21,0.5928571428571429,15.2,1874135,163.6,1088273
Nova Scotia,2025/1/1,"Forestry, fishing, mining, quarrying, oil and gas",12.3,6.9,29.02,0.5609756097560975,15.2,1900957,164.1,1089187
Nova Scotia,2025/2/1,"Forestry, fishing, mining, quarrying, oil and gas",11.1,6.9,27.86,0.6216216216216217,15.2,1851739,166.3,1089187
Nova Scotia,2025/3/1,"Forestry, fishing, mining, quarrying, oil and gas",13.1,8.1,29.9,0.6183206106870229,15.2,1903276,167.4,1089187
Nova Scotia,2025/4/1,"Forestry, fishing, mining, quarrying, oil and gas",15.4,9.3,28.45,0.6038961038961039,15.7,1874274,166.5,1091037
Nova Scotia,2025/5/1,"Forestry, fishing, mining, quarrying, oil and gas",17.1,12.2,28.16,0.7134502923976607,15.7,1874101,166.9,1091037
Nova Scotia,2025/6/1,"Forestry, fishing, mining, quarrying, oil and gas",15,11,28.83,0.7333333333333333,15.7,1848243,167.7,1091037
Nova Scotia,2025/7/1,"Forestry, fishing, mining, quarrying, oil and gas",14.1,8.6,29.36,0.6099290780141844,15.7,1849178,168.6,1093245
Nova Scotia,2025/8/1,"Forestry, fishing, mining, quarrying, oil and gas",12.3,7.1,28.96,0.5772357723577235,15.7,1839134,168.6,1093245
Nova Scotia,2025/9/1,"Forestry, fishing, mining, quarrying, oil and gas",11.8,6.7,28.43,0.5677966101694915,15.7,,168.6,1093245
Nova Scotia,2022/1/1,Goods-producing sector,,,,,12.95,,,
Nova Scotia,2022/2/1,Goods-producing sector,,,,,12.95,,,
Nova Scotia,2022/3/1,Goods-producing sector,,,,,12.95,,,
Nova Scotia,2022/4/1,Goods-producing sector,,,,,13.35,,,
Nova Scotia,2022/5/1,Goods-producing sector,,,,,13.35,,,
Nova Scotia,2022/6/1,Goods-producing sector,,,,,13.35,,,
Nova Scotia,2022/7/1,Goods-producing sector,,,,,13.35,,,
Nova Scotia,2022/8/1,Goods-producing sector,,,,,13.35,,,
Nova Scotia,2022/9/1,Goods-producing sector,,,,,13.35,,,
Nova Scotia,2022/10/1,Goods-producing sector,,,,,13.6,,,
Nova Scotia,2022/11/1,Goods-producing sector,,,,,13.6,,,
Nova Scotia,2022/12/1,Goods-producing sector,,,,,13.6,,,
Nova Scotia,2023/1/1,Goods-producing sector,100,74.2,28.58,0.742,13.6,1765296,157.3,1036868
Nova Scotia,2023/2/1,Goods-producing sector,103.5,75.1,29.22,0.7256038647342995,13.6,1769132,158.4,1036868
Nova Scotia,2023/3/1,Goods-producing sector,101.3,74.5,29.46,0.7354392892398816,13.6,1722557,158.4,1036868
Nova Scotia,2023/4/1,Goods-producing sector,103.6,75.5,28.85,0.7287644787644788,14.5,1825177,159.3,1043723
Nova Scotia,2023/5/1,Goods-producing sector,104.7,83.5,28.98,0.7975167144221585,14.5,1769330,158.8,1043723
Nova Scotia,2023/6/1,Goods-producing sector,106.7,84.4,29.17,0.7910028116213683,14.5,1776106,159.4,1043723
Nova Scotia,2023/7/1,Goods-producing sector,108.9,84.9,29.48,0.7796143250688705,14.5,1738759,162.1,1053005
Nova Scotia,2023/8/1,Goods-producing sector,103.6,81.1,29.62,0.7828185328185328,14.5,1762120,163,1053005
Nova Scotia,2023/9/1,Goods-producing sector,99.9,75.8,30.59,0.7587587587587586,14.5,1785495,162.7,1053005
Nova Scotia,2023/10/1,Goods-producing sector,97.7,78.1,31.37,0.7993858751279426,15,1787344,162.2,1062825
Nova Scotia,2023/11/1,Goods-producing sector,100.4,77.5,31.65,0.7719123505976095,15,1772553,162.5,1062825
Nova Scotia,2023/12/1,Goods-producing sector,99,76.5,31.53,0.7727272727272727,15,1793017,162.1,1062825
Nova Scotia,2024/1/1,Goods-producing sector,97.6,72.6,31.35,0.7438524590163934,15,1824661,162,1067878
Nova Scotia,2024/2/1,Goods-producing sector,99.8,75.3,31.73,0.7545090180360722,15,1827400,162.8,1067878
Nova Scotia,2024/3/1,Goods-producing sector,100.7,78,32.03,0.7745779543197616,15,1809979,163.7,1067878
Nova Scotia,2024/4/1,Goods-producing sector,104.8,81.9,32.38,0.7814885496183207,15.2,1805520,164.3,1074020
Nova Scotia,2024/5/1,Goods-producing sector,104.1,82.5,32.17,0.792507204610951,15.2,1803368,164.7,1074020
Nova Scotia,2024/6/1,Goods-producing sector,103,80.9,32.37,0.7854368932038835,15.2,1769754,165,1074020
Nova Scotia,2024/7/1,Goods-producing sector,107.4,85.5,31.58,0.7960893854748603,15.2,1794966,165.9,1082769
Nova Scotia,2024/8/1,Goods-producing sector,103.1,82.9,31.94,0.8040737148399613,15.2,1812653,165,1082769
Nova Scotia,2024/9/1,Goods-producing sector,103.3,83.1,31.77,0.8044530493707648,15.2,1807941,164.1,1082769
Nova Scotia,2024/10/1,Goods-producing sector,106.3,88,31.53,0.8278457196613359,15.2,1844270,164.6,1088273
Nova Scotia,2024/11/1,Goods-producing sector,106.2,86.3,32.63,0.8126177024482109,15.2,1831727,165.2,1088273
Nova Scotia,2024/12/1,Goods-producing sector,106.8,85.6,32.47,0.8014981273408239,15.2,1874135,163.6,1088273
Nova Scotia,2025/1/1,Goods-producing sector,99.7,79.6,32.42,0.7983951855566699,15.2,1900957,164.1,1089187
Nova Scotia,2025/2/1,Goods-producing sector,98.2,78.1,32.51,0.795315682281059,15.2,1851739,166.3,1089187
Nova Scotia,2025/3/1,Goods-producing sector,99.5,78.8,32.54,0.7919597989949748,15.2,1903276,167.4,1089187
Nova Scotia,2025/4/1,Goods-producing sector,101.8,77.3,31.81,0.7593320235756384,15.7,1874274,166.5,1091037
Nova Scotia,2025/5/1,Goods-producing sector,106.2,85.5,30.78,0.8050847457627118,15.7,1874101,166.9,1091037
Nova Scotia,2025/6/1,Goods-producing sector,108.3,87.9,30.48,0.8116343490304709,15.7,1848243,167.7,1091037
Nova Scotia,2025/7/1,Goods-producing sector,110,87,30.97,0.7909090909090909,15.7,1849178,168.6,1093245
Nova Scotia,2025/8/1,Goods-producing sector,109.5,87.7,30.76,0.8009132420091325,15.7,1839134,168.6,1093245
Nova Scotia,2025/9/1,Goods-producing sector,106,87.1,31.57,0.8216981132075472,15.7,,168.6,1093245
Nova Scotia,2022/1/1,Health care and social assistance,,,,,12.95,,,
Nova Scotia,2022/2/1,Health care and social assistance,,,,,12.95,,,
Nova Scotia,2022/3/1,Health care and social assistance,,,,,12.95,,,
Nova Scotia,2022/4/1,Health care and social assistance,,,,,13.35,,,
Nova Scotia,2022/5/1,Health care and social assistance,,,,,13.35,,,
Nova Scotia,2022/6/1,Health care and social assistance,,,,,13.35,,,
Nova Scotia,2022/7/1,Health care and social assistance,,,,,13.35,,,
Nova Scotia,2022/8/1,Health care and social assistance,,,,,13.35,,,
Nova Scotia,2022/9/1,Health care and social assistance,,,,,13.35,,,
Nova Scotia,2022/10/1,Health care and social assistance,,,,,13.6,,,
Nova Scotia,2022/11/1,Health care and social assistance,,,,,13.6,,,
Nova Scotia,2022/12/1,Health care and social assistance,,,,,13.6,,,
Nova Scotia,2023/1/1,Health care and social assistance,82.9,73,28.73,0.8805790108564535,13.6,1765296,157.3,1036868
Nova Scotia,2023/2/1,Health care and social assistance,82.6,72.9,28.87,0.8825665859564166,13.6,1769132,158.4,1036868
Nova Scotia,2023/3/1,Health care and social assistance,81.3,71.3,29.49,0.8769987699876999,13.6,1722557,158.4,1036868
Nova Scotia,2023/4/1,Health care and social assistance,81.9,71.4,29.81,0.8717948717948718,14.5,1825177,159.3,1043723
Nova Scotia,2023/5/1,Health care and social assistance,80.7,70.3,28.33,0.8711276332094176,14.5,1769330,158.8,1043723
Nova Scotia,2023/6/1,Health care and social assistance,82.2,71.6,28.28,0.8710462287104622,14.5,1776106,159.4,1043723
Nova Scotia,2023/7/1,Health care and social assistance,83.1,71.7,28.54,0.8628158844765343,14.5,1738759,162.1,1053005
Nova Scotia,2023/8/1,Health care and social assistance,82.5,71.5,28.98,0.8666666666666667,14.5,1762120,163,1053005
Nova Scotia,2023/9/1,Health care and social assistance,76.5,67,29.32,0.8758169934640523,14.5,1785495,162.7,1053005
Nova Scotia,2023/10/1,Health care and social assistance,78.9,68.5,29.3,0.8681875792141951,15,1787344,162.2,1062825
Nova Scotia,2023/11/1,Health care and social assistance,79.5,69.3,29.56,0.8716981132075471,15,1772553,162.5,1062825
Nova Scotia,2023/12/1,Health care and social assistance,78.1,70.3,29.57,0.9001280409731114,15,1793017,162.1,1062825
Nova Scotia,2024/1/1,Health care and social assistance,79.2,71.6,29.65,0.904040404040404,15,1824661,162,1067878
Nova Scotia,2024/2/1,Health care and social assistance,81.5,74.3,30.94,0.9116564417177914,15,1827400,162.8,1067878
Nova Scotia,2024/3/1,Health care and social assistance,82.3,76.3,31.28,0.9270959902794652,15,1809979,163.7,1067878
Nova Scotia,2024/4/1,Health care and social assistance,83.3,76.9,31.88,0.923169267707083,15.2,1805520,164.3,1074020
Nova Scotia,2024/5/1,Health care and social assistance,84,76.7,31.87,0.9130952380952382,15.2,1803368,164.7,1074020
Nova Scotia,2024/6/1,Health care and social assistance,86.6,79.6,31.86,0.9191685912240184,15.2,1769754,165,1074020
Nova Scotia,2024/7/1,Health care and social assistance,85.5,80.1,31.31,0.9368421052631578,15.2,1794966,165.9,1082769
Nova Scotia,2024/8/1,Health care and social assistance,88.3,81,31.75,0.9173272933182334,15.2,1812653,165,1082769
Nova Scotia,2024/9/1,Health care and social assistance,87.8,80.1,31.4,0.9123006833712984,15.2,1807941,164.1,1082769
Nova Scotia,2024/10/1,Health care and social assistance,85,77.4,32.26,0.9105882352941176,15.2,1844270,164.6,1088273
Nova Scotia,2024/11/1,Health care and social assistance,84.8,76.4,31.52,0.9009433962264152,15.2,1831727,165.2,1088273
Nova Scotia,2024/12/1,Health care and social assistance,85.5,78.6,33.69,0.9192982456140352,15.2,1874135,163.6,1088273
Nova Scotia,2025/1/1,Health care and social assistance,85.4,78.4,34.15,0.918032786885246,15.2,1900957,164.1,1089187
Nova Scotia,2025/2/1,Health care and social assistance,85.4,77.4,33.73,0.9063231850117096,15.2,1851739,166.3,1089187
Nova Scotia,2025/3/1,Health care and social assistance,86.6,78.4,34.61,0.9053117782909932,15.2,1903276,167.4,1089187
Nova Scotia,2025/4/1,Health care and social assistance,87,78.8,35.92,0.9057471264367816,15.7,1874274,166.5,1091037
Nova Scotia,2025/5/1,Health care and social assistance,87.1,79,35.63,0.9070034443168772,15.7,1874101,166.9,1091037
Nova Scotia,2025/6/1,Health care and social assistance,87.4,78.1,34.4,0.8935926773455376,15.7,1848243,167.7,1091037
Nova Scotia,2025/7/1,Health care and social assistance,88.8,78.9,34.4,0.8885135135135136,15.7,1849178,168.6,1093245
Nova Scotia,2025/8/1,Health care and social assistance,88,78.3,34.48,0.8897727272727273,15.7,1839134,168.6,1093245
Nova Scotia,2025/9/1,Health care and social assistance,87.7,78.5,34.28,0.8950969213226909,15.7,,168.6,1093245
Nova Scotia,2022/1/1,"Information, culture and recreation",,,,,12.95,,,
Nova Scotia,2022/2/1,"Information, culture and recreation",,,,,12.95,,,
Nova Scotia,2022/3/1,"Information, culture and recreation",,,,,12.95,,,
Nova Scotia,2022/4/1,"Information, culture and recreation",,,,,13.35,,,
Nova Scotia,2022/5/1,"Information, culture and recreation",,,,,13.35,,,
Nova Scotia,2022/6/1,"Information, culture and recreation",,,,,13.35,,,
Nova Scotia,2022/7/1,"Information, culture and recreation",,,,,13.35,,,
Nova Scotia,2022/8/1,"Information, culture and recreation",,,,,13.35,,,
Nova Scotia,2022/9/1,"Information, culture and recreation",,,,,13.35,,,
Nova Scotia,2022/10/1,"Information, culture and recreation",,,,,13.6,,,
Nova Scotia,2022/11/1,"Information, culture and recreation",,,,,13.6,,,
Nova Scotia,2022/12/1,"Information, culture and recreation",,,,,13.6,,,
Nova Scotia,2023/1/1,"Information, culture and recreation",19.2,15.9,25.7,0.828125,13.6,1765296,157.3,1036868
Nova Scotia,2023/2/1,"Information, culture and recreation",19.1,15.6,27.2,0.8167539267015707,13.6,1769132,158.4,1036868
Nova Scotia,2023/3/1,"Information, culture and recreation",20.3,17.1,28.26,0.8423645320197045,13.6,1722557,158.4,1036868
Nova Scotia,2023/4/1,"Information, culture and recreation",21.9,16.6,28.65,0.7579908675799087,14.5,1825177,159.3,1043723
Nova Scotia,2023/5/1,"Information, culture and recreation",21.6,16.7,26.5,0.773148148148148,14.5,1769330,158.8,1043723
Nova Scotia,2023/6/1,"Information, culture and recreation",21.5,16.7,29.68,0.7767441860465116,14.5,1776106,159.4,1043723
Nova Scotia,2023/7/1,"Information, culture and recreation",22.2,19.1,27.92,0.8603603603603605,14.5,1738759,162.1,1053005
Nova Scotia,2023/8/1,"Information, culture and recreation",24.7,19.8,28.91,0.8016194331983806,14.5,1762120,163,1053005
Nova Scotia,2023/9/1,"Information, culture and recreation",21.5,16.9,28.71,0.786046511627907,14.5,1785495,162.7,1053005
Nova Scotia,2023/10/1,"Information, culture and recreation",23.5,19.3,27.96,0.8212765957446809,15,1787344,162.2,1062825
Nova Scotia,2023/11/1,"Information, culture and recreation",21.1,16.6,28.46,0.7867298578199052,15,1772553,162.5,1062825
Nova Scotia,2023/12/1,"Information, culture and recreation",19.4,14.7,27.97,0.7577319587628866,15,1793017,162.1,1062825
Nova Scotia,2024/1/1,"Information, culture and recreation",18.9,13.6,28.18,0.7195767195767196,15,1824661,162,1067878
Nova Scotia,2024/2/1,"Information, culture and recreation",20.1,14.2,26.24,0.7064676616915422,15,1827400,162.8,1067878
Nova Scotia,2024/3/1,"Information, culture and recreation",19.7,13.5,24.59,0.6852791878172589,15,1809979,163.7,1067878
Nova Scotia,2024/4/1,"Information, culture and recreation",19.8,13,27.31,0.6565656565656566,15.2,1805520,164.3,1074020
Nova Scotia,2024/5/1,"Information, culture and recreation",20.4,14.6,26.14,0.7156862745098039,15.2,1803368,164.7,1074020
Nova Scotia,2024/6/1,"Information, culture and recreation",21.8,15.8,27.1,0.7247706422018348,15.2,1769754,165,1074020
Nova Scotia,2024/7/1,"Information, culture and recreation",24.3,19.1,25.38,0.786008230452675,15.2,1794966,165.9,1082769
Nova Scotia,2024/8/1,"Information, culture and recreation",25.2,21.3,24.97,0.8452380952380953,15.2,1812653,165,1082769
Nova Scotia,2024/9/1,"Information, culture and recreation",22.7,18.5,27.75,0.8149779735682819,15.2,1807941,164.1,1082769
Nova Scotia,2024/10/1,"Information, culture and recreation",21.8,18.1,28.79,0.8302752293577982,15.2,1844270,164.6,1088273
Nova Scotia,2024/11/1,"Information, culture and recreation",21.2,15.1,30.99,0.7122641509433962,15.2,1831727,165.2,1088273
Nova Scotia,2024/12/1,"Information, culture and recreation",22.3,15.2,29.05,0.6816143497757847,15.2,1874135,163.6,1088273
Nova Scotia,2025/1/1,"Information, culture and recreation",20.1,12.5,30.65,0.6218905472636815,15.2,1900957,164.1,1089187
Nova Scotia,2025/2/1,"Information, culture and recreation",19.7,13.8,30.95,0.7005076142131981,15.2,1851739,166.3,1089187
Nova Scotia,2025/3/1,"Information, culture and recreation",18.7,13.9,31.91,0.7433155080213905,15.2,1903276,167.4,1089187
Nova Scotia,2025/4/1,"Information, culture and recreation",18.4,13.5,30.1,0.7336956521739131,15.7,1874274,166.5,1091037
Nova Scotia,2025/5/1,"Information, culture and recreation",21.8,15.3,28.25,0.7018348623853211,15.7,1874101,166.9,1091037
Nova Scotia,2025/6/1,"Information, culture and recreation",22.6,17.7,27.74,0.7831858407079645,15.7,1848243,167.7,1091037
Nova Scotia,2025/7/1,"Information, culture and recreation",24.3,19.8,28.28,0.8148148148148148,15.7,1849178,168.6,1093245
Nova Scotia,2025/8/1,"Information, culture and recreation",26,21,28.76,0.8076923076923077,15.7,1839134,168.6,1093245
Nova Scotia,2025/9/1,"Information, culture and recreation",20.9,17.5,30.59,0.8373205741626795,15.7,,168.6,1093245
Nova Scotia,2022/1/1,Manufacturing,,,,,12.95,,,
Nova Scotia,2022/2/1,Manufacturing,,,,,12.95,,,
Nova Scotia,2022/3/1,Manufacturing,,,,,12.95,,,
Nova Scotia,2022/4/1,Manufacturing,,,,,13.35,,,
Nova Scotia,2022/5/1,Manufacturing,,,,,13.35,,,
Nova Scotia,2022/6/1,Manufacturing,,,,,13.35,,,
Nova Scotia,2022/7/1,Manufacturing,,,,,13.35,,,
Nova Scotia,2022/8/1,Manufacturing,,,,,13.35,,,
Nova Scotia,2022/9/1,Manufacturing,,,,,13.35,,,
Nova Scotia,2022/10/1,Manufacturing,,,,,13.6,,,
Nova Scotia,2022/11/1,Manufacturing,,,,,13.6,,,
Nova Scotia,2022/12/1,Manufacturing,,,,,13.6,,,
Nova Scotia,2023/1/1,Manufacturing,36.7,33.5,27.49,0.9128065395095368,13.6,1765296,157.3,1036868
Nova Scotia,2023/2/1,Manufacturing,39.1,35.2,27.95,0.9002557544757034,13.6,1769132,158.4,1036868
Nova Scotia,2023/3/1,Manufacturing,39.3,36.3,28.55,0.9236641221374046,13.6,1722557,158.4,1036868
Nova Scotia,2023/4/1,Manufacturing,39.8,36.1,28.6,0.9070351758793972,14.5,1825177,159.3,1043723
Nova Scotia,2023/5/1,Manufacturing,38.9,36.5,28.55,0.9383033419023136,14.5,1769330,158.8,1043723
Nova Scotia,2023/6/1,Manufacturing,41.6,38,29.22,0.9134615384615384,14.5,1776106,159.4,1043723
Nova Scotia,2023/7/1,Manufacturing,43.7,40.1,30.2,0.9176201372997712,14.5,1738759,162.1,1053005
Nova Scotia,2023/8/1,Manufacturing,43,39,30.23,0.9069767441860463,14.5,1762120,163,1053005
Nova Scotia,2023/9/1,Manufacturing,39.8,36.5,30.71,0.9170854271356784,14.5,1785495,162.7,1053005
Nova Scotia,2023/10/1,Manufacturing,38.2,35.6,31.63,0.9319371727748692,15,1787344,162.2,1062825
Nova Scotia,2023/11/1,Manufacturing,38.3,34.3,32.33,0.8955613577023499,15,1772553,162.5,1062825
Nova Scotia,2023/12/1,Manufacturing,37.9,34.2,33.24,0.9023746701846966,15,1793017,162.1,1062825
Nova Scotia,2024/1/1,Manufacturing,37.5,32.9,31.93,0.8773333333333333,15,1824661,162,1067878
Nova Scotia,2024/2/1,Manufacturing,38.1,33.8,32.84,0.8871391076115485,15,1827400,162.8,1067878
Nova Scotia,2024/3/1,Manufacturing,38.8,34.8,32.96,0.8969072164948454,15,1809979,163.7,1067878
Nova Scotia,2024/4/1,Manufacturing,39.6,34.6,33.5,0.8737373737373737,15.2,1805520,164.3,1074020
Nova Scotia,2024/5/1,Manufacturing,36.7,31.3,33.41,0.8528610354223433,15.2,1803368,164.7,1074020
Nova Scotia,2024/6/1,Manufacturing,36.5,31.7,34.04,0.8684931506849315,15.2,1769754,165,1074020
Nova Scotia,2024/7/1,Manufacturing,37.2,32.8,32.75,0.8817204301075268,15.2,1794966,165.9,1082769
Nova Scotia,2024/8/1,Manufacturing,35.5,33,32.6,0.9295774647887324,15.2,1812653,165,1082769
Nova Scotia,2024/9/1,Manufacturing,35.5,33,33.15,0.9295774647887324,15.2,1807941,164.1,1082769
Nova Scotia,2024/10/1,Manufacturing,37.7,34.6,32.64,0.9177718832891246,15.2,1844270,164.6,1088273
Nova Scotia,2024/11/1,Manufacturing,36.8,34.6,33.48,0.940217391304348,15.2,1831727,165.2,1088273
Nova Scotia,2024/12/1,Manufacturing,35.4,33.5,32.39,0.9463276836158192,15.2,1874135,163.6,1088273
Nova Scotia,2025/1/1,Manufacturing,34.6,33.2,33.44,0.9595375722543352,15.2,1900957,164.1,1089187
Nova Scotia,2025/2/1,Manufacturing,33.3,32.1,32.47,0.963963963963964,15.2,1851739,166.3,1089187
Nova Scotia,2025/3/1,Manufacturing,34.8,33.1,31.84,0.9511494252873564,15.2,1903276,167.4,1089187
Nova Scotia,2025/4/1,Manufacturing,34.7,33.2,31.79,0.956772334293948,15.7,1874274,166.5,1091037
Nova Scotia,2025/5/1,Manufacturing,36,33.8,30.31,0.9388888888888888,15.7,1874101,166.9,1091037
Nova Scotia,2025/6/1,Manufacturing,37.7,35.8,30.47,0.949602122015915,15.7,1848243,167.7,1091037
Nova Scotia,2025/7/1,Manufacturing,37.2,35.4,30.21,0.9516129032258064,15.7,1849178,168.6,1093245
Nova Scotia,2025/8/1,Manufacturing,37,35,30.86,0.945945945945946,15.7,1839134,168.6,1093245
Nova Scotia,2025/9/1,Manufacturing,37.4,35,32.22,0.9358288770053476,15.7,,168.6,1093245
Nova Scotia,2022/1/1,Other services (except public administration),,,,,12.95,,,
Nova Scotia,2022/2/1,Other services (except public administration),,,,,12.95,,,
Nova Scotia,2022/3/1,Other services (except public administration),,,,,12.95,,,
Nova Scotia,2022/4/1,Other services (except public administration),,,,,13.35,,,
Nova Scotia,2022/5/1,Other services (except public administration),,,,,13.35,,,
Nova Scotia,2022/6/1,Other services (except public administration),,,,,13.35,,,
Nova Scotia,2022/7/1,Other services (except public administration),,,,,13.35,,,
Nova Scotia,2022/8/1,Other services (except public administration),,,,,13.35,,,
Nova Scotia,2022/9/1,Other services (except public administration),,,,,13.35,,,
Nova Scotia,2022/10/1,Other services (except public administration),,,,,13.6,,,
Nova Scotia,2022/11/1,Other services (except public administration),,,,,13.6,,,
Nova Scotia,2022/12/1,Other services (except public administration),,,,,13.6,,,
Nova Scotia,2023/1/1,Other services (except public administration),21.3,14.2,23.52,0.6666666666666666,13.6,1765296,157.3,1036868
Nova Scotia,2023/2/1,Other services (except public administration),21.5,15.6,24.29,0.7255813953488371,13.6,1769132,158.4,1036868
Nova Scotia,2023/3/1,Other services (except public administration),20.7,14.7,24.06,0.7101449275362319,13.6,1722557,158.4,1036868
Nova Scotia,2023/4/1,Other services (except public administration),19.8,14,24.2,0.7070707070707071,14.5,1825177,159.3,1043723
Nova Scotia,2023/5/1,Other services (except public administration),19.4,13.5,23.99,0.6958762886597939,14.5,1769330,158.8,1043723
Nova Scotia,2023/6/1,Other services (except public administration),22.2,16.2,23.75,0.7297297297297297,14.5,1776106,159.4,1043723
Nova Scotia,2023/7/1,Other services (except public administration),24,17.6,24.87,0.7333333333333334,14.5,1738759,162.1,1053005
Nova Scotia,2023/8/1,Other services (except public administration),23.5,17.2,25.37,0.7319148936170212,14.5,1762120,163,1053005
Nova Scotia,2023/9/1,Other services (except public administration),22.8,15.7,25.22,0.6885964912280701,14.5,1785495,162.7,1053005
Nova Scotia,2023/10/1,Other services (except public administration),21.7,16.1,25.31,0.7419354838709679,15,1787344,162.2,1062825
Nova Scotia,2023/11/1,Other services (except public administration),23.6,17.9,24.78,0.7584745762711863,15,1772553,162.5,1062825
Nova Scotia,2023/12/1,Other services (except public administration),23.1,17.6,24.57,0.761904761904762,15,1793017,162.1,1062825
Nova Scotia,2024/1/1,Other services (except public administration),23,16.9,25.98,0.7347826086956522,15,1824661,162,1067878
Nova Scotia,2024/2/1,Other services (except public administration),23.6,17.5,26.84,0.7415254237288135,15,1827400,162.8,1067878
Nova Scotia,2024/3/1,Other services (except public administration),24,17.6,25.4,0.7333333333333334,15,1809979,163.7,1067878
Nova Scotia,2024/4/1,Other services (except public administration),23,16.6,25.98,0.7217391304347827,15.2,1805520,164.3,1074020
Nova Scotia,2024/5/1,Other services (except public administration),23.6,16.1,26.04,0.6822033898305085,15.2,1803368,164.7,1074020
Nova Scotia,2024/6/1,Other services (except public administration),22.6,14.8,29.24,0.6548672566371682,15.2,1769754,165,1074020
Nova Scotia,2024/7/1,Other services (except public administration),22.8,14.6,28.76,0.6403508771929824,15.2,1794966,165.9,1082769
Nova Scotia,2024/8/1,Other services (except public administration),21.6,14.3,29.14,0.662037037037037,15.2,1812653,165,1082769
Nova Scotia,2024/9/1,Other services (except public administration),23,15.6,27.53,0.6782608695652174,15.2,1807941,164.1,1082769
Nova Scotia,2024/10/1,Other services (except public administration),21.6,14.7,29.77,0.6805555555555555,15.2,1844270,164.6,1088273
Nova Scotia,2024/11/1,Other services (except public administration),17.6,12.3,29.77,0.6988636363636364,15.2,1831727,165.2,1088273
Nova Scotia,2024/12/1,Other services (except public administration),19.1,14.5,28.34,0.7591623036649214,15.2,1874135,163.6,1088273
Nova Scotia,2025/1/1,Other services (except public administration),19,13.9,26.47,0.7315789473684211,15.2,1900957,164.1,1089187
Nova Scotia,2025/2/1,Other services (except public administration),19.3,13.5,26.38,0.699481865284974,15.2,1851739,166.3,1089187
Nova Scotia,2025/3/1,Other services (except public administration),21.5,15.5,25.18,0.7209302325581395,15.2,1903276,167.4,1089187
Nova Scotia,2025/4/1,Other services (except public administration),20.2,14.8,25.44,0.7326732673267328,15.7,1874274,166.5,1091037
Nova Scotia,2025/5/1,Other services (except public administration),21,16.1,26.78,0.7666666666666667,15.7,1874101,166.9,1091037
Nova Scotia,2025/6/1,Other services (except public administration),21.5,17,26.71,0.7906976744186046,15.7,1848243,167.7,1091037
Nova Scotia,2025/7/1,Other services (except public administration),21.6,16.1,28.51,0.7453703703703703,15.7,1849178,168.6,1093245
Nova Scotia,2025/8/1,Other services (except public administration),21.1,15.8,28.13,0.7488151658767772,15.7,1839134,168.6,1093245
Nova Scotia,2025/9/1,Other services (except public administration),22.1,16.8,29.04,0.7601809954751131,15.7,,168.6,1093245
Nova Scotia,2022/1/1,"Professional, scientific and technical services",,,,,12.95,,,
Nova Scotia,2022/2/1,"Professional, scientific and technical services",,,,,12.95,,,
Nova Scotia,2022/3/1,"Professional, scientific and technical services",,,,,12.95,,,
Nova Scotia,2022/4/1,"Professional, scientific and technical services",,,,,13.35,,,
Nova Scotia,2022/5/1,"Professional, scientific and technical services",,,,,13.35,,,
Nova Scotia,2022/6/1,"Professional, scientific and technical services",,,,,13.35,,,
Nova Scotia,2022/7/1,"Professional, scientific and technical services",,,,,13.35,,,
Nova Scotia,2022/8/1,"Professional, scientific and technical services",,,,,13.35,,,
Nova Scotia,2022/9/1,"Professional, scientific and technical services",,,,,13.35,,,
Nova Scotia,2022/10/1,"Professional, scientific and technical services",,,,,13.6,,,
Nova Scotia,2022/11/1,"Professional, scientific and technical services",,,,,13.6,,,
Nova Scotia,2022/12/1,"Professional, scientific and technical services",,,,,13.6,,,
Nova Scotia,2023/1/1,"Professional, scientific and technical services",40.4,30.5,36.14,0.754950495049505,13.6,1765296,157.3,1036868
Nova Scotia,2023/2/1,"Professional, scientific and technical services",39.6,29.7,37.28,0.75,13.6,1769132,158.4,1036868
Nova Scotia,2023/3/1,"Professional, scientific and technical services",40,29,37.57,0.725,13.6,1722557,158.4,1036868
Nova Scotia,2023/4/1,"Professional, scientific and technical services",38.5,28.5,38.04,0.7402597402597403,14.5,1825177,159.3,1043723
Nova Scotia,2023/5/1,"Professional, scientific and technical services",40.7,28.4,38.69,0.6977886977886977,14.5,1769330,158.8,1043723
Nova Scotia,2023/6/1,"Professional, scientific and technical services",40.8,29.6,39.86,0.7254901960784315,14.5,1776106,159.4,1043723
Nova Scotia,2023/7/1,"Professional, scientific and technical services",39.5,28.8,38.48,0.7291139240506329,14.5,1738759,162.1,1053005
Nova Scotia,2023/8/1,"Professional, scientific and technical services",39.1,28.7,37.89,0.7340153452685422,14.5,1762120,163,1053005
Nova Scotia,2023/9/1,"Professional, scientific and technical services",39.2,29.8,39.62,0.7602040816326531,14.5,1785495,162.7,1053005
Nova Scotia,2023/10/1,"Professional, scientific and technical services",40.5,31.5,40.87,0.7777777777777778,15,1787344,162.2,1062825
Nova Scotia,2023/11/1,"Professional, scientific and technical services",41.3,32,41.67,0.7748184019370461,15,1772553,162.5,1062825
Nova Scotia,2023/12/1,"Professional, scientific and technical services",42.2,32.4,40.47,0.7677725118483412,15,1793017,162.1,1062825
Nova Scotia,2024/1/1,"Professional, scientific and technical services",41.2,30.9,42.8,0.7499999999999999,15,1824661,162,1067878
Nova Scotia,2024/2/1,"Professional, scientific and technical services",39.7,32.3,44.87,0.81360201511335,15,1827400,162.8,1067878
Nova Scotia,2024/3/1,"Professional, scientific and technical services",39.2,30.6,43.34,0.7806122448979592,15,1809979,163.7,1067878
Nova Scotia,2024/4/1,"Professional, scientific and technical services",38.1,29.5,42.77,0.774278215223097,15.2,1805520,164.3,1074020
Nova Scotia,2024/5/1,"Professional, scientific and technical services",38.5,31.2,42.04,0.8103896103896103,15.2,1803368,164.7,1074020
Nova Scotia,2024/6/1,"Professional, scientific and technical services",36.1,28.1,44.32,0.778393351800554,15.2,1769754,165,1074020
Nova Scotia,2024/7/1,"Professional, scientific and technical services",37.4,30.4,41.59,0.8128342245989305,15.2,1794966,165.9,1082769
Nova Scotia,2024/8/1,"Professional, scientific and technical services",37.1,28.8,43.38,0.7762803234501348,15.2,1812653,165,1082769
Nova Scotia,2024/9/1,"Professional, scientific and technical services",35,28,47.24,0.8,15.2,1807941,164.1,1082769
Nova Scotia,2024/10/1,"Professional, scientific and technical services",37.2,29.7,45.28,0.7983870967741935,15.2,1844270,164.6,1088273
Nova Scotia,2024/11/1,"Professional, scientific and technical services",39.1,30.4,41.96,0.7774936061381074,15.2,1831727,165.2,1088273
Nova Scotia,2024/12/1,"Professional, scientific and technical services",37.5,29.2,42.35,0.7786666666666666,15.2,1874135,163.6,1088273
Nova Scotia,2025/1/1,"Professional, scientific and technical services",37.5,29,42.36,0.7733333333333333,15.2,1900957,164.1,1089187
Nova Scotia,2025/2/1,"Professional, scientific and technical services",35.6,27.8,40.61,0.7808988764044944,15.2,1851739,166.3,1089187
Nova Scotia,2025/3/1,"Professional, scientific and technical services",35.9,28.7,41.68,0.7994428969359332,15.2,1903276,167.4,1089187
Nova Scotia,2025/4/1,"Professional, scientific and technical services",37.2,28.3,42.39,0.760752688172043,15.7,1874274,166.5,1091037
Nova Scotia,2025/5/1,"Professional, scientific and technical services",39.1,31.6,41.98,0.8081841432225064,15.7,1874101,166.9,1091037
Nova Scotia,2025/6/1,"Professional, scientific and technical services",39.4,30.4,44.14,0.7715736040609137,15.7,1848243,167.7,1091037
Nova Scotia,2025/7/1,"Professional, scientific and technical services",39.4,31.4,43.52,0.7969543147208121,15.7,1849178,168.6,1093245
Nova Scotia,2025/8/1,"Professional, scientific and technical services",38.8,28.7,44.91,0.7396907216494846,15.7,1839134,168.6,1093245
Nova Scotia,2025/9/1,"Professional, scientific and technical services",38.5,29.4,43.09,0.7636363636363636,15.7,,168.6,1093245
Nova Scotia,2022/1/1,Public administration,,,,,12.95,,,
Nova Scotia,2022/2/1,Public administration,,,,,12.95,,,
Nova Scotia,2022/3/1,Public administration,,,,,12.95,,,
Nova Scotia,2022/4/1,Public administration,,,,,13.35,,,
Nova Scotia,2022/5/1,Public administration,,,,,13.35,,,
Nova Scotia,2022/6/1,Public administration,,,,,13.35,,,
Nova Scotia,2022/7/1,Public administration,,,,,13.35,,,
Nova Scotia,2022/8/1,Public administration,,,,,13.35,,,
Nova Scotia,2022/9/1,Public administration,,,,,13.35,,,
Nova Scotia,2022/10/1,Public administration,,,,,13.6,,,
Nova Scotia,2022/11/1,Public administration,,,,,13.6,,,
Nova Scotia,2022/12/1,Public administration,,,,,13.6,,,
Nova Scotia,2023/1/1,Public administration,34.4,34.3,40.04,0.997093023255814,13.6,1765296,157.3,1036868
Nova Scotia,2023/2/1,Public administration,34.4,34.2,39.68,0.994186046511628,13.6,1769132,158.4,1036868
Nova Scotia,2023/3/1,Public administration,34.4,33.8,39.39,0.9825581395348836,13.6,1722557,158.4,1036868
Nova Scotia,2023/4/1,Public administration,34.2,33.4,39.38,0.9766081871345028,14.5,1825177,159.3,1043723
Nova Scotia,2023/5/1,Public administration,33.5,32.4,38.84,0.9671641791044776,14.5,1769330,158.8,1043723
Nova Scotia,2023/6/1,Public administration,34.4,33,39.54,0.9593023255813954,14.5,1776106,159.4,1043723
Nova Scotia,2023/7/1,Public administration,34.5,33.6,37.16,0.9739130434782608,14.5,1738759,162.1,1053005
Nova Scotia,2023/8/1,Public administration,32.8,31.7,39.43,0.9664634146341464,14.5,1762120,163,1053005
Nova Scotia,2023/9/1,Public administration,34.5,33.3,39.33,0.9652173913043476,14.5,1785495,162.7,1053005
Nova Scotia,2023/10/1,Public administration,34.4,34.1,40.56,0.991279069767442,15,1787344,162.2,1062825
Nova Scotia,2023/11/1,Public administration,34.5,33.8,41.58,0.9797101449275362,15,1772553,162.5,1062825
Nova Scotia,2023/12/1,Public administration,36.9,36.2,41.43,0.9810298102981032,15,1793017,162.1,1062825
Nova Scotia,2024/1/1,Public administration,37,36.4,41.91,0.9837837837837836,15,1824661,162,1067878
Nova Scotia,2024/2/1,Public administration,36.7,36,41.36,0.9809264305177112,15,1827400,162.8,1067878
Nova Scotia,2024/3/1,Public administration,37.9,37,41.04,0.9762532981530344,15,1809979,163.7,1067878
Nova Scotia,2024/4/1,Public administration,35.8,35.7,42.51,0.9972067039106148,15.2,1805520,164.3,1074020
Nova Scotia,2024/5/1,Public administration,39.1,39.1,41.61,1,15.2,1803368,164.7,1074020
Nova Scotia,2024/6/1,Public administration,39.7,39,42.01,0.982367758186398,15.2,1769754,165,1074020
Nova Scotia,2024/7/1,Public administration,40.4,39.8,43.1,0.9851485148514852,15.2,1794966,165.9,1082769
Nova Scotia,2024/8/1,Public administration,40.5,40.3,43.1,0.9950617283950616,15.2,1812653,165,1082769
Nova Scotia,2024/9/1,Public administration,40.4,40.2,41.67,0.9950495049504952,15.2,1807941,164.1,1082769
Nova Scotia,2024/10/1,Public administration,40.4,40,42.21,0.99009900990099,15.2,1844270,164.6,1088273
Nova Scotia,2024/11/1,Public administration,39.9,39.9,40.4,1,15.2,1831727,165.2,1088273
Nova Scotia,2024/12/1,Public administration,39.8,39.1,42.06,0.9824120603015076,15.2,1874135,163.6,1088273
Nova Scotia,2025/1/1,Public administration,39.2,38.3,42.32,0.9770408163265304,15.2,1900957,164.1,1089187
Nova Scotia,2025/2/1,Public administration,38.2,37.6,42.8,0.9842931937172774,15.2,1851739,166.3,1089187
Nova Scotia,2025/3/1,Public administration,39.8,38.9,43.05,0.9773869346733668,15.2,1903276,167.4,1089187
Nova Scotia,2025/4/1,Public administration,40.3,38.6,43.86,0.957816377171216,15.7,1874274,166.5,1091037
Nova Scotia,2025/5/1,Public administration,40.6,39.6,44.11,0.9753694581280788,15.7,1874101,166.9,1091037
Nova Scotia,2025/6/1,Public administration,39.5,39.1,43.48,0.989873417721519,15.7,1848243,167.7,1091037
Nova Scotia,2025/7/1,Public administration,39.8,39,43.3,0.9798994974874372,15.7,1849178,168.6,1093245
Nova Scotia,2025/8/1,Public administration,39.2,38.6,42.09,0.9846938775510204,15.7,1839134,168.6,1093245
Nova Scotia,2025/9/1,Public administration,39.3,38.5,44.27,0.979643765903308,15.7,,168.6,1093245
Nova Scotia,2022/1/1,Services-producing sector,,,,,12.95,,,
Nova Scotia,2022/2/1,Services-producing sector,,,,,12.95,,,
Nova Scotia,2022/3/1,Services-producing sector,,,,,12.95,,,
Nova Scotia,2022/4/1,Services-producing sector,,,,,13.35,,,
Nova Scotia,2022/5/1,Services-producing sector,,,,,13.35,,,
Nova Scotia,2022/6/1,Services-producing sector,,,,,13.35,,,
Nova Scotia,2022/7/1,Services-producing sector,,,,,13.35,,,
Nova Scotia,2022/8/1,Services-producing sector,,,,,13.35,,,
Nova Scotia,2022/9/1,Services-producing sector,,,,,13.35,,,
Nova Scotia,2022/10/1,Services-producing sector,,,,,13.6,,,
Nova Scotia,2022/11/1,Services-producing sector,,,,,13.6,,,
Nova Scotia,2022/12/1,Services-producing sector,,,,,13.6,,,
Nova Scotia,2023/1/1,Services-producing sector,414.6,360.6,28.06,0.869753979739508,13.6,1765296,157.3,1036868
Nova Scotia,2023/2/1,Services-producing sector,414.1,359.5,28.43,0.868147790388795,13.6,1769132,158.4,1036868
Nova Scotia,2023/3/1,Services-producing sector,419.4,361,28.7,0.860753457319981,13.6,1722557,158.4,1036868
Nova Scotia,2023/4/1,Services-producing sector,422.7,365.2,28.57,0.8639697184764609,14.5,1825177,159.3,1043723
Nova Scotia,2023/5/1,Services-producing sector,425.9,362.5,28.19,0.8511387649683024,14.5,1769330,158.8,1043723
Nova Scotia,2023/6/1,Services-producing sector,431.1,367.1,28.36,0.8515425655300395,14.5,1776106,159.4,1043723
Nova Scotia,2023/7/1,Services-producing sector,433.4,365.1,28.44,0.8424088601753578,14.5,1738759,162.1,1053005
Nova Scotia,2023/8/1,Services-producing sector,432.5,365.7,28.38,0.8455491329479768,14.5,1762120,163,1053005
Nova Scotia,2023/9/1,Services-producing sector,427,368.9,28.87,0.8639344262295081,14.5,1785495,162.7,1053005
Nova Scotia,2023/10/1,Services-producing sector,435.3,379.6,29.2,0.8720422696990582,15,1787344,162.2,1062825
Nova Scotia,2023/11/1,Services-producing sector,434.6,376.8,29.36,0.8670041417395306,15,1772553,162.5,1062825
Nova Scotia,2023/12/1,Services-producing sector,435.9,382.7,29.21,0.877953659096123,15,1793017,162.1,1062825
Nova Scotia,2024/1/1,Services-producing sector,439.8,382.6,29.63,0.8699408822191905,15,1824661,162,1067878
Nova Scotia,2024/2/1,Services-producing sector,442.4,388.2,30.11,0.8774864376130199,15,1827400,162.8,1067878
Nova Scotia,2024/3/1,Services-producing sector,441.1,385.4,29.69,0.8737247789616865,15,1809979,163.7,1067878
Nova Scotia,2024/4/1,Services-producing sector,441.1,385.5,30.36,0.8739514849240535,15.2,1805520,164.3,1074020
Nova Scotia,2024/5/1,Services-producing sector,446.5,392.2,30.35,0.8783874580067189,15.2,1803368,164.7,1074020
Nova Scotia,2024/6/1,Services-producing sector,450,395,30.69,0.8777777777777778,15.2,1769754,165,1074020
Nova Scotia,2024/7/1,Services-producing sector,437.1,381.3,30.67,0.8723404255319148,15.2,1794966,165.9,1082769
Nova Scotia,2024/8/1,Services-producing sector,448.9,390,30.56,0.8687903764758298,15.2,1812653,165,1082769
Nova Scotia,2024/9/1,Services-producing sector,441.3,392.5,31.04,0.8894176297303421,15.2,1807941,164.1,1082769
Nova Scotia,2024/10/1,Services-producing sector,436.8,385.7,31.19,0.8830128205128205,15.2,1844270,164.6,1088273
Nova Scotia,2024/11/1,Services-producing sector,436.9,382.3,30.98,0.8750286106660564,15.2,1831727,165.2,1088273
Nova Scotia,2024/12/1,Services-producing sector,444.1,389.5,31.14,0.8770547174059896,15.2,1874135,163.6,1088273
Nova Scotia,2025/1/1,Services-producing sector,443.7,386.1,31.79,0.8701825557809332,15.2,1900957,164.1,1089187
Nova Scotia,2025/2/1,Services-producing sector,442.7,382.2,31.81,0.8633386040207816,15.2,1851739,166.3,1089187
Nova Scotia,2025/3/1,Services-producing sector,442.6,385.2,32.09,0.8703117939448711,15.2,1903276,167.4,1089187
Nova Scotia,2025/4/1,Services-producing sector,439.8,379.7,32.45,0.8633469758981355,15.7,1874274,166.5,1091037
Nova Scotia,2025/5/1,Services-producing sector,452.2,394.9,32.13,0.8732861565678903,15.7,1874101,166.9,1091037
Nova Scotia,2025/6/1,Services-producing sector,450.4,394.3,32.23,0.8754440497335703,15.7,1848243,167.7,1091037
Nova Scotia,2025/7/1,Services-producing sector,442.5,385.6,32.39,0.8714124293785311,15.7,1849178,168.6,1093245
Nova Scotia,2025/8/1,Services-producing sector,442.5,382.5,32.17,0.864406779661017,15.7,1839134,168.6,1093245
Nova Scotia,2025/9/1,Services-producing sector,435.4,384.1,32.76,0.8821773082223244,15.7,,168.6,1093245
Nova Scotia,2022/1/1,"Total, all industries",,,,,12.95,,,
Nova Scotia,2022/2/1,"Total, all industries",,,,,12.95,,,
Nova Scotia,2022/3/1,"Total, all industries",,,,,12.95,,,
Nova Scotia,2022/4/1,"Total, all industries",,,,,13.35,,,
Nova Scotia,2022/5/1,"Total, all industries",,,,,13.35,,,
Nova Scotia,2022/6/1,"Total, all industries",,,,,13.35,,,
Nova Scotia,2022/7/1,"Total, all industries",,,,,13.35,,,
Nova Scotia,2022/8/1,"Total, all industries",,,,,13.35,,,
Nova Scotia,2022/9/1,"Total, all industries",,,,,13.35,,,
Nova Scotia,2022/10/1,"Total, all industries",,,,,13.6,,,
Nova Scotia,2022/11/1,"Total, all industries",,,,,13.6,,,
Nova Scotia,2022/12/1,"Total, all industries",,,,,13.6,,,
Nova Scotia,2023/1/1,"Total, all industries",522.8,434.8,28.15,0.8316755929609795,13.6,1765296,157.3,1036868
Nova Scotia,2023/2/1,"Total, all industries",525.9,434.6,28.57,0.826392850351778,13.6,1769132,158.4,1036868
Nova Scotia,2023/3/1,"Total, all industries",528.3,435.5,28.83,0.8243422297936779,13.6,1722557,158.4,1036868
Nova Scotia,2023/4/1,"Total, all industries",535.9,440.7,28.62,0.8223549169621198,14.5,1825177,159.3,1043723
Nova Scotia,2023/5/1,"Total, all industries",538.4,446,28.34,0.8283803863298663,14.5,1769330,158.8,1043723
Nova Scotia,2023/6/1,"Total, all industries",548.6,451.4,28.51,0.8228217280349981,14.5,1776106,159.4,1043723
Nova Scotia,2023/7/1,"Total, all industries",555.2,450,28.63,0.8105187319884726,14.5,1738759,162.1,1053005
Nova Scotia,2023/8/1,"Total, all industries",546.4,446.8,28.61,0.8177159590043924,14.5,1762120,163,1053005
Nova Scotia,2023/9/1,"Total, all industries",538.3,444.7,29.16,0.8261192643507338,14.5,1785495,162.7,1053005
Nova Scotia,2023/10/1,"Total, all industries",545.3,457.7,29.57,0.8393544837704017,15,1787344,162.2,1062825
Nova Scotia,2023/11/1,"Total, all industries",545,454.3,29.75,0.8335779816513762,15,1772553,162.5,1062825
Nova Scotia,2023/12/1,"Total, all industries",544.6,459.2,29.59,0.8431876606683804,15,1793017,162.1,1062825
Nova Scotia,2024/1/1,"Total, all industries",548.6,455.2,29.9,0.8297484506015311,15,1824661,162,1067878
Nova Scotia,2024/2/1,"Total, all industries",551.6,463.5,30.38,0.8402828136330674,15,1827400,162.8,1067878
Nova Scotia,2024/3/1,"Total, all industries",554.8,463.4,30.08,0.8352559480894016,15,1809979,163.7,1067878
Nova Scotia,2024/4/1,"Total, all industries",556.5,467.4,30.71,0.8398921832884096,15.2,1805520,164.3,1074020
Nova Scotia,2024/5/1,"Total, all industries",562.8,474.6,30.66,0.8432835820895523,15.2,1803368,164.7,1074020
Nova Scotia,2024/6/1,"Total, all industries",564.1,475.9,30.98,0.8436447438397446,15.2,1769754,165,1074020
Nova Scotia,2024/7/1,"Total, all industries",558.9,466.9,30.83,0.8353909465020576,15.2,1794966,165.9,1082769
Nova Scotia,2024/8/1,"Total, all industries",565.8,473,30.8,0.8359844468009898,15.2,1812653,165,1082769
Nova Scotia,2024/9/1,"Total, all industries",557,475.6,31.17,0.8538599640933573,15.2,1807941,164.1,1082769
Nova Scotia,2024/10/1,"Total, all industries",554.4,473.7,31.25,0.8544372294372294,15.2,1844270,164.6,1088273
Nova Scotia,2024/11/1,"Total, all industries",553.8,468.6,31.28,0.8461538461538463,15.2,1831727,165.2,1088273
Nova Scotia,2024/12/1,"Total, all industries",561.7,475,31.38,0.8456471426028128,15.2,1874135,163.6,1088273
Nova Scotia,2025/1/1,"Total, all industries",552.9,465.7,31.9,0.8422861276903599,15.2,1900957,164.1,1089187
Nova Scotia,2025/2/1,"Total, all industries",552.9,460.3,31.93,0.8325194429372401,15.2,1851739,166.3,1089187
Nova Scotia,2025/3/1,"Total, all industries",553.6,464,32.16,0.838150289017341,15.2,1903276,167.4,1089187
Nova Scotia,2025/4/1,"Total, all industries",556.4,457,32.34,0.8213515456506111,15.7,1874274,166.5,1091037
Nova Scotia,2025/5/1,"Total, all industries",570.7,480.4,31.89,0.8417732609076571,15.7,1874101,166.9,1091037
Nova Scotia,2025/6/1,"Total, all industries",571.3,482.2,31.92,0.8440399089795204,15.7,1848243,167.7,1091037
Nova Scotia,2025/7/1,"Total, all industries",569.7,472.6,32.13,0.8295594172371423,15.7,1849178,168.6,1093245
Nova Scotia,2025/8/1,"Total, all industries",569.2,470.2,31.91,0.8260716795502459,15.7,1839134,168.6,1093245
Nova Scotia,2025/9/1,"Total, all industries",556.9,471.1,32.54,0.845932842521099,15.7,,168.6,1093245
Nova Scotia,2022/1/1,Transportation and warehousing,,,,,12.95,,,
Nova Scotia,2022/2/1,Transportation and warehousing,,,,,12.95,,,
Nova Scotia,2022/3/1,Transportation and warehousing,,,,,12.95,,,
Nova Scotia,2022/4/1,Transportation and warehousing,,,,,13.35,,,
Nova Scotia,2022/5/1,Transportation and warehousing,,,,,13.35,,,
Nova Scotia,2022/6/1,Transportation and warehousing,,,,,13.35,,,
Nova Scotia,2022/7/1,Transportation and warehousing,,,,,13.35,,,
Nova Scotia,2022/8/1,Transportation and warehousing,,,,,13.35,,,
Nova Scotia,2022/9/1,Transportation and warehousing,,,,,13.35,,,
Nova Scotia,2022/10/1,Transportation and warehousing,,,,,13.6,,,
Nova Scotia,2022/11/1,Transportation and warehousing,,,,,13.6,,,
Nova Scotia,2022/12/1,Transportation and warehousing,,,,,13.6,,,
Nova Scotia,2023/1/1,Transportation and warehousing,20.8,18.4,26.35,0.8846153846153845,13.6,1765296,157.3,1036868
Nova Scotia,2023/2/1,Transportation and warehousing,23.4,19.8,27.25,0.8461538461538463,13.6,1769132,158.4,1036868
Nova Scotia,2023/3/1,Transportation and warehousing,24.2,19,28.67,0.7851239669421488,13.6,1722557,158.4,1036868
Nova Scotia,2023/4/1,Transportation and warehousing,23.3,19.9,26.91,0.8540772532188841,14.5,1825177,159.3,1043723
Nova Scotia,2023/5/1,Transportation and warehousing,21.7,19.4,27.2,0.8940092165898618,14.5,1769330,158.8,1043723
Nova Scotia,2023/6/1,Transportation and warehousing,23,19.6,27.23,0.8521739130434783,14.5,1776106,159.4,1043723
Nova Scotia,2023/7/1,Transportation and warehousing,23.8,20.4,29.31,0.8571428571428571,14.5,1738759,162.1,1053005
Nova Scotia,2023/8/1,Transportation and warehousing,24.1,19.9,28.36,0.825726141078838,14.5,1762120,163,1053005
Nova Scotia,2023/9/1,Transportation and warehousing,23.5,20.9,28.5,0.8893617021276595,14.5,1785495,162.7,1053005
Nova Scotia,2023/10/1,Transportation and warehousing,24.6,20.2,28.93,0.8211382113821137,15,1787344,162.2,1062825
Nova Scotia,2023/11/1,Transportation and warehousing,23.2,19.6,28.45,0.8448275862068967,15,1772553,162.5,1062825
Nova Scotia,2023/12/1,Transportation and warehousing,22.1,19.4,29.08,0.8778280542986424,15,1793017,162.1,1062825
Nova Scotia,2024/1/1,Transportation and warehousing,22.7,21.4,28.9,0.9427312775330396,15,1824661,162,1067878
Nova Scotia,2024/2/1,Transportation and warehousing,23.3,21.5,31.94,0.9227467811158798,15,1827400,162.8,1067878
Nova Scotia,2024/3/1,Transportation and warehousing,22.6,20.2,32.76,0.8938053097345132,15,1809979,163.7,1067878
Nova Scotia,2024/4/1,Transportation and warehousing,24,20.5,33.21,0.8541666666666666,15.2,1805520,164.3,1074020
Nova Scotia,2024/5/1,Transportation and warehousing,24,20.5,32.99,0.8541666666666666,15.2,1803368,164.7,1074020
Nova Scotia,2024/6/1,Transportation and warehousing,23.1,20,32.31,0.8658008658008658,15.2,1769754,165,1074020
Nova Scotia,2024/7/1,Transportation and warehousing,21,18.4,32.13,0.8761904761904761,15.2,1794966,165.9,1082769
Nova Scotia,2024/8/1,Transportation and warehousing,23.1,18.9,29.49,0.8181818181818181,15.2,1812653,165,1082769
Nova Scotia,2024/9/1,Transportation and warehousing,23.7,20.6,29.42,0.869198312236287,15.2,1807941,164.1,1082769
Nova Scotia,2024/10/1,Transportation and warehousing,23.1,19.4,28.51,0.8398268398268397,15.2,1844270,164.6,1088273
Nova Scotia,2024/11/1,Transportation and warehousing,21.9,18.8,29.87,0.858447488584475,15.2,1831727,165.2,1088273
Nova Scotia,2024/12/1,Transportation and warehousing,24,20.4,27.94,0.85,15.2,1874135,163.6,1088273
Nova Scotia,2025/1/1,Transportation and warehousing,26.4,22.9,29.94,0.8674242424242424,15.2,1900957,164.1,1089187
Nova Scotia,2025/2/1,Transportation and warehousing,25.9,22.2,30.03,0.8571428571428572,15.2,1851739,166.3,1089187
Nova Scotia,2025/3/1,Transportation and warehousing,25.9,22.1,29.97,0.8532818532818534,15.2,1903276,167.4,1089187
Nova Scotia,2025/4/1,Transportation and warehousing,25.8,21.3,30.81,0.8255813953488372,15.7,1874274,166.5,1091037
Nova Scotia,2025/5/1,Transportation and warehousing,26.9,22.9,30.48,0.8513011152416357,15.7,1874101,166.9,1091037
Nova Scotia,2025/6/1,Transportation and warehousing,26.5,23,33,0.8679245283018868,15.7,1848243,167.7,1091037
Nova Scotia,2025/7/1,Transportation and warehousing,24.6,20.8,31.29,0.8455284552845528,15.7,1849178,168.6,1093245
Nova Scotia,2025/8/1,Transportation and warehousing,25.2,21.3,30.67,0.8452380952380953,15.7,1839134,168.6,1093245
Nova Scotia,2025/9/1,Transportation and warehousing,24.7,21.3,33.35,0.8623481781376519,15.7,,168.6,1093245
Nova Scotia,2022/1/1,Utilities,,,,,12.95,,,
Nova Scotia,2022/2/1,Utilities,,,,,12.95,,,
Nova Scotia,2022/3/1,Utilities,,,,,12.95,,,
Nova Scotia,2022/4/1,Utilities,,,,,13.35,,,
Nova Scotia,2022/5/1,Utilities,,,,,13.35,,,
Nova Scotia,2022/6/1,Utilities,,,,,13.35,,,
Nova Scotia,2022/7/1,Utilities,,,,,13.35,,,
Nova Scotia,2022/8/1,Utilities,,,,,13.35,,,
Nova Scotia,2022/9/1,Utilities,,,,,13.35,,,
Nova Scotia,2022/10/1,Utilities,,,,,13.6,,,
Nova Scotia,2022/11/1,Utilities,,,,,13.6,,,
Nova Scotia,2022/12/1,Utilities,,,,,13.6,,,
Nova Scotia,2023/1/1,Utilities,3.3,3.3,46.81,1,13.6,1765296,157.3,1036868
Nova Scotia,2023/2/1,Utilities,3.4,3.2,42.67,0.9411764705882354,13.6,1769132,158.4,1036868
Nova Scotia,2023/3/1,Utilities,3.1,2.9,38.84,0.935483870967742,13.6,1722557,158.4,1036868
Nova Scotia,2023/4/1,Utilities,3.5,3.2,36.26,0.9142857142857144,14.5,1825177,159.3,1043723
Nova Scotia,2023/5/1,Utilities,3.1,3.1,34.8,1,14.5,1769330,158.8,1043723
Nova Scotia,2023/6/1,Utilities,3.2,3.2,35,1,14.5,1776106,159.4,1043723
Nova Scotia,2023/7/1,Utilities,2.9,2.8,34.4,0.9655172413793104,14.5,1738759,162.1,1053005
Nova Scotia,2023/8/1,Utilities,2.7,2.7,36.37,1,14.5,1762120,163,1053005
Nova Scotia,2023/9/1,Utilities,2.6,2.6,37.8,1,14.5,1785495,162.7,1053005
Nova Scotia,2023/10/1,Utilities,3,3,40.52,1,15,1787344,162.2,1062825
Nova Scotia,2023/11/1,Utilities,3.6,3.6,43.6,1,15,1772553,162.5,1062825
Nova Scotia,2023/12/1,Utilities,3.6,3.6,44.24,1,15,1793017,162.1,1062825
Nova Scotia,2024/1/1,Utilities,3.6,3.3,42.65,0.9166666666666666,15,1824661,162,1067878
Nova Scotia,2024/2/1,Utilities,3.9,3.9,44.9,1,15,1827400,162.8,1067878
Nova Scotia,2024/3/1,Utilities,4,4,42.02,1,15,1809979,163.7,1067878
Nova Scotia,2024/4/1,Utilities,4,3.9,42.99,0.975,15.2,1805520,164.3,1074020
Nova Scotia,2024/5/1,Utilities,4.2,4.2,46.04,1,15.2,1803368,164.7,1074020
Nova Scotia,2024/6/1,Utilities,5.2,5.2,41.65,1,15.2,1769754,165,1074020
Nova Scotia,2024/7/1,Utilities,4.7,4.6,44.34,0.978723404255319,15.2,1794966,165.9,1082769
Nova Scotia,2024/8/1,Utilities,4.4,4.2,41.41,0.9545454545454544,15.2,1812653,165,1082769
Nova Scotia,2024/9/1,Utilities,4.7,4.6,39.82,0.978723404255319,15.2,1807941,164.1,1082769
Nova Scotia,2024/10/1,Utilities,4.4,4.4,40.36,1,15.2,1844270,164.6,1088273
Nova Scotia,2024/11/1,Utilities,4.1,3.9,40.8,0.951219512195122,15.2,1831727,165.2,1088273
Nova Scotia,2024/12/1,Utilities,4.6,4.5,44.15,0.9782608695652176,15.2,1874135,163.6,1088273
Nova Scotia,2025/1/1,Utilities,4.6,4.5,44.29,0.9782608695652176,15.2,1900957,164.1,1089187
Nova Scotia,2025/2/1,Utilities,4.6,4.3,45.21,0.9347826086956522,15.2,1851739,166.3,1089187
Nova Scotia,2025/3/1,Utilities,4.5,4.2,50.59,0.9333333333333332,15.2,1903276,167.4,1089187
Nova Scotia,2025/4/1,Utilities,4.9,4.8,52.93,0.9795918367346936,15.7,1874274,166.5,1091037
Nova Scotia,2025/5/1,Utilities,4.4,4.4,49.39,1,15.7,1874101,166.9,1091037
Nova Scotia,2025/6/1,Utilities,4.1,4.1,46.52,1,15.7,1848243,167.7,1091037
Nova Scotia,2025/7/1,Utilities,5,4.6,47.86,0.92,15.7,1849178,168.6,1093245
Nova Scotia,2025/8/1,Utilities,4.8,4.6,43.82,0.9583333333333331,15.7,1839134,168.6,1093245
Nova Scotia,2025/9/1,Utilities,4.6,4.6,43.11,1,15.7,,168.6,1093245
Nova Scotia,2022/1/1,Wholesale and retail trade,,,,,12.95,,,
Nova Scotia,2022/2/1,Wholesale and retail trade,,,,,12.95,,,
Nova Scotia,2022/3/1,Wholesale and retail trade,,,,,12.95,,,
Nova Scotia,2022/4/1,Wholesale and retail trade,,,,,13.35,,,
Nova Scotia,2022/5/1,Wholesale and retail trade,,,,,13.35,,,
Nova Scotia,2022/6/1,Wholesale and retail trade,,,,,13.35,,,
Nova Scotia,2022/7/1,Wholesale and retail trade,,,,,13.35,,,
Nova Scotia,2022/8/1,Wholesale and retail trade,,,,,13.35,,,
Nova Scotia,2022/9/1,Wholesale and retail trade,,,,,13.35,,,
Nova Scotia,2022/10/1,Wholesale and retail trade,,,,,13.6,,,
Nova Scotia,2022/11/1,Wholesale and retail trade,,,,,13.6,,,
Nova Scotia,2022/12/1,Wholesale and retail trade,,,,,13.6,,,
Nova Scotia,2023/1/1,Wholesale and retail trade,79.8,72.3,21.95,0.9060150375939848,13.6,1765296,157.3,1036868
Nova Scotia,2023/2/1,Wholesale and retail trade,75,68,22.05,0.9066666666666666,13.6,1769132,158.4,1036868
Nova Scotia,2023/3/1,Wholesale and retail trade,77.6,70,21.94,0.9020618556701032,13.6,1722557,158.4,1036868
Nova Scotia,2023/4/1,Wholesale and retail trade,80.4,73,22.87,0.907960199004975,14.5,1825177,159.3,1043723
Nova Scotia,2023/5/1,Wholesale and retail trade,83.8,75.1,23.22,0.89618138424821,14.5,1769330,158.8,1043723
Nova Scotia,2023/6/1,Wholesale and retail trade,82.7,74.2,22.17,0.8972188633615478,14.5,1776106,159.4,1043723
Nova Scotia,2023/7/1,Wholesale and retail trade,83.3,74.3,22.42,0.8919567827130852,14.5,1738759,162.1,1053005
Nova Scotia,2023/8/1,Wholesale and retail trade,82.1,74.4,21.75,0.9062119366626068,14.5,1762120,163,1053005
Nova Scotia,2023/9/1,Wholesale and retail trade,82.7,75.7,21.51,0.9153567110036276,14.5,1785495,162.7,1053005
Nova Scotia,2023/10/1,Wholesale and retail trade,85.4,78.9,21.72,0.923887587822014,15,1787344,162.2,1062825
Nova Scotia,2023/11/1,Wholesale and retail trade,86.2,78.2,21.18,0.9071925754060324,15,1772553,162.5,1062825
Nova Scotia,2023/12/1,Wholesale and retail trade,85.9,79.1,21.67,0.9208381839348078,15,1793017,162.1,1062825
Nova Scotia,2024/1/1,Wholesale and retail trade,86.5,78.6,22.04,0.9086705202312138,15,1824661,162,1067878
Nova Scotia,2024/2/1,Wholesale and retail trade,84.6,79.5,22.4,0.9397163120567376,15,1827400,162.8,1067878
Nova Scotia,2024/3/1,Wholesale and retail trade,84.7,76.7,22.23,0.9055489964580874,15,1809979,163.7,1067878
Nova Scotia,2024/4/1,Wholesale and retail trade,82.3,75.8,22.53,0.9210206561360876,15.2,1805520,164.3,1074020
Nova Scotia,2024/5/1,Wholesale and retail trade,82.3,77.4,22.71,0.9404617253948968,15.2,1803368,164.7,1074020
Nova Scotia,2024/6/1,Wholesale and retail trade,82.8,77,23.12,0.929951690821256,15.2,1769754,165,1074020
Nova Scotia,2024/7/1,Wholesale and retail trade,82.2,73.9,23.48,0.8990267639902677,15.2,1794966,165.9,1082769
Nova Scotia,2024/8/1,Wholesale and retail trade,81.5,75.6,22.91,0.9276073619631902,15.2,1812653,165,1082769
Nova Scotia,2024/9/1,Wholesale and retail trade,77.7,72.6,23.84,0.9343629343629344,15.2,1807941,164.1,1082769
Nova Scotia,2024/10/1,Wholesale and retail trade,76.3,71,24.38,0.9305373525557012,15.2,1844270,164.6,1088273
Nova Scotia,2024/11/1,Wholesale and retail trade,79.1,73.2,23.98,0.9254108723135273,15.2,1831727,165.2,1088273
Nova Scotia,2024/12/1,Wholesale and retail trade,81.5,76.7,23.68,0.9411042944785276,15.2,1874135,163.6,1088273
Nova Scotia,2025/1/1,Wholesale and retail trade,83,77.2,24.43,0.9301204819277108,15.2,1900957,164.1,1089187
Nova Scotia,2025/2/1,Wholesale and retail trade,83.7,76.4,25.96,0.9127837514934288,15.2,1851739,166.3,1089187
Nova Scotia,2025/3/1,Wholesale and retail trade,81.8,72.6,25.81,0.8875305623471882,15.2,1903276,167.4,1089187
Nova Scotia,2025/4/1,Wholesale and retail trade,81.5,72.6,25.39,0.8907975460122699,15.7,1874274,166.5,1091037
Nova Scotia,2025/5/1,Wholesale and retail trade,84.2,77,25.04,0.9144893111638954,15.7,1874101,166.9,1091037
Nova Scotia,2025/6/1,Wholesale and retail trade,85.3,77.4,24.49,0.9073856975381008,15.7,1848243,167.7,1091037
Nova Scotia,2025/7/1,Wholesale and retail trade,80.3,73.5,24.34,0.9153175591531756,15.7,1849178,168.6,1093245
Nova Scotia,2025/8/1,Wholesale and retail trade,78.4,72.7,23.49,0.9272959183673468,15.7,1839134,168.6,1093245
Nova Scotia,2025/9/1,Wholesale and retail trade,78.2,72.2,23.42,0.9232736572890026,15.7,,168.6,1093245
Ontario,2022/1/1,Accommodation and food services,,,,,15,,,
Ontario,2022/2/1,Accommodation and food services,,,,,15,,,
Ontario,2022/3/1,Accommodation and food services,,,,,15,,,
Ontario,2022/4/1,Accommodation and food services,,,,,15,,,
Ontario,2022/5/1,Accommodation and food services,,,,,15,,,
Ontario,2022/6/1,Accommodation and food services,,,,,15,,,
Ontario,2022/7/1,Accommodation and food services,,,,,15,,,
Ontario,2022/8/1,Accommodation and food services,,,,,15,,,
Ontario,2022/9/1,Accommodation and food services,,,,,15,,,
Ontario,2022/10/1,Accommodation and food services,,,,,15.5,,,
Ontario,2022/11/1,Accommodation and food services,,,,,15.5,,,
Ontario,2022/12/1,Accommodation and food services,,,,,15.5,,,
Ontario,2023/1/1,Accommodation and food services,436.3,369.2,19.27,0.8462067384826953,15.5,24608604,155.7,15407970
Ontario,2023/2/1,Accommodation and food services,430.6,377.8,19.46,0.8773803994426381,15.5,24555377,156.4,15407970
Ontario,2023/3/1,Accommodation and food services,438.4,381.1,19.48,0.8692974452554746,15.5,24340805,157.3,15407970
Ontario,2023/4/1,Accommodation and food services,431.4,379.1,19.07,0.8787668057487252,15.5,24869443,157.9,15495050
Ontario,2023/5/1,Accommodation and food services,471,412.8,19.42,0.8764331210191083,15.5,24644636,158.5,15495050
Ontario,2023/6/1,Accommodation and food services,469.6,421.6,18.85,0.8977853492333902,15.5,24934150,158.4,15495050
Ontario,2023/7/1,Accommodation and food services,489.5,429.8,18.64,0.8780388151174668,15.5,24750799,159.6,15632481
Ontario,2023/8/1,Accommodation and food services,472.2,421.2,19.04,0.8919949174078781,15.5,24729901,159.9,15632481
Ontario,2023/9/1,Accommodation and food services,445,395.8,19.33,0.8894382022471911,15.5,25031956,159.7,15632481
Ontario,2023/10/1,Accommodation and food services,444.1,395.3,19.82,0.8901148390002251,15.5,24904474,160.3,15823956
Ontario,2023/11/1,Accommodation and food services,440.7,399,20.21,0.9053778080326752,15.5,24964268,160.6,15823956
Ontario,2023/12/1,Accommodation and food services,435.7,393.8,21.03,0.90383291255451,15.5,25002599,160,15823956
Ontario,2024/1/1,Accommodation and food services,418.7,376.5,21.05,0.8992118461905899,15.5,25079519,159.9,15946146
Ontario,2024/2/1,Accommodation and food services,436.1,383.5,20.8,0.8793854620499885,15.5,24880518,160.2,15946146
Ontario,2024/3/1,Accommodation and food services,432.2,364.7,20.49,0.8438223044886627,15.5,24877010,161.4,15946146
Ontario,2024/4/1,Accommodation and food services,443.4,381.4,20.13,0.8601714027965719,15.5,24705141,162.2,16046534
Ontario,2024/5/1,Accommodation and food services,465.4,407.2,20.18,0.8749462827675119,15.5,24542107,163.2,16046534
Ontario,2024/6/1,Accommodation and food services,470.1,409.5,20.28,0.8710912571793235,15.5,24636925,163.1,16046534
Ontario,2024/7/1,Accommodation and food services,489.5,422.7,20.08,0.8635342185903984,15.5,24813869,163.9,16144797
Ontario,2024/8/1,Accommodation and food services,476.1,418.1,20.35,0.8781768536021844,15.5,25046631,163.3,16144797
Ontario,2024/9/1,Accommodation and food services,442.6,392.4,20.06,0.886579304112065,15.5,25085289,162.8,16144797
Ontario,2024/10/1,Accommodation and food services,447.3,391.6,20.55,0.8754750726581713,17.2,25316013,163.5,16228152
Ontario,2024/11/1,Accommodation and food services,448,385.4,20.85,0.8602678571428571,17.2,25592433,163.5,16228152
Ontario,2024/12/1,Accommodation and food services,450.8,382.2,21.15,0.8478260869565217,17.2,26262195,162.7,16228152
Ontario,2025/1/1,Accommodation and food services,444.6,376.7,21.08,0.8472784525416104,17.2,26014337,162.6,16255550
Ontario,2025/2/1,Accommodation and food services,457.3,395.7,21.01,0.8652963043953641,17.2,25890794,164.6,16255550
Ontario,2025/3/1,Accommodation and food services,454.7,394.4,21,0.8673850890697162,17.2,26120327,165.1,16255550
Ontario,2025/4/1,Accommodation and food services,456.2,400.1,20.86,0.877027619465147,17.2,26158846,164.8,16256538
Ontario,2025/5/1,Accommodation and food services,468,407.3,20.89,0.8702991452991453,17.2,25505901,165.9,16256538
Ontario,2025/6/1,Accommodation and food services,471.3,420.8,21,0.8928495650328878,17.2,26384470,166,16256538
Ontario,2025/7/1,Accommodation and food services,500.1,444.1,20.62,0.8880223955208958,17.2,25986341,166.5,16258260
Ontario,2025/8/1,Accommodation and food services,496.7,435.9,21.57,0.8775921079122206,17.2,26297958,166,16258260
Ontario,2025/9/1,Accommodation and food services,460,404.1,21.5,0.8784782608695653,17.2,,166.1,16258260
Ontario,2022/1/1,Agriculture,,,,,15,,,
Ontario,2022/2/1,Agriculture,,,,,15,,,
Ontario,2022/3/1,Agriculture,,,,,15,,,
Ontario,2022/4/1,Agriculture,,,,,15,,,
Ontario,2022/5/1,Agriculture,,,,,15,,,
Ontario,2022/6/1,Agriculture,,,,,15,,,
Ontario,2022/7/1,Agriculture,,,,,15,,,
Ontario,2022/8/1,Agriculture,,,,,15,,,
Ontario,2022/9/1,Agriculture,,,,,15,,,
Ontario,2022/10/1,Agriculture,,,,,15.5,,,
Ontario,2022/11/1,Agriculture,,,,,15.5,,,
Ontario,2022/12/1,Agriculture,,,,,15.5,,,
Ontario,2023/1/1,Agriculture,76.2,35.1,22.36,0.4606299212598425,15.5,24608604,155.7,15407970
Ontario,2023/2/1,Agriculture,72,32.3,23.79,0.448611111111111,15.5,24555377,156.4,15407970
Ontario,2023/3/1,Agriculture,76.3,29.9,27.7,0.3918741808650065,15.5,24340805,157.3,15407970
Ontario,2023/4/1,Agriculture,73.1,33.3,28.56,0.4555403556771545,15.5,24869443,157.9,15495050
Ontario,2023/5/1,Agriculture,78.2,35.4,25.3,0.4526854219948849,15.5,24644636,158.5,15495050
Ontario,2023/6/1,Agriculture,81.3,38.5,24.55,0.4735547355473555,15.5,24934150,158.4,15495050
Ontario,2023/7/1,Agriculture,90.7,47.4,26.4,0.5226019845644984,15.5,24750799,159.6,15632481
Ontario,2023/8/1,Agriculture,86.1,42.1,24.37,0.4889663182346109,15.5,24729901,159.9,15632481
Ontario,2023/9/1,Agriculture,82.2,41.1,28.68,0.5,15.5,25031956,159.7,15632481
Ontario,2023/10/1,Agriculture,86.1,40,26.68,0.4645760743321719,15.5,24904474,160.3,15823956
Ontario,2023/11/1,Agriculture,81.1,38,26.35,0.468557336621455,15.5,24964268,160.6,15823956
Ontario,2023/12/1,Agriculture,72.5,33.5,23.45,0.4620689655172413,15.5,25002599,160,15823956
Ontario,2024/1/1,Agriculture,70.6,28.9,23.8,0.4093484419263456,15.5,25079519,159.9,15946146
Ontario,2024/2/1,Agriculture,70.1,31.4,24.21,0.4479315263908702,15.5,24880518,160.2,15946146
Ontario,2024/3/1,Agriculture,69.3,31.8,22.61,0.4588744588744589,15.5,24877010,161.4,15946146
Ontario,2024/4/1,Agriculture,67.4,30.6,23.21,0.4540059347181008,15.5,24705141,162.2,16046534
Ontario,2024/5/1,Agriculture,75.2,43.1,22.88,0.5731382978723404,15.5,24542107,163.2,16046534
Ontario,2024/6/1,Agriculture,79.6,45.6,22.34,0.5728643216080402,15.5,24636925,163.1,16046534
Ontario,2024/7/1,Agriculture,81.1,45.6,27.6,0.5622688039457461,15.5,24813869,163.9,16144797
Ontario,2024/8/1,Agriculture,79.3,45.6,25.22,0.575031525851198,15.5,25046631,163.3,16144797
Ontario,2024/9/1,Agriculture,75.6,41.1,23.6,0.5436507936507937,15.5,25085289,162.8,16144797
Ontario,2024/10/1,Agriculture,78.4,37.5,25.8,0.4783163265306122,17.2,25316013,163.5,16228152
Ontario,2024/11/1,Agriculture,75.6,34.7,24.44,0.458994708994709,17.2,25592433,163.5,16228152
Ontario,2024/12/1,Agriculture,78.5,32.5,28.5,0.4140127388535032,17.2,26262195,162.7,16228152
Ontario,2025/1/1,Agriculture,75,32,27.88,0.4266666666666667,17.2,26014337,162.6,16255550
Ontario,2025/2/1,Agriculture,71.3,27.9,27.25,0.391304347826087,17.2,25890794,164.6,16255550
Ontario,2025/3/1,Agriculture,67.3,27.2,27.41,0.4041604754829123,17.2,26120327,165.1,16255550
Ontario,2025/4/1,Agriculture,66.8,30.3,26.81,0.4535928143712575,17.2,26158846,164.8,16256538
Ontario,2025/5/1,Agriculture,63.6,29.1,25.76,0.4575471698113207,17.2,25505901,165.9,16256538
Ontario,2025/6/1,Agriculture,68.1,34.1,26.15,0.5007342143906022,17.2,26384470,166,16256538
Ontario,2025/7/1,Agriculture,65.8,37.5,23.64,0.5699088145896657,17.2,25986341,166.5,16258260
Ontario,2025/8/1,Agriculture,67.4,40.3,24.11,0.5979228486646884,17.2,26297958,166,16258260
Ontario,2025/9/1,Agriculture,64.8,39.6,23.78,0.6111111111111112,17.2,,166.1,16258260
Ontario,2022/1/1,"Business, building and other support services",,,,,15,,,
Ontario,2022/2/1,"Business, building and other support services",,,,,15,,,
Ontario,2022/3/1,"Business, building and other support services",,,,,15,,,
Ontario,2022/4/1,"Business, building and other support services",,,,,15,,,
Ontario,2022/5/1,"Business, building and other support services",,,,,15,,,
Ontario,2022/6/1,"Business, building and other support services",,,,,15,,,
Ontario,2022/7/1,"Business, building and other support services",,,,,15,,,
Ontario,2022/8/1,"Business, building and other support services",,,,,15,,,
Ontario,2022/9/1,"Business, building and other support services",,,,,15,,,
Ontario,2022/10/1,"Business, building and other support services",,,,,15.5,,,
Ontario,2022/11/1,"Business, building and other support services",,,,,15.5,,,
Ontario,2022/12/1,"Business, building and other support services",,,,,15.5,,,
Ontario,2023/1/1,"Business, building and other support services",284,213.8,26.09,0.7528169014084507,15.5,24608604,155.7,15407970
Ontario,2023/2/1,"Business, building and other support services",283.8,204.4,26.05,0.7202255109231853,15.5,24555377,156.4,15407970
Ontario,2023/3/1,"Business, building and other support services",304.8,216,25.56,0.7086614173228346,15.5,24340805,157.3,15407970
Ontario,2023/4/1,"Business, building and other support services",307.9,207.8,26.93,0.6748944462487821,15.5,24869443,157.9,15495050
Ontario,2023/5/1,"Business, building and other support services",299.2,218.8,26.77,0.7312834224598931,15.5,24644636,158.5,15495050
Ontario,2023/6/1,"Business, building and other support services",312.7,233.3,25.82,0.746082507195395,15.5,24934150,158.4,15495050
Ontario,2023/7/1,"Business, building and other support services",318.9,236.1,26.75,0.7403574788334901,15.5,24750799,159.6,15632481
Ontario,2023/8/1,"Business, building and other support services",308.9,228.5,26.05,0.7397215927484624,15.5,24729901,159.9,15632481
Ontario,2023/9/1,"Business, building and other support services",303.1,224.2,26.65,0.7396898713295941,15.5,25031956,159.7,15632481
Ontario,2023/10/1,"Business, building and other support services",289.7,202.3,27.24,0.6983085950983777,15.5,24904474,160.3,15823956
Ontario,2023/11/1,"Business, building and other support services",301.7,213.2,28.76,0.7066622472654955,15.5,24964268,160.6,15823956
Ontario,2023/12/1,"Business, building and other support services",289.2,207.2,26.16,0.7164591977869986,15.5,25002599,160,15823956
Ontario,2024/1/1,"Business, building and other support services",293.2,193.6,26.19,0.660300136425648,15.5,25079519,159.9,15946146
Ontario,2024/2/1,"Business, building and other support services",286,189.4,26.25,0.6622377622377622,15.5,24880518,160.2,15946146
Ontario,2024/3/1,"Business, building and other support services",300,199.4,24.92,0.6646666666666667,15.5,24877010,161.4,15946146
Ontario,2024/4/1,"Business, building and other support services",293,208.3,25.87,0.7109215017064847,15.5,24705141,162.2,16046534
Ontario,2024/5/1,"Business, building and other support services",316.2,216.2,25.62,0.6837444655281467,15.5,24542107,163.2,16046534
Ontario,2024/6/1,"Business, building and other support services",318.8,216.3,25.34,0.6784818067754078,15.5,24636925,163.1,16046534
Ontario,2024/7/1,"Business, building and other support services",325.6,226.7,25.37,0.6962530712530711,15.5,24813869,163.9,16144797
Ontario,2024/8/1,"Business, building and other support services",320.8,221.3,26.19,0.6898379052369077,15.5,25046631,163.3,16144797
Ontario,2024/9/1,"Business, building and other support services",313.2,216.1,26.32,0.6899744572158365,15.5,25085289,162.8,16144797
Ontario,2024/10/1,"Business, building and other support services",329.9,234.4,27.03,0.7105183388905729,17.2,25316013,163.5,16228152
Ontario,2024/11/1,"Business, building and other support services",322.7,220.5,27.37,0.683297180043384,17.2,25592433,163.5,16228152
Ontario,2024/12/1,"Business, building and other support services",314.1,221.1,27.64,0.7039159503342883,17.2,26262195,162.7,16228152
Ontario,2025/1/1,"Business, building and other support services",304.1,208.7,27.3,0.6862874054587306,17.2,26014337,162.6,16255550
Ontario,2025/2/1,"Business, building and other support services",308.9,202,27.98,0.6539333117513759,17.2,25890794,164.6,16255550
Ontario,2025/3/1,"Business, building and other support services",310.8,205.5,27.36,0.6611969111969112,17.2,26120327,165.1,16255550
Ontario,2025/4/1,"Business, building and other support services",293.8,200.2,27.82,0.6814159292035398,17.2,26158846,164.8,16256538
Ontario,2025/5/1,"Business, building and other support services",303.4,218,29.58,0.7185234014502307,17.2,25505901,165.9,16256538
Ontario,2025/6/1,"Business, building and other support services",303.1,213.5,29.13,0.7043879907621247,17.2,26384470,166,16256538
Ontario,2025/7/1,"Business, building and other support services",288.9,192.6,30.55,0.6666666666666667,17.2,25986341,166.5,16258260
Ontario,2025/8/1,"Business, building and other support services",291.4,204.1,29.76,0.7004118050789293,17.2,26297958,166,16258260
Ontario,2025/9/1,"Business, building and other support services",299.5,222.7,30.22,0.7435726210350584,17.2,,166.1,16258260
Ontario,2022/1/1,Construction,,,,,15,,,
Ontario,2022/2/1,Construction,,,,,15,,,
Ontario,2022/3/1,Construction,,,,,15,,,
Ontario,2022/4/1,Construction,,,,,15,,,
Ontario,2022/5/1,Construction,,,,,15,,,
Ontario,2022/6/1,Construction,,,,,15,,,
Ontario,2022/7/1,Construction,,,,,15,,,
Ontario,2022/8/1,Construction,,,,,15,,,
Ontario,2022/9/1,Construction,,,,,15,,,
Ontario,2022/10/1,Construction,,,,,15.5,,,
Ontario,2022/11/1,Construction,,,,,15.5,,,
Ontario,2022/12/1,Construction,,,,,15.5,,,
Ontario,2023/1/1,Construction,602.5,417.4,35.16,0.6927800829875518,15.5,24608604,155.7,15407970
Ontario,2023/2/1,Construction,610.8,423.6,34.72,0.6935166994106091,15.5,24555377,156.4,15407970
Ontario,2023/3/1,Construction,632.8,423,35.38,0.6684576485461442,15.5,24340805,157.3,15407970
Ontario,2023/4/1,Construction,643,449.4,35.51,0.6989113530326594,15.5,24869443,157.9,15495050
Ontario,2023/5/1,Construction,653.1,467.4,35.12,0.7156637574644005,15.5,24644636,158.5,15495050
Ontario,2023/6/1,Construction,653.1,476.1,34.79,0.7289848415250345,15.5,24934150,158.4,15495050
Ontario,2023/7/1,Construction,655.5,483,35.84,0.7368421052631579,15.5,24750799,159.6,15632481
Ontario,2023/8/1,Construction,659.5,468.2,35.49,0.709931766489765,15.5,24729901,159.9,15632481
Ontario,2023/9/1,Construction,638.6,449.4,36.72,0.7037269025994362,15.5,25031956,159.7,15632481
Ontario,2023/10/1,Construction,637.2,434.1,37.24,0.681261770244821,15.5,24904474,160.3,15823956
Ontario,2023/11/1,Construction,639.4,440.7,37.19,0.6892399124178917,15.5,24964268,160.6,15823956
Ontario,2023/12/1,Construction,618.8,417.9,37.48,0.6753393665158371,15.5,25002599,160,15823956
Ontario,2024/1/1,Construction,592.7,389.1,37.98,0.6564872616838198,15.5,25079519,159.9,15946146
Ontario,2024/2/1,Construction,601.5,395.4,37.76,0.657356608478803,15.5,24880518,160.2,15946146
Ontario,2024/3/1,Construction,625.9,409.1,37.42,0.6536187889439208,15.5,24877010,161.4,15946146
Ontario,2024/4/1,Construction,611.4,405,37.88,0.6624141315014721,15.5,24705141,162.2,16046534
Ontario,2024/5/1,Construction,619,423.4,37.69,0.6840064620355412,15.5,24542107,163.2,16046534
Ontario,2024/6/1,Construction,613.7,426.3,36.7,0.6946390744663516,15.5,24636925,163.1,16046534
Ontario,2024/7/1,Construction,615.1,432.8,36.84,0.7036254267598764,15.5,24813869,163.9,16144797
Ontario,2024/8/1,Construction,622.4,443.8,37.02,0.7130462724935733,15.5,25046631,163.3,16144797
Ontario,2024/9/1,Construction,613.7,437.5,37.65,0.7128890337298354,15.5,25085289,162.8,16144797
Ontario,2024/10/1,Construction,610.7,439.5,37.52,0.7196659570984116,17.2,25316013,163.5,16228152
Ontario,2024/11/1,Construction,602,427.2,37.54,0.7096345514950166,17.2,25592433,163.5,16228152
Ontario,2024/12/1,Construction,603.5,413.3,37.97,0.6848384424192212,17.2,26262195,162.7,16228152
Ontario,2025/1/1,Construction,611.9,403.4,39.02,0.6592580487007681,17.2,26014337,162.6,16255550
Ontario,2025/2/1,Construction,606.1,421.4,38.86,0.6952648077874938,17.2,25890794,164.6,16255550
Ontario,2025/3/1,Construction,615.8,423.9,39.31,0.688372848327379,17.2,26120327,165.1,16255550
Ontario,2025/4/1,Construction,634.5,427.4,39.57,0.6736012608353034,17.2,26158846,164.8,16256538
Ontario,2025/5/1,Construction,629.5,433.8,38.36,0.6891183478951549,17.2,25505901,165.9,16256538
Ontario,2025/6/1,Construction,646.2,454.1,37.83,0.7027236149798823,17.2,26384470,166,16256538
Ontario,2025/7/1,Construction,631.6,452.9,38.35,0.717067764407853,17.2,25986341,166.5,16258260
Ontario,2025/8/1,Construction,633.7,452.4,37.8,0.7139024775130187,17.2,26297958,166,16258260
Ontario,2025/9/1,Construction,612.8,441.3,38.53,0.7201370757180158,17.2,,166.1,16258260
Ontario,2022/1/1,Educational services,,,,,15,,,
Ontario,2022/2/1,Educational services,,,,,15,,,
Ontario,2022/3/1,Educational services,,,,,15,,,
Ontario,2022/4/1,Educational services,,,,,15,,,
Ontario,2022/5/1,Educational services,,,,,15,,,
Ontario,2022/6/1,Educational services,,,,,15,,,
Ontario,2022/7/1,Educational services,,,,,15,,,
Ontario,2022/8/1,Educational services,,,,,15,,,
Ontario,2022/9/1,Educational services,,,,,15,,,
Ontario,2022/10/1,Educational services,,,,,15.5,,,
Ontario,2022/11/1,Educational services,,,,,15.5,,,
Ontario,2022/12/1,Educational services,,,,,15.5,,,
Ontario,2023/1/1,Educational services,602.3,558.3,39.62,0.9269467043001828,15.5,24608604,155.7,15407970
Ontario,2023/2/1,Educational services,610.2,564.8,38.79,0.9255981645362176,15.5,24555377,156.4,15407970
Ontario,2023/3/1,Educational services,605.8,556.3,39.51,0.918289864641796,15.5,24340805,157.3,15407970
Ontario,2023/4/1,Educational services,603.7,562,39.72,0.9309259566009608,15.5,24869443,157.9,15495050
Ontario,2023/5/1,Educational services,612.5,559.7,39.18,0.913795918367347,15.5,24644636,158.5,15495050
Ontario,2023/6/1,Educational services,603.8,551.4,39.05,0.9132162967870155,15.5,24934150,158.4,15495050
Ontario,2023/7/1,Educational services,526.1,446.4,41.36,0.8485078882341759,15.5,24750799,159.6,15632481
Ontario,2023/8/1,Educational services,544.3,438.4,41.82,0.8054381774756568,15.5,24729901,159.9,15632481
Ontario,2023/9/1,Educational services,606.8,556.2,40.02,0.9166117336849046,15.5,25031956,159.7,15632481
Ontario,2023/10/1,Educational services,629.6,579.8,40.41,0.9209021601016516,15.5,24904474,160.3,15823956
Ontario,2023/11/1,Educational services,638.9,584,40.24,0.9140710596337456,15.5,24964268,160.6,15823956
Ontario,2023/12/1,Educational services,635.7,589.7,39.61,0.9276388233443448,15.5,25002599,160,15823956
Ontario,2024/1/1,Educational services,636.3,594.4,39.97,0.9341505579129342,15.5,25079519,159.9,15946146
Ontario,2024/2/1,Educational services,631.2,595.1,39.89,0.9428073510773132,15.5,24880518,160.2,15946146
Ontario,2024/3/1,Educational services,633.8,586.7,39.93,0.9256863363837174,15.5,24877010,161.4,15946146
Ontario,2024/4/1,Educational services,636.4,593.1,39.77,0.9319610307982402,15.5,24705141,162.2,16046534
Ontario,2024/5/1,Educational services,625.2,575.7,40.23,0.9208253358925144,15.5,24542107,163.2,16046534
Ontario,2024/6/1,Educational services,631.8,577.6,40.49,0.9142133586578032,15.5,24636925,163.1,16046534
Ontario,2024/7/1,Educational services,554,461.4,42.81,0.8328519855595667,15.5,24813869,163.9,16144797
Ontario,2024/8/1,Educational services,604.1,455.3,43.76,0.7536831650389009,15.5,25046631,163.3,16144797
Ontario,2024/9/1,Educational services,638.3,582.7,42.04,0.9128936236879212,15.5,25085289,162.8,16144797
Ontario,2024/10/1,Educational services,650.5,597.3,42.55,0.918216756341276,17.2,25316013,163.5,16228152
Ontario,2024/11/1,Educational services,668.3,612.5,42.18,0.9165045638186444,17.2,25592433,163.5,16228152
Ontario,2024/12/1,Educational services,667.3,622.5,42.02,0.932863779409561,17.2,26262195,162.7,16228152
Ontario,2025/1/1,Educational services,660.4,605.5,41.91,0.9168685645063598,17.2,26014337,162.6,16255550
Ontario,2025/2/1,Educational services,653.8,610.2,42.76,0.9333129397369228,17.2,25890794,164.6,16255550
Ontario,2025/3/1,Educational services,648.3,582.1,42.33,0.8978867808113529,17.2,26120327,165.1,16255550
Ontario,2025/4/1,Educational services,652.2,600.2,42.81,0.9202698558724318,17.2,26158846,164.8,16256538
Ontario,2025/5/1,Educational services,640.9,582.7,42.12,0.9091902012794508,17.2,25505901,165.9,16256538
Ontario,2025/6/1,Educational services,625.2,567.9,42.85,0.908349328214971,17.2,26384470,166,16256538
Ontario,2025/7/1,Educational services,568.6,476.3,43.64,0.8376714737952866,17.2,25986341,166.5,16258260
Ontario,2025/8/1,Educational services,586.9,453.5,44.04,0.7727040381666384,17.2,26297958,166,16258260
Ontario,2025/9/1,Educational services,627.8,570,43.78,0.9079324625676968,17.2,,166.1,16258260
Ontario,2022/1/1,"Finance, insurance, real estate, rental and leasing",,,,,15,,,
Ontario,2022/2/1,"Finance, insurance, real estate, rental and leasing",,,,,15,,,
Ontario,2022/3/1,"Finance, insurance, real estate, rental and leasing",,,,,15,,,
Ontario,2022/4/1,"Finance, insurance, real estate, rental and leasing",,,,,15,,,
Ontario,2022/5/1,"Finance, insurance, real estate, rental and leasing",,,,,15,,,
Ontario,2022/6/1,"Finance, insurance, real estate, rental and leasing",,,,,15,,,
Ontario,2022/7/1,"Finance, insurance, real estate, rental and leasing",,,,,15,,,
Ontario,2022/8/1,"Finance, insurance, real estate, rental and leasing",,,,,15,,,
Ontario,2022/9/1,"Finance, insurance, real estate, rental and leasing",,,,,15,,,
Ontario,2022/10/1,"Finance, insurance, real estate, rental and leasing",,,,,15.5,,,
Ontario,2022/11/1,"Finance, insurance, real estate, rental and leasing",,,,,15.5,,,
Ontario,2022/12/1,"Finance, insurance, real estate, rental and leasing",,,,,15.5,,,
Ontario,2023/1/1,"Finance, insurance, real estate, rental and leasing",703.5,581.5,42.1,0.8265813788201848,15.5,24608604,155.7,15407970
Ontario,2023/2/1,"Finance, insurance, real estate, rental and leasing",700.9,584.1,43.2,0.8333571122842061,15.5,24555377,156.4,15407970
Ontario,2023/3/1,"Finance, insurance, real estate, rental and leasing",705.8,589.2,42.22,0.8347973930291869,15.5,24340805,157.3,15407970
Ontario,2023/4/1,"Finance, insurance, real estate, rental and leasing",705.9,597.4,42.73,0.8462955092789347,15.5,24869443,157.9,15495050
Ontario,2023/5/1,"Finance, insurance, real estate, rental and leasing",701.4,587.8,42.71,0.8380382092956943,15.5,24644636,158.5,15495050
Ontario,2023/6/1,"Finance, insurance, real estate, rental and leasing",705.2,601.6,43.53,0.8530913216108905,15.5,24934150,158.4,15495050
Ontario,2023/7/1,"Finance, insurance, real estate, rental and leasing",690.3,598.9,42.94,0.8675937997971896,15.5,24750799,159.6,15632481
Ontario,2023/8/1,"Finance, insurance, real estate, rental and leasing",695.8,605.7,43.37,0.8705087668870366,15.5,24729901,159.9,15632481
Ontario,2023/9/1,"Finance, insurance, real estate, rental and leasing",673,579.8,43.85,0.8615156017830609,15.5,25031956,159.7,15632481
Ontario,2023/10/1,"Finance, insurance, real estate, rental and leasing",675.3,573.7,43.71,0.8495483488819785,15.5,24904474,160.3,15823956
Ontario,2023/11/1,"Finance, insurance, real estate, rental and leasing",677.9,559.8,44,0.8257855140876235,15.5,24964268,160.6,15823956
Ontario,2023/12/1,"Finance, insurance, real estate, rental and leasing",680,566.2,44.69,0.8326470588235295,15.5,25002599,160,15823956
Ontario,2024/1/1,"Finance, insurance, real estate, rental and leasing",703.5,587.9,45.09,0.8356787491115849,15.5,25079519,159.9,15946146
Ontario,2024/2/1,"Finance, insurance, real estate, rental and leasing",702.6,582.1,44.76,0.8284941645317393,15.5,24880518,160.2,15946146
Ontario,2024/3/1,"Finance, insurance, real estate, rental and leasing",702.3,578.4,44.52,0.823579666809056,15.5,24877010,161.4,15946146
Ontario,2024/4/1,"Finance, insurance, real estate, rental and leasing",703.3,577.6,43.77,0.8212711502914831,15.5,24705141,162.2,16046534
Ontario,2024/5/1,"Finance, insurance, real estate, rental and leasing",727.2,602.3,43.84,0.8282453245324531,15.5,24542107,163.2,16046534
Ontario,2024/6/1,"Finance, insurance, real estate, rental and leasing",729.8,604.6,44.36,0.8284461496300357,15.5,24636925,163.1,16046534
Ontario,2024/7/1,"Finance, insurance, real estate, rental and leasing",729.5,607.5,44.2,0.8327621658670322,15.5,24813869,163.9,16144797
Ontario,2024/8/1,"Finance, insurance, real estate, rental and leasing",747.4,614.6,45.36,0.8223173668718223,15.5,25046631,163.3,16144797
Ontario,2024/9/1,"Finance, insurance, real estate, rental and leasing",736.7,613.4,44.91,0.8326320076014659,15.5,25085289,162.8,16144797
Ontario,2024/10/1,"Finance, insurance, real estate, rental and leasing",730.7,598.1,46.66,0.8185301765430409,17.2,25316013,163.5,16228152
Ontario,2024/11/1,"Finance, insurance, real estate, rental and leasing",711.7,584.3,46.6,0.8209919910074468,17.2,25592433,163.5,16228152
Ontario,2024/12/1,"Finance, insurance, real estate, rental and leasing",721.3,602.6,45.8,0.8354360183002912,17.2,26262195,162.7,16228152
Ontario,2025/1/1,"Finance, insurance, real estate, rental and leasing",712.6,596.4,45.99,0.8369351669941061,17.2,26014337,162.6,16255550
Ontario,2025/2/1,"Finance, insurance, real estate, rental and leasing",730,603.3,45.25,0.8264383561643835,17.2,25890794,164.6,16255550
Ontario,2025/3/1,"Finance, insurance, real estate, rental and leasing",719.8,597.8,44.53,0.8305084745762712,17.2,26120327,165.1,16255550
Ontario,2025/4/1,"Finance, insurance, real estate, rental and leasing",744.6,608.5,45.91,0.8172172978780553,17.2,26158846,164.8,16256538
Ontario,2025/5/1,"Finance, insurance, real estate, rental and leasing",753.1,619.5,45.34,0.8225999203293055,17.2,25505901,165.9,16256538
Ontario,2025/6/1,"Finance, insurance, real estate, rental and leasing",742,615.1,44.47,0.8289757412398923,17.2,26384470,166,16256538
Ontario,2025/7/1,"Finance, insurance, real estate, rental and leasing",745.4,621.9,44.77,0.8343171451569626,17.2,25986341,166.5,16258260
Ontario,2025/8/1,"Finance, insurance, real estate, rental and leasing",753.7,622.3,46.18,0.825660076953695,17.2,26297958,166,16258260
Ontario,2025/9/1,"Finance, insurance, real estate, rental and leasing",747.3,615.2,47.58,0.8232302957312995,17.2,,166.1,16258260
Ontario,2022/1/1,"Forestry, fishing, mining, quarrying, oil and gas",,,,,15,,,
Ontario,2022/2/1,"Forestry, fishing, mining, quarrying, oil and gas",,,,,15,,,
Ontario,2022/3/1,"Forestry, fishing, mining, quarrying, oil and gas",,,,,15,,,
Ontario,2022/4/1,"Forestry, fishing, mining, quarrying, oil and gas",,,,,15,,,
Ontario,2022/5/1,"Forestry, fishing, mining, quarrying, oil and gas",,,,,15,,,
Ontario,2022/6/1,"Forestry, fishing, mining, quarrying, oil and gas",,,,,15,,,
Ontario,2022/7/1,"Forestry, fishing, mining, quarrying, oil and gas",,,,,15,,,
Ontario,2022/8/1,"Forestry, fishing, mining, quarrying, oil and gas",,,,,15,,,
Ontario,2022/9/1,"Forestry, fishing, mining, quarrying, oil and gas",,,,,15,,,
Ontario,2022/10/1,"Forestry, fishing, mining, quarrying, oil and gas",,,,,15.5,,,
Ontario,2022/11/1,"Forestry, fishing, mining, quarrying, oil and gas",,,,,15.5,,,
Ontario,2022/12/1,"Forestry, fishing, mining, quarrying, oil and gas",,,,,15.5,,,
Ontario,2023/1/1,"Forestry, fishing, mining, quarrying, oil and gas",47.7,41.3,46.34,0.8658280922431865,15.5,24608604,155.7,15407970
Ontario,2023/2/1,"Forestry, fishing, mining, quarrying, oil and gas",44,40.4,47.85,0.918181818181818,15.5,24555377,156.4,15407970
Ontario,2023/3/1,"Forestry, fishing, mining, quarrying, oil and gas",44,41.4,47.64,0.9409090909090908,15.5,24340805,157.3,15407970
Ontario,2023/4/1,"Forestry, fishing, mining, quarrying, oil and gas",44.3,42.9,44.42,0.9683972911963884,15.5,24869443,157.9,15495050
Ontario,2023/5/1,"Forestry, fishing, mining, quarrying, oil and gas",47.6,44.3,45.79,0.9306722689075628,15.5,24644636,158.5,15495050
Ontario,2023/6/1,"Forestry, fishing, mining, quarrying, oil and gas",49.5,46.6,41.69,0.9414141414141416,15.5,24934150,158.4,15495050
Ontario,2023/7/1,"Forestry, fishing, mining, quarrying, oil and gas",44,42.9,43.39,0.975,15.5,24750799,159.6,15632481
Ontario,2023/8/1,"Forestry, fishing, mining, quarrying, oil and gas",45.8,44.5,40.53,0.9716157205240176,15.5,24729901,159.9,15632481
Ontario,2023/9/1,"Forestry, fishing, mining, quarrying, oil and gas",44.3,42.5,43.29,0.9593679458239278,15.5,25031956,159.7,15632481
Ontario,2023/10/1,"Forestry, fishing, mining, quarrying, oil and gas",43.9,38.6,43.44,0.8792710706150342,15.5,24904474,160.3,15823956
Ontario,2023/11/1,"Forestry, fishing, mining, quarrying, oil and gas",47.4,41.4,44.07,0.8734177215189873,15.5,24964268,160.6,15823956
Ontario,2023/12/1,"Forestry, fishing, mining, quarrying, oil and gas",49.8,40.4,47.69,0.8112449799196787,15.5,25002599,160,15823956
Ontario,2024/1/1,"Forestry, fishing, mining, quarrying, oil and gas",43.9,38,42.93,0.8656036446469249,15.5,25079519,159.9,15946146
Ontario,2024/2/1,"Forestry, fishing, mining, quarrying, oil and gas",42.8,38,43.46,0.8878504672897197,15.5,24880518,160.2,15946146
Ontario,2024/3/1,"Forestry, fishing, mining, quarrying, oil and gas",45.6,39.8,46.83,0.8728070175438596,15.5,24877010,161.4,15946146
Ontario,2024/4/1,"Forestry, fishing, mining, quarrying, oil and gas",45.1,38.6,45.4,0.8558758314855875,15.5,24705141,162.2,16046534
Ontario,2024/5/1,"Forestry, fishing, mining, quarrying, oil and gas",45.4,40.3,44.16,0.8876651982378855,15.5,24542107,163.2,16046534
Ontario,2024/6/1,"Forestry, fishing, mining, quarrying, oil and gas",45.7,42.1,47.25,0.9212253829321664,15.5,24636925,163.1,16046534
Ontario,2024/7/1,"Forestry, fishing, mining, quarrying, oil and gas",48.7,43.5,48.27,0.893223819301848,15.5,24813869,163.9,16144797
Ontario,2024/8/1,"Forestry, fishing, mining, quarrying, oil and gas",47.5,44.2,48.81,0.9305263157894738,15.5,25046631,163.3,16144797
Ontario,2024/9/1,"Forestry, fishing, mining, quarrying, oil and gas",45.3,41,48.07,0.9050772626931568,15.5,25085289,162.8,16144797
Ontario,2024/10/1,"Forestry, fishing, mining, quarrying, oil and gas",46.8,42.6,48.78,0.9102564102564104,17.2,25316013,163.5,16228152
Ontario,2024/11/1,"Forestry, fishing, mining, quarrying, oil and gas",50.6,43.3,46.68,0.8557312252964426,17.2,25592433,163.5,16228152
Ontario,2024/12/1,"Forestry, fishing, mining, quarrying, oil and gas",46.5,42.3,45.22,0.9096774193548388,17.2,26262195,162.7,16228152
Ontario,2025/1/1,"Forestry, fishing, mining, quarrying, oil and gas",45.7,40.2,46.81,0.8796498905908097,17.2,26014337,162.6,16255550
Ontario,2025/2/1,"Forestry, fishing, mining, quarrying, oil and gas",44.4,41.3,47.24,0.93018018018018,17.2,25890794,164.6,16255550
Ontario,2025/3/1,"Forestry, fishing, mining, quarrying, oil and gas",45.8,42.2,48.74,0.921397379912664,17.2,26120327,165.1,16255550
Ontario,2025/4/1,"Forestry, fishing, mining, quarrying, oil and gas",45.1,41.2,46.19,0.9135254988913526,17.2,26158846,164.8,16256538
Ontario,2025/5/1,"Forestry, fishing, mining, quarrying, oil and gas",48.1,44.9,48.76,0.9334719334719336,17.2,25505901,165.9,16256538
Ontario,2025/6/1,"Forestry, fishing, mining, quarrying, oil and gas",46.5,43.4,45.24,0.9333333333333332,17.2,26384470,166,16256538
Ontario,2025/7/1,"Forestry, fishing, mining, quarrying, oil and gas",47.5,43.8,46,0.9221052631578948,17.2,25986341,166.5,16258260
Ontario,2025/8/1,"Forestry, fishing, mining, quarrying, oil and gas",47.2,43.5,48.79,0.9216101694915254,17.2,26297958,166,16258260
Ontario,2025/9/1,"Forestry, fishing, mining, quarrying, oil and gas",49.4,44.8,42.3,0.9068825910931174,17.2,,166.1,16258260
Ontario,2022/1/1,Goods-producing sector,,,,,15,,,
Ontario,2022/2/1,Goods-producing sector,,,,,15,,,
Ontario,2022/3/1,Goods-producing sector,,,,,15,,,
Ontario,2022/4/1,Goods-producing sector,,,,,15,,,
Ontario,2022/5/1,Goods-producing sector,,,,,15,,,
Ontario,2022/6/1,Goods-producing sector,,,,,15,,,
Ontario,2022/7/1,Goods-producing sector,,,,,15,,,
Ontario,2022/8/1,Goods-producing sector,,,,,15,,,
Ontario,2022/9/1,Goods-producing sector,,,,,15,,,
Ontario,2022/10/1,Goods-producing sector,,,,,15.5,,,
Ontario,2022/11/1,Goods-producing sector,,,,,15.5,,,
Ontario,2022/12/1,Goods-producing sector,,,,,15.5,,,
Ontario,2023/1/1,Goods-producing sector,1611.5,1319.5,34.71,0.8188023580515048,15.5,24608604,155.7,15407970
Ontario,2023/2/1,Goods-producing sector,1639.4,1335,34.22,0.8143223130413565,15.5,24555377,156.4,15407970
Ontario,2023/3/1,Goods-producing sector,1641.3,1324,34.86,0.8066776335831354,15.5,24340805,157.3,15407970
Ontario,2023/4/1,Goods-producing sector,1651.9,1362.6,34.86,0.8248683334342272,15.5,24869443,157.9,15495050
Ontario,2023/5/1,Goods-producing sector,1711.2,1433,34.57,0.8374240299205236,15.5,24644636,158.5,15495050
Ontario,2023/6/1,Goods-producing sector,1726.6,1453.9,34.24,0.8420595389783391,15.5,24934150,158.4,15495050
Ontario,2023/7/1,Goods-producing sector,1744.1,1477.5,34.84,0.8471417923284216,15.5,24750799,159.6,15632481
Ontario,2023/8/1,Goods-producing sector,1731.8,1443.3,34.76,0.8334103245178427,15.5,24729901,159.9,15632481
Ontario,2023/9/1,Goods-producing sector,1687.3,1392.6,35.81,0.8253422627867006,15.5,25031956,159.7,15632481
Ontario,2023/10/1,Goods-producing sector,1686.4,1366.8,35.69,0.8104838709677419,15.5,24904474,160.3,15823956
Ontario,2023/11/1,Goods-producing sector,1685.3,1376.2,35.8,0.8165905180086632,15.5,24964268,160.6,15823956
Ontario,2023/12/1,Goods-producing sector,1658.2,1332.3,36.3,0.8034615848510432,15.5,25002599,160,15823956
Ontario,2024/1/1,Goods-producing sector,1619.4,1298.2,36.24,0.8016549339261455,15.5,25079519,159.9,15946146
Ontario,2024/2/1,Goods-producing sector,1628.6,1320.7,36.52,0.8109419132997667,15.5,24880518,160.2,15946146
Ontario,2024/3/1,Goods-producing sector,1662.8,1340.7,36.33,0.8062905941784941,15.5,24877010,161.4,15946146
Ontario,2024/4/1,Goods-producing sector,1656.8,1342,36.48,0.8099951714147755,15.5,24705141,162.2,16046534
Ontario,2024/5/1,Goods-producing sector,1676.3,1383.7,36.31,0.8254489053272088,15.5,24542107,163.2,16046534
Ontario,2024/6/1,Goods-producing sector,1692.1,1409.7,35.92,0.8331067903788193,15.5,24636925,163.1,16046534
Ontario,2024/7/1,Goods-producing sector,1693.1,1405.5,36.58,0.830134073592818,15.5,24813869,163.9,16144797
Ontario,2024/8/1,Goods-producing sector,1695.2,1416.3,36.69,0.8354766399244926,15.5,25046631,163.3,16144797
Ontario,2024/9/1,Goods-producing sector,1645.5,1371.3,37.1,0.8333637192342752,15.5,25085289,162.8,16144797
Ontario,2024/10/1,Goods-producing sector,1644.2,1366.3,37.15,0.8309816324048169,17.2,25316013,163.5,16228152
Ontario,2024/11/1,Goods-producing sector,1630.7,1335.4,37.23,0.8189121236278899,17.2,25592433,163.5,16228152
Ontario,2024/12/1,Goods-producing sector,1632.1,1329.9,37.12,0.8148397769744502,17.2,26262195,162.7,16228152
Ontario,2025/1/1,Goods-producing sector,1645.8,1332.9,37.22,0.8098796937659498,17.2,26014337,162.6,16255550
Ontario,2025/2/1,Goods-producing sector,1653.6,1355.3,37.29,0.8196057087566522,17.2,25890794,164.6,16255550
Ontario,2025/3/1,Goods-producing sector,1659.5,1363.7,37.5,0.8217535402229588,17.2,26120327,165.1,16255550
Ontario,2025/4/1,Goods-producing sector,1661.1,1346.6,37.57,0.8106676298838119,17.2,26158846,164.8,16256538
Ontario,2025/5/1,Goods-producing sector,1668.2,1370.2,37.63,0.8213643448027814,17.2,25505901,165.9,16256538
Ontario,2025/6/1,Goods-producing sector,1696,1402.4,36.74,0.8268867924528303,17.2,26384470,166,16256538
Ontario,2025/7/1,Goods-producing sector,1678.5,1403.4,37.42,0.8361036639857016,17.2,25986341,166.5,16258260
Ontario,2025/8/1,Goods-producing sector,1683.9,1410.3,37.5,0.8375200427578834,17.2,26297958,166,16258260
Ontario,2025/9/1,Goods-producing sector,1643.1,1373.8,37.66,0.8361024891972492,17.2,,166.1,16258260
Ontario,2022/1/1,Health care and social assistance,,,,,15,,,
Ontario,2022/2/1,Health care and social assistance,,,,,15,,,
Ontario,2022/3/1,Health care and social assistance,,,,,15,,,
Ontario,2022/4/1,Health care and social assistance,,,,,15,,,
Ontario,2022/5/1,Health care and social assistance,,,,,15,,,
Ontario,2022/6/1,Health care and social assistance,,,,,15,,,
Ontario,2022/7/1,Health care and social assistance,,,,,15,,,
Ontario,2022/8/1,Health care and social assistance,,,,,15,,,
Ontario,2022/9/1,Health care and social assistance,,,,,15,,,
Ontario,2022/10/1,Health care and social assistance,,,,,15.5,,,
Ontario,2022/11/1,Health care and social assistance,,,,,15.5,,,
Ontario,2022/12/1,Health care and social assistance,,,,,15.5,,,
Ontario,2023/1/1,Health care and social assistance,973.7,841.9,31.62,0.8646400328643319,15.5,24608604,155.7,15407970
Ontario,2023/2/1,Health care and social assistance,984.8,856,31.55,0.8692120227457352,15.5,24555377,156.4,15407970
Ontario,2023/3/1,Health care and social assistance,988.3,854.9,31.61,0.8650207426894668,15.5,24340805,157.3,15407970
Ontario,2023/4/1,Health care and social assistance,981.9,841.3,32.23,0.8568082289438843,15.5,24869443,157.9,15495050
Ontario,2023/5/1,Health care and social assistance,983.3,840.4,32.15,0.8546730397640598,15.5,24644636,158.5,15495050
Ontario,2023/6/1,Health care and social assistance,1004.9,848.3,32.3,0.8441635983679968,15.5,24934150,158.4,15495050
Ontario,2023/7/1,Health care and social assistance,1013.5,853.7,32.94,0.8423285643808585,15.5,24750799,159.6,15632481
Ontario,2023/8/1,Health care and social assistance,1007.6,849.3,33.12,0.842894005557761,15.5,24729901,159.9,15632481
Ontario,2023/9/1,Health care and social assistance,1008.1,859.4,32.77,0.8524947921833151,15.5,25031956,159.7,15632481
Ontario,2023/10/1,Health care and social assistance,1016.4,874.3,33.03,0.8601928374655647,15.5,24904474,160.3,15823956
Ontario,2023/11/1,Health care and social assistance,1001.6,860.2,33.4,0.8588258785942492,15.5,24964268,160.6,15823956
Ontario,2023/12/1,Health care and social assistance,985.2,858.3,33.14,0.8711936662606576,15.5,25002599,160,15823956
Ontario,2024/1/1,Health care and social assistance,991.5,869.1,33.96,0.8765506807866869,15.5,25079519,159.9,15946146
Ontario,2024/2/1,Health care and social assistance,1007.5,870.2,33.85,0.8637220843672457,15.5,24880518,160.2,15946146
Ontario,2024/3/1,Health care and social assistance,1025.9,874.9,33.66,0.8528121649283555,15.5,24877010,161.4,15946146
Ontario,2024/4/1,Health care and social assistance,1011.8,871.4,33.86,0.8612373986953944,15.5,24705141,162.2,16046534
Ontario,2024/5/1,Health care and social assistance,1030.8,891.8,33.76,0.8651532790065968,15.5,24542107,163.2,16046534
Ontario,2024/6/1,Health care and social assistance,1038.9,898.2,34.2,0.8645682933872365,15.5,24636925,163.1,16046534
Ontario,2024/7/1,Health care and social assistance,1037,896.1,33.89,0.8641272902603665,15.5,24813869,163.9,16144797
Ontario,2024/8/1,Health care and social assistance,1046.1,905.5,34.53,0.8655960233247301,15.5,25046631,163.3,16144797
Ontario,2024/9/1,Health care and social assistance,1032.5,896.8,35.04,0.8685714285714285,15.5,25085289,162.8,16144797
Ontario,2024/10/1,Health care and social assistance,1027.9,891.7,35.14,0.8674968382138339,17.2,25316013,163.5,16228152
Ontario,2024/11/1,Health care and social assistance,1033.1,894.2,35,0.8655502855483498,17.2,25592433,163.5,16228152
Ontario,2024/12/1,Health care and social assistance,1012.2,868.6,36.06,0.8581308041888954,17.2,26262195,162.7,16228152
Ontario,2025/1/1,Health care and social assistance,1034.4,899.1,35.36,0.869199535962877,17.2,26014337,162.6,16255550
Ontario,2025/2/1,Health care and social assistance,1037.9,914,36.11,0.8806243376047788,17.2,25890794,164.6,16255550
Ontario,2025/3/1,Health care and social assistance,1038.9,904.1,36.18,0.8702473770334006,17.2,26120327,165.1,16255550
Ontario,2025/4/1,Health care and social assistance,1035.9,886.6,35.94,0.8558741191234674,17.2,26158846,164.8,16256538
Ontario,2025/5/1,Health care and social assistance,1044.4,891.1,36.36,0.8532171581769437,17.2,25505901,165.9,16256538
Ontario,2025/6/1,Health care and social assistance,1059.5,914.7,35.81,0.8633317602642756,17.2,26384470,166,16256538
Ontario,2025/7/1,Health care and social assistance,1050.3,914.8,35.88,0.8709892411691897,17.2,25986341,166.5,16258260
Ontario,2025/8/1,Health care and social assistance,1047.8,902.1,35.47,0.8609467455621302,17.2,26297958,166,16258260
Ontario,2025/9/1,Health care and social assistance,1033.3,894,35.58,0.8651891996516017,17.2,,166.1,16258260
Ontario,2022/1/1,"Information, culture and recreation",,,,,15,,,
Ontario,2022/2/1,"Information, culture and recreation",,,,,15,,,
Ontario,2022/3/1,"Information, culture and recreation",,,,,15,,,
Ontario,2022/4/1,"Information, culture and recreation",,,,,15,,,
Ontario,2022/5/1,"Information, culture and recreation",,,,,15,,,
Ontario,2022/6/1,"Information, culture and recreation",,,,,15,,,
Ontario,2022/7/1,"Information, culture and recreation",,,,,15,,,
Ontario,2022/8/1,"Information, culture and recreation",,,,,15,,,
Ontario,2022/9/1,"Information, culture and recreation",,,,,15,,,
Ontario,2022/10/1,"Information, culture and recreation",,,,,15.5,,,
Ontario,2022/11/1,"Information, culture and recreation",,,,,15.5,,,
Ontario,2022/12/1,"Information, culture and recreation",,,,,15.5,,,
Ontario,2023/1/1,"Information, culture and recreation",328.7,251,32.54,0.763614237906906,15.5,24608604,155.7,15407970
Ontario,2023/2/1,"Information, culture and recreation",325.9,248.9,33,0.7637312058913778,15.5,24555377,156.4,15407970
Ontario,2023/3/1,"Information, culture and recreation",327.9,255.7,31.99,0.7798109179627936,15.5,24340805,157.3,15407970
Ontario,2023/4/1,"Information, culture and recreation",340.8,270,32.25,0.7922535211267605,15.5,24869443,157.9,15495050
Ontario,2023/5/1,"Information, culture and recreation",368,298.4,31.51,0.8108695652173913,15.5,24644636,158.5,15495050
Ontario,2023/6/1,"Information, culture and recreation",370.1,305.9,31.92,0.8265333693596324,15.5,24934150,158.4,15495050
Ontario,2023/7/1,"Information, culture and recreation",385.8,327.4,30.32,0.8486262312078796,15.5,24750799,159.6,15632481
Ontario,2023/8/1,"Information, culture and recreation",383.9,326.9,30.64,0.8515238343318573,15.5,24729901,159.9,15632481
Ontario,2023/9/1,"Information, culture and recreation",329.6,260.8,32.63,0.7912621359223301,15.5,25031956,159.7,15632481
Ontario,2023/10/1,"Information, culture and recreation",335.5,273.7,32.76,0.8157973174366616,15.5,24904474,160.3,15823956
Ontario,2023/11/1,"Information, culture and recreation",331.2,268,33.88,0.8091787439613527,15.5,24964268,160.6,15823956
Ontario,2023/12/1,"Information, culture and recreation",312,253,33.53,0.8108974358974359,15.5,25002599,160,15823956
Ontario,2024/1/1,"Information, culture and recreation",324,256.9,33.59,0.7929012345679012,15.5,25079519,159.9,15946146
Ontario,2024/2/1,"Information, culture and recreation",325.9,257.5,32.41,0.7901196686100032,15.5,24880518,160.2,15946146
Ontario,2024/3/1,"Information, culture and recreation",338.1,264.4,32.01,0.7820171546879621,15.5,24877010,161.4,15946146
Ontario,2024/4/1,"Information, culture and recreation",333.2,260.3,31.39,0.7812124849939976,15.5,24705141,162.2,16046534
Ontario,2024/5/1,"Information, culture and recreation",362.5,287.5,30.98,0.7931034482758621,15.5,24542107,163.2,16046534
Ontario,2024/6/1,"Information, culture and recreation",371.5,285.7,32.11,0.7690444145356662,15.5,24636925,163.1,16046534
Ontario,2024/7/1,"Information, culture and recreation",399.6,323.5,30.56,0.8095595595595595,15.5,24813869,163.9,16144797
Ontario,2024/8/1,"Information, culture and recreation",390.3,322,32.54,0.8250064053292339,15.5,25046631,163.3,16144797
Ontario,2024/9/1,"Information, culture and recreation",348.1,280.2,36.45,0.8049411088767595,15.5,25085289,162.8,16144797
Ontario,2024/10/1,"Information, culture and recreation",342.8,272.7,36.24,0.7955075845974329,17.2,25316013,163.5,16228152
Ontario,2024/11/1,"Information, culture and recreation",346,277.9,35.9,0.8031791907514451,17.2,25592433,163.5,16228152
Ontario,2024/12/1,"Information, culture and recreation",364.7,279,37.15,0.7650123389086921,17.2,26262195,162.7,16228152
Ontario,2025/1/1,"Information, culture and recreation",378.8,289,36.39,0.762935586061246,17.2,26014337,162.6,16255550
Ontario,2025/2/1,"Information, culture and recreation",370.8,278,37.4,0.7497303128371089,17.2,25890794,164.6,16255550
Ontario,2025/3/1,"Information, culture and recreation",355.6,251.8,38.97,0.7080989876265467,17.2,26120327,165.1,16255550
Ontario,2025/4/1,"Information, culture and recreation",356.6,264.8,37.43,0.7425687044307347,17.2,26158846,164.8,16256538
Ontario,2025/5/1,"Information, culture and recreation",380.9,294.1,36.75,0.7721186663166186,17.2,25505901,165.9,16256538
Ontario,2025/6/1,"Information, culture and recreation",394.1,310.5,36.55,0.7878710987059122,17.2,26384470,166,16256538
Ontario,2025/7/1,"Information, culture and recreation",402.2,319.5,34.2,0.7943809050223769,17.2,25986341,166.5,16258260
Ontario,2025/8/1,"Information, culture and recreation",404.2,322.4,35.11,0.7976249381494309,17.2,26297958,166,16258260
Ontario,2025/9/1,"Information, culture and recreation",350.2,274.8,36.49,0.7846944603083953,17.2,,166.1,16258260
Ontario,2022/1/1,Manufacturing,,,,,15,,,
Ontario,2022/2/1,Manufacturing,,,,,15,,,
Ontario,2022/3/1,Manufacturing,,,,,15,,,
Ontario,2022/4/1,Manufacturing,,,,,15,,,
Ontario,2022/5/1,Manufacturing,,,,,15,,,
Ontario,2022/6/1,Manufacturing,,,,,15,,,
Ontario,2022/7/1,Manufacturing,,,,,15,,,
Ontario,2022/8/1,Manufacturing,,,,,15,,,
Ontario,2022/9/1,Manufacturing,,,,,15,,,
Ontario,2022/10/1,Manufacturing,,,,,15.5,,,
Ontario,2022/11/1,Manufacturing,,,,,15.5,,,
Ontario,2022/12/1,Manufacturing,,,,,15.5,,,
Ontario,2023/1/1,Manufacturing,822.7,766.2,33.09,0.9313236902880758,15.5,24608604,155.7,15407970
Ontario,2023/2/1,Manufacturing,844.7,774.9,32.34,0.9173671125843494,15.5,24555377,156.4,15407970
Ontario,2023/3/1,Manufacturing,824.8,767.1,33.02,0.930043646944714,15.5,24340805,157.3,15407970
Ontario,2023/4/1,Manufacturing,828.8,774.9,33.07,0.9349662162162162,15.5,24869443,157.9,15495050
Ontario,2023/5/1,Manufacturing,862.7,817.2,32.95,0.9472586066998956,15.5,24644636,158.5,15495050
Ontario,2023/6/1,Manufacturing,876.4,826.3,32.67,0.9428343222272936,15.5,24934150,158.4,15495050
Ontario,2023/7/1,Manufacturing,885.2,836.3,32.98,0.944758246723904,15.5,24750799,159.6,15632481
Ontario,2023/8/1,Manufacturing,870.6,818.8,33.34,0.9405008040431884,15.5,24729901,159.9,15632481
Ontario,2023/9/1,Manufacturing,857.1,794.8,34.02,0.9273130323182824,15.5,25031956,159.7,15632481
Ontario,2023/10/1,Manufacturing,856.2,791.3,33.44,0.9241999532819434,15.5,24904474,160.3,15823956
Ontario,2023/11/1,Manufacturing,854.7,793.8,33.68,0.9287469287469288,15.5,24964268,160.6,15823956
Ontario,2023/12/1,Manufacturing,853.3,777.8,34.34,0.9115199812492676,15.5,25002599,160,15823956
Ontario,2024/1/1,Manufacturing,852.3,783,34.26,0.9186906019007391,15.5,25079519,159.9,15946146
Ontario,2024/2/1,Manufacturing,851.1,793.9,34.76,0.9327928563036072,15.5,24880518,160.2,15946146
Ontario,2024/3/1,Manufacturing,865.1,804.2,34.65,0.9296035140446192,15.5,24877010,161.4,15946146
Ontario,2024/4/1,Manufacturing,878.7,814.9,34.67,0.9273927392739272,15.5,24705141,162.2,16046534
Ontario,2024/5/1,Manufacturing,879.4,819.8,34.57,0.9322265180805094,15.5,24542107,163.2,16046534
Ontario,2024/6/1,Manufacturing,894.3,837.6,34.21,0.93659845689366,15.5,24636925,163.1,16046534
Ontario,2024/7/1,Manufacturing,883.9,819.8,34.42,0.9274804842176716,15.5,24813869,163.9,16144797
Ontario,2024/8/1,Manufacturing,881,820.2,34.8,0.9309875141884224,15.5,25046631,163.3,16144797
Ontario,2024/9/1,Manufacturing,848.3,789.4,35.17,0.9305670163857126,15.5,25085289,162.8,16144797
Ontario,2024/10/1,Manufacturing,848.6,786.9,35.2,0.9272920103700212,17.2,25316013,163.5,16228152
Ontario,2024/11/1,Manufacturing,843.8,772.6,35.27,0.9156198151220668,17.2,25592433,163.5,16228152
Ontario,2024/12/1,Manufacturing,841.9,780.2,34.93,0.926713386387932,17.2,26262195,162.7,16228152
Ontario,2025/1/1,Manufacturing,850.4,794.6,34.49,0.9343838193791156,17.2,26014337,162.6,16255550
Ontario,2025/2/1,Manufacturing,871.2,805,34.75,0.9240128558310376,17.2,25890794,164.6,16255550
Ontario,2025/3/1,Manufacturing,866.2,805.9,34.33,0.9303855922419764,17.2,26120327,165.1,16255550
Ontario,2025/4/1,Manufacturing,846.4,781.5,34.47,0.9233223062381852,17.2,26158846,164.8,16256538
Ontario,2025/5/1,Manufacturing,855.5,793,35.29,0.9269433080070134,17.2,25505901,165.9,16256538
Ontario,2025/6/1,Manufacturing,861.1,800.4,34.18,0.9295087678550692,17.2,26384470,166,16256538
Ontario,2025/7/1,Manufacturing,863.9,802.2,35.23,0.928579696724158,17.2,25986341,166.5,16258260
Ontario,2025/8/1,Manufacturing,865.1,806.1,35.45,0.9317997919315686,17.2,26297958,166,16258260
Ontario,2025/9/1,Manufacturing,850.9,783.4,35.66,0.9206722294041604,17.2,,166.1,16258260
Ontario,2022/1/1,Other services (except public administration),,,,,15,,,
Ontario,2022/2/1,Other services (except public administration),,,,,15,,,
Ontario,2022/3/1,Other services (except public administration),,,,,15,,,
Ontario,2022/4/1,Other services (except public administration),,,,,15,,,
Ontario,2022/5/1,Other services (except public administration),,,,,15,,,
Ontario,2022/6/1,Other services (except public administration),,,,,15,,,
Ontario,2022/7/1,Other services (except public administration),,,,,15,,,
Ontario,2022/8/1,Other services (except public administration),,,,,15,,,
Ontario,2022/9/1,Other services (except public administration),,,,,15,,,
Ontario,2022/10/1,Other services (except public administration),,,,,15.5,,,
Ontario,2022/11/1,Other services (except public administration),,,,,15.5,,,
Ontario,2022/12/1,Other services (except public administration),,,,,15.5,,,
Ontario,2023/1/1,Other services (except public administration),270.1,193.5,29.3,0.716401332839689,15.5,24608604,155.7,15407970
Ontario,2023/2/1,Other services (except public administration),268.2,198.9,28.89,0.7416107382550337,15.5,24555377,156.4,15407970
Ontario,2023/3/1,Other services (except public administration),270.1,202.1,29.15,0.7482413920770085,15.5,24340805,157.3,15407970
Ontario,2023/4/1,Other services (except public administration),265.6,192.7,29.19,0.7255271084337348,15.5,24869443,157.9,15495050
Ontario,2023/5/1,Other services (except public administration),270.4,200.1,27.78,0.7400147928994083,15.5,24644636,158.5,15495050
Ontario,2023/6/1,Other services (except public administration),279.9,196.7,28.23,0.7027509824937478,15.5,24934150,158.4,15495050
Ontario,2023/7/1,Other services (except public administration),283.3,206.8,29.6,0.7299682315566537,15.5,24750799,159.6,15632481
Ontario,2023/8/1,Other services (except public administration),287.5,209.4,29.66,0.7283478260869566,15.5,24729901,159.9,15632481
Ontario,2023/9/1,Other services (except public administration),283.5,205.1,30.04,0.7234567901234568,15.5,25031956,159.7,15632481
Ontario,2023/10/1,Other services (except public administration),288.7,210.8,29.87,0.7301697263595428,15.5,24904474,160.3,15823956
Ontario,2023/11/1,Other services (except public administration),296.9,222.8,29.34,0.750421017177501,15.5,24964268,160.6,15823956
Ontario,2023/12/1,Other services (except public administration),305.1,226.8,29.85,0.743362831858407,15.5,25002599,160,15823956
Ontario,2024/1/1,Other services (except public administration),292.5,212.6,31.21,0.7268376068376068,15.5,25079519,159.9,15946146
Ontario,2024/2/1,Other services (except public administration),302.3,218.5,30.49,0.7227919285478002,15.5,24880518,160.2,15946146
Ontario,2024/3/1,Other services (except public administration),296.6,215.5,30.85,0.7265677680377612,15.5,24877010,161.4,15946146
Ontario,2024/4/1,Other services (except public administration),304.9,221,30.32,0.7248278123975075,15.5,24705141,162.2,16046534
Ontario,2024/5/1,Other services (except public administration),307.9,213.2,30.05,0.692432607989607,15.5,24542107,163.2,16046534
Ontario,2024/6/1,Other services (except public administration),318.8,226.6,30.71,0.7107904642409033,15.5,24636925,163.1,16046534
Ontario,2024/7/1,Other services (except public administration),315,238.1,29.96,0.7558730158730158,15.5,24813869,163.9,16144797
Ontario,2024/8/1,Other services (except public administration),306.3,218.5,31.29,0.7133529219719229,15.5,25046631,163.3,16144797
Ontario,2024/9/1,Other services (except public administration),293.6,215.2,31.38,0.7329700272479563,15.5,25085289,162.8,16144797
Ontario,2024/10/1,Other services (except public administration),299.9,222.7,32.62,0.7425808602867623,17.2,25316013,163.5,16228152
Ontario,2024/11/1,Other services (except public administration),294.9,221.9,32.3,0.7524584604950831,17.2,25592433,163.5,16228152
Ontario,2024/12/1,Other services (except public administration),295.1,225.2,32.83,0.7631311419857675,17.2,26262195,162.7,16228152
Ontario,2025/1/1,Other services (except public administration),284.7,202,32.17,0.7095187917105725,17.2,26014337,162.6,16255550
Ontario,2025/2/1,Other services (except public administration),290.4,204.1,32.98,0.7028236914600551,17.2,25890794,164.6,16255550
Ontario,2025/3/1,Other services (except public administration),299.6,215.3,32.09,0.7186248331108144,17.2,26120327,165.1,16255550
Ontario,2025/4/1,Other services (except public administration),294.5,212.2,31.84,0.7205432937181664,17.2,26158846,164.8,16256538
Ontario,2025/5/1,Other services (except public administration),300.5,216.9,31.6,0.7217970049916805,17.2,25505901,165.9,16256538
Ontario,2025/6/1,Other services (except public administration),293.6,212,32.53,0.7220708446866484,17.2,26384470,166,16256538
Ontario,2025/7/1,Other services (except public administration),309,219.8,31.63,0.7113268608414239,17.2,25986341,166.5,16258260
Ontario,2025/8/1,Other services (except public administration),304.7,212.1,32.22,0.6960945191992124,17.2,26297958,166,16258260
Ontario,2025/9/1,Other services (except public administration),294.8,211.8,30.91,0.7184531886024423,17.2,,166.1,16258260
Ontario,2022/1/1,"Professional, scientific and technical services",,,,,15,,,
Ontario,2022/2/1,"Professional, scientific and technical services",,,,,15,,,
Ontario,2022/3/1,"Professional, scientific and technical services",,,,,15,,,
Ontario,2022/4/1,"Professional, scientific and technical services",,,,,15,,,
Ontario,2022/5/1,"Professional, scientific and technical services",,,,,15,,,
Ontario,2022/6/1,"Professional, scientific and technical services",,,,,15,,,
Ontario,2022/7/1,"Professional, scientific and technical services",,,,,15,,,
Ontario,2022/8/1,"Professional, scientific and technical services",,,,,15,,,
Ontario,2022/9/1,"Professional, scientific and technical services",,,,,15,,,
Ontario,2022/10/1,"Professional, scientific and technical services",,,,,15.5,,,
Ontario,2022/11/1,"Professional, scientific and technical services",,,,,15.5,,,
Ontario,2022/12/1,"Professional, scientific and technical services",,,,,15.5,,,
Ontario,2023/1/1,"Professional, scientific and technical services",833.8,615.9,45.45,0.7386663468457664,15.5,24608604,155.7,15407970
Ontario,2023/2/1,"Professional, scientific and technical services",846.9,629.1,45.64,0.742826780021254,15.5,24555377,156.4,15407970
Ontario,2023/3/1,"Professional, scientific and technical services",832.6,623.5,46.12,0.7488589959164064,15.5,24340805,157.3,15407970
Ontario,2023/4/1,"Professional, scientific and technical services",830.9,618.6,46.64,0.7444939222529787,15.5,24869443,157.9,15495050
Ontario,2023/5/1,"Professional, scientific and technical services",845.6,623.3,46.05,0.7371097445600756,15.5,24644636,158.5,15495050
Ontario,2023/6/1,"Professional, scientific and technical services",856.2,632.6,45.25,0.7388460640037374,15.5,24934150,158.4,15495050
Ontario,2023/7/1,"Professional, scientific and technical services",858.2,632.9,46.29,0.73747378233512,15.5,24750799,159.6,15632481
Ontario,2023/8/1,"Professional, scientific and technical services",892.2,641.1,45.96,0.7185608607935441,15.5,24729901,159.9,15632481
Ontario,2023/9/1,"Professional, scientific and technical services",877.7,641.4,46.96,0.7307736128517716,15.5,25031956,159.7,15632481
Ontario,2023/10/1,"Professional, scientific and technical services",884.2,661.3,46.87,0.7479077131870616,15.5,24904474,160.3,15823956
Ontario,2023/11/1,"Professional, scientific and technical services",898.2,657.9,47.89,0.7324649298597193,15.5,24964268,160.6,15823956
Ontario,2023/12/1,"Professional, scientific and technical services",917.1,683.3,47.58,0.7450659688147421,15.5,25002599,160,15823956
Ontario,2024/1/1,"Professional, scientific and technical services",916.7,675.3,48.17,0.7366641213046797,15.5,25079519,159.9,15946146
Ontario,2024/2/1,"Professional, scientific and technical services",912.6,675.8,47.63,0.7405215866754328,15.5,24880518,160.2,15946146
Ontario,2024/3/1,"Professional, scientific and technical services",909.9,677.9,47.43,0.7450269260358281,15.5,24877010,161.4,15946146
Ontario,2024/4/1,"Professional, scientific and technical services",916.2,682.5,48.6,0.7449246889325475,15.5,24705141,162.2,16046534
Ontario,2024/5/1,"Professional, scientific and technical services",929.7,687.4,48.51,0.739378294073357,15.5,24542107,163.2,16046534
Ontario,2024/6/1,"Professional, scientific and technical services",943,700.5,48.32,0.7428419936373277,15.5,24636925,163.1,16046534
Ontario,2024/7/1,"Professional, scientific and technical services",952.8,698.3,50.64,0.7328925272879933,15.5,24813869,163.9,16144797
Ontario,2024/8/1,"Professional, scientific and technical services",942.5,697.1,50.19,0.7396286472148541,15.5,25046631,163.3,16144797
Ontario,2024/9/1,"Professional, scientific and technical services",934.2,683.7,51.78,0.7318561335902376,15.5,25085289,162.8,16144797
Ontario,2024/10/1,"Professional, scientific and technical services",927.9,673.6,52.52,0.7259402952904408,17.2,25316013,163.5,16228152
Ontario,2024/11/1,"Professional, scientific and technical services",943.4,690.1,51.83,0.7315030739877041,17.2,25592433,163.5,16228152
Ontario,2024/12/1,"Professional, scientific and technical services",942.4,689.3,50.43,0.7314303904923599,17.2,26262195,162.7,16228152
Ontario,2025/1/1,"Professional, scientific and technical services",946.5,708.4,49.33,0.7484416270470153,17.2,26014337,162.6,16255550
Ontario,2025/2/1,"Professional, scientific and technical services",932.7,684,49.54,0.7333547764554519,17.2,25890794,164.6,16255550
Ontario,2025/3/1,"Professional, scientific and technical services",929.7,677.9,48.51,0.7291599440679789,17.2,26120327,165.1,16255550
Ontario,2025/4/1,"Professional, scientific and technical services",941.6,686.2,48.75,0.7287595581988106,17.2,26158846,164.8,16256538
Ontario,2025/5/1,"Professional, scientific and technical services",941.3,682.9,50.83,0.7254860299585679,17.2,25505901,165.9,16256538
Ontario,2025/6/1,"Professional, scientific and technical services",960.8,699,50.76,0.7275187343880101,17.2,26384470,166,16256538
Ontario,2025/7/1,"Professional, scientific and technical services",953,693.8,52.73,0.7280167890870933,17.2,25986341,166.5,16258260
Ontario,2025/8/1,"Professional, scientific and technical services",939.9,694.7,53.37,0.7391211831045856,17.2,26297958,166,16258260
Ontario,2025/9/1,"Professional, scientific and technical services",929,685.6,53.73,0.7379978471474704,17.2,,166.1,16258260
Ontario,2022/1/1,Public administration,,,,,15,,,
Ontario,2022/2/1,Public administration,,,,,15,,,
Ontario,2022/3/1,Public administration,,,,,15,,,
Ontario,2022/4/1,Public administration,,,,,15,,,
Ontario,2022/5/1,Public administration,,,,,15,,,
Ontario,2022/6/1,Public administration,,,,,15,,,
Ontario,2022/7/1,Public administration,,,,,15,,,
Ontario,2022/8/1,Public administration,,,,,15,,,
Ontario,2022/9/1,Public administration,,,,,15,,,
Ontario,2022/10/1,Public administration,,,,,15.5,,,
Ontario,2022/11/1,Public administration,,,,,15.5,,,
Ontario,2022/12/1,Public administration,,,,,15.5,,,
Ontario,2023/1/1,Public administration,458.7,453,43.71,0.9875735775016352,15.5,24608604,155.7,15407970
Ontario,2023/2/1,Public administration,466.8,458.9,43.82,0.9830762639245928,15.5,24555377,156.4,15407970
Ontario,2023/3/1,Public administration,469.4,457.4,44.09,0.9744354495100128,15.5,24340805,157.3,15407970
Ontario,2023/4/1,Public administration,465.4,462,44.24,0.9926944563816072,15.5,24869443,157.9,15495050
Ontario,2023/5/1,Public administration,472.2,467.8,44.59,0.9906819144430328,15.5,24644636,158.5,15495050
Ontario,2023/6/1,Public administration,478.7,476.6,44.04,0.9956131188635888,15.5,24934150,158.4,15495050
Ontario,2023/7/1,Public administration,478.5,467.1,44.86,0.9761755485893416,15.5,24750799,159.6,15632481
Ontario,2023/8/1,Public administration,477.6,469.6,45.3,0.983249581239531,15.5,24729901,159.9,15632481
Ontario,2023/9/1,Public administration,475.5,464.4,45.07,0.9766561514195584,15.5,25031956,159.7,15632481
Ontario,2023/10/1,Public administration,475.3,463.7,45.45,0.9755943614559224,15.5,24904474,160.3,15823956
Ontario,2023/11/1,Public administration,464.9,456,45.05,0.9808560980856098,15.5,24964268,160.6,15823956
Ontario,2023/12/1,Public administration,465.9,458.8,44.92,0.9847606782571368,15.5,25002599,160,15823956
Ontario,2024/1/1,Public administration,472.2,461.5,45.5,0.9773401101228292,15.5,25079519,159.9,15946146
Ontario,2024/2/1,Public administration,474,466.9,46.48,0.9850210970464136,15.5,24880518,160.2,15946146
Ontario,2024/3/1,Public administration,468.6,464.6,46.72,0.9914639351259068,15.5,24877010,161.4,15946146
Ontario,2024/4/1,Public administration,468,465.6,46.17,0.9948717948717948,15.5,24705141,162.2,16046534
Ontario,2024/5/1,Public administration,479,474.1,45.86,0.9897703549060544,15.5,24542107,163.2,16046534
Ontario,2024/6/1,Public administration,475.5,470.3,46.35,0.9890641430073608,15.5,24636925,163.1,16046534
Ontario,2024/7/1,Public administration,493.2,486.7,45.69,0.9868207623682076,15.5,24813869,163.9,16144797
Ontario,2024/8/1,Public administration,493.7,482.8,46.36,0.9779218148673284,15.5,25046631,163.3,16144797
Ontario,2024/9/1,Public administration,494.9,479.4,47,0.96868054152354,15.5,25085289,162.8,16144797
Ontario,2024/10/1,Public administration,481.6,469.2,47.72,0.974252491694352,17.2,25316013,163.5,16228152
Ontario,2024/11/1,Public administration,478.1,470.4,47.8,0.9838945827232796,17.2,25592433,163.5,16228152
Ontario,2024/12/1,Public administration,482.1,476.5,48.11,0.988384152665422,17.2,26262195,162.7,16228152
Ontario,2025/1/1,Public administration,477,471,48.75,0.9874213836477987,17.2,26014337,162.6,16255550
Ontario,2025/2/1,Public administration,480.7,473.8,49.67,0.985645933014354,17.2,25890794,164.6,16255550
Ontario,2025/3/1,Public administration,487.1,477.6,50.07,0.9804968179018682,17.2,26120327,165.1,16255550
Ontario,2025/4/1,Public administration,493.6,480.4,49.4,0.9732576985413288,17.2,26158846,164.8,16256538
Ontario,2025/5/1,Public administration,496,471.8,48.59,0.9512096774193548,17.2,25505901,165.9,16256538
Ontario,2025/6/1,Public administration,485.2,474.9,47.99,0.9787716405605936,17.2,26384470,166,16256538
Ontario,2025/7/1,Public administration,492.4,482.2,48.18,0.979285134037368,17.2,25986341,166.5,16258260
Ontario,2025/8/1,Public administration,490.6,476.3,47.47,0.9708520179372198,17.2,26297958,166,16258260
Ontario,2025/9/1,Public administration,476.9,459.2,48.2,0.9628853009016566,17.2,,166.1,16258260
Ontario,2022/1/1,Services-producing sector,,,,,15,,,
Ontario,2022/2/1,Services-producing sector,,,,,15,,,
Ontario,2022/3/1,Services-producing sector,,,,,15,,,
Ontario,2022/4/1,Services-producing sector,,,,,15,,,
Ontario,2022/5/1,Services-producing sector,,,,,15,,,
Ontario,2022/6/1,Services-producing sector,,,,,15,,,
Ontario,2022/7/1,Services-producing sector,,,,,15,,,
Ontario,2022/8/1,Services-producing sector,,,,,15,,,
Ontario,2022/9/1,Services-producing sector,,,,,15,,,
Ontario,2022/10/1,Services-producing sector,,,,,15.5,,,
Ontario,2022/11/1,Services-producing sector,,,,,15.5,,,
Ontario,2022/12/1,Services-producing sector,,,,,15.5,,,
Ontario,2023/1/1,Services-producing sector,6438.2,5418.5,33.78,0.8416172222049642,15.5,24608604,155.7,15407970
Ontario,2023/2/1,Services-producing sector,6466.1,5481.3,33.95,0.8476979941541269,15.5,24555377,156.4,15407970
Ontario,2023/3/1,Services-producing sector,6511.1,5497.7,34.03,0.8443580961742255,15.5,24340805,157.3,15407970
Ontario,2023/4/1,Services-producing sector,6525.6,5518.1,34.35,0.8456080666911855,15.5,24869443,157.9,15495050
Ontario,2023/5/1,Services-producing sector,6626.1,5578.5,34.21,0.8418979490197853,15.5,24644636,158.5,15495050
Ontario,2023/6/1,Services-producing sector,6692.4,5654.6,33.97,0.8449285756978065,15.5,24934150,158.4,15495050
Ontario,2023/7/1,Services-producing sector,6663.1,5567.8,34.33,0.8356170551244916,15.5,24750799,159.6,15632481
Ontario,2023/8/1,Services-producing sector,6703.5,5580.6,34.6,0.8324904900425152,15.5,24729901,159.9,15632481
Ontario,2023/9/1,Services-producing sector,6602.6,5544.7,34.91,0.8397752400569471,15.5,25031956,159.7,15632481
Ontario,2023/10/1,Services-producing sector,6642.8,5594.1,35.18,0.8421298247726863,15.5,24904474,160.3,15823956
Ontario,2023/11/1,Services-producing sector,6648.8,5592.2,35.37,0.8410841054024786,15.5,24964268,160.6,15823956
Ontario,2023/12/1,Services-producing sector,6637.6,5603.5,35.56,0.8442057370133783,15.5,25002599,160,15823956
Ontario,2024/1/1,Services-producing sector,6650.6,5593.2,36.08,0.8410068264517486,15.5,25079519,159.9,15946146
Ontario,2024/2/1,Services-producing sector,6680,5595.6,35.84,0.8376646706586827,15.5,24880518,160.2,15946146
Ontario,2024/3/1,Services-producing sector,6722.2,5595.3,35.69,0.8323614292939812,15.5,24877010,161.4,15946146
Ontario,2024/4/1,Services-producing sector,6760.4,5653.5,35.68,0.8362670847878824,15.5,24705141,162.2,16046534
Ontario,2024/5/1,Services-producing sector,6887.5,5762.6,35.49,0.8366751361161525,15.5,24542107,163.2,16046534
Ontario,2024/6/1,Services-producing sector,6918.1,5768.9,35.78,0.833885026235527,15.5,24636925,163.1,16046534
Ontario,2024/7/1,Services-producing sector,6907.2,5717.8,35.99,0.8278028723650683,15.5,24813869,163.9,16144797
Ontario,2024/8/1,Services-producing sector,6937.8,5692.2,36.59,0.8204618178673354,15.5,25046631,163.3,16144797
Ontario,2024/9/1,Services-producing sector,6835.7,5705.8,37.09,0.8347060286437381,15.5,25085289,162.8,16144797
Ontario,2024/10/1,Services-producing sector,6837.6,5681,37.56,0.8308470808470808,17.2,25316013,163.5,16228152
Ontario,2024/11/1,Services-producing sector,6854,5711.5,37.47,0.8333090166326232,17.2,25592433,163.5,16228152
Ontario,2024/12/1,Services-producing sector,6843.3,5728.8,37.45,0.8371399763272106,17.2,26262195,162.7,16228152
Ontario,2025/1/1,Services-producing sector,6836.4,5696.7,37.31,0.8332894505880288,17.2,26014337,162.6,16255550
Ontario,2025/2/1,Services-producing sector,6860.1,5724.5,37.42,0.8344630544744245,17.2,25890794,164.6,16255550
Ontario,2025/3/1,Services-producing sector,6854.1,5659.4,37.23,0.8256955690754438,17.2,26120327,165.1,16255550
Ontario,2025/4/1,Services-producing sector,6880.7,5710.5,37.31,0.8299300943217987,17.2,26158846,164.8,16256538
Ontario,2025/5/1,Services-producing sector,6988.9,5800.1,37.39,0.8299017012691555,17.2,25505901,165.9,16256538
Ontario,2025/6/1,Services-producing sector,6992.5,5841,37.21,0.8353235609581695,17.2,26384470,166,16256538
Ontario,2025/7/1,Services-producing sector,6959,5753.9,37.42,0.8268285673228911,17.2,25986341,166.5,16258260
Ontario,2025/8/1,Services-producing sector,6978.1,5729.4,37.64,0.8210544417534859,17.2,26297958,166,16258260
Ontario,2025/9/1,Services-producing sector,6843.3,5705.7,38.3,0.8337644119065363,17.2,,166.1,16258260
Ontario,2022/1/1,"Total, all industries",,,,,15,,,
Ontario,2022/2/1,"Total, all industries",,,,,15,,,
Ontario,2022/3/1,"Total, all industries",,,,,15,,,
Ontario,2022/4/1,"Total, all industries",,,,,15,,,
Ontario,2022/5/1,"Total, all industries",,,,,15,,,
Ontario,2022/6/1,"Total, all industries",,,,,15,,,
Ontario,2022/7/1,"Total, all industries",,,,,15,,,
Ontario,2022/8/1,"Total, all industries",,,,,15,,,
Ontario,2022/9/1,"Total, all industries",,,,,15,,,
Ontario,2022/10/1,"Total, all industries",,,,,15.5,,,
Ontario,2022/11/1,"Total, all industries",,,,,15.5,,,
Ontario,2022/12/1,"Total, all industries",,,,,15.5,,,
Ontario,2023/1/1,"Total, all industries",8248.5,6738,33.97,0.8168757955991999,15.5,24608604,155.7,15407970
Ontario,2023/2/1,"Total, all industries",8285.4,6816.2,34,0.8226760325391653,15.5,24555377,156.4,15407970
Ontario,2023/3/1,"Total, all industries",8330.4,6821.6,34.19,0.8188802458465381,15.5,24340805,157.3,15407970
Ontario,2023/4/1,"Total, all industries",8357.4,6880.6,34.46,0.823294325986551,15.5,24869443,157.9,15495050
Ontario,2023/5/1,"Total, all industries",8557.1,7011.5,34.29,0.8193780603241753,15.5,24644636,158.5,15495050
Ontario,2023/6/1,"Total, all industries",8636.6,7108.5,34.02,0.823066947641433,15.5,24934150,158.4,15495050
Ontario,2023/7/1,"Total, all industries",8635.8,7045.3,34.44,0.8158248222515576,15.5,24750799,159.6,15632481
Ontario,2023/8/1,"Total, all industries",8677.5,7023.9,34.63,0.809438202247191,15.5,24729901,159.9,15632481
Ontario,2023/9/1,"Total, all industries",8504.9,6937.3,35.09,0.8156827240767088,15.5,25031956,159.7,15632481
Ontario,2023/10/1,"Total, all industries",8545.9,6960.9,35.28,0.8145309446635228,15.5,24904474,160.3,15823956
Ontario,2023/11/1,"Total, all industries",8542.2,6968.4,35.45,0.8157617475591766,15.5,24964268,160.6,15823956
Ontario,2023/12/1,"Total, all industries",8483.8,6935.9,35.7,0.8175463825172682,15.5,25002599,160,15823956
Ontario,2024/1/1,"Total, all industries",8488.5,6891.4,36.11,0.8118513282676562,15.5,25079519,159.9,15946146
Ontario,2024/2/1,"Total, all industries",8551,6916.3,35.97,0.80882937668109,15.5,24880518,160.2,15946146
Ontario,2024/3/1,"Total, all industries",8618.9,6936,35.81,0.8047430646602235,15.5,24877010,161.4,15946146
Ontario,2024/4/1,"Total, all industries",8668.5,6995.5,35.83,0.8070023648843514,15.5,24705141,162.2,16046534
Ontario,2024/5/1,"Total, all industries",8855.9,7146.4,35.65,0.8069648482932282,15.5,24542107,163.2,16046534
Ontario,2024/6/1,"Total, all industries",8895.1,7178.7,35.81,0.8070398309181459,15.5,24636925,163.1,16046534
Ontario,2024/7/1,"Total, all industries",8902.2,7123.3,36.11,0.8001729909460582,15.5,24813869,163.9,16144797
Ontario,2024/8/1,"Total, all industries",8956.4,7108.4,36.61,0.7936670983877451,15.5,25046631,163.3,16144797
Ontario,2024/9/1,"Total, all industries",8786,7077.2,37.09,0.805508763942636,15.5,25085289,162.8,16144797
Ontario,2024/10/1,"Total, all industries",8757.2,7047.3,37.48,0.8047435253277303,17.2,25316013,163.5,16228152
Ontario,2024/11/1,"Total, all industries",8809.4,7047,37.42,0.7999409721433923,17.2,25592433,163.5,16228152
Ontario,2024/12/1,"Total, all industries",8767.2,7058.7,37.39,0.8051259238981658,17.2,26262195,162.7,16228152
Ontario,2025/1/1,"Total, all industries",8817.8,7029.7,37.29,0.7972169929007236,17.2,26014337,162.6,16255550
Ontario,2025/2/1,"Total, all industries",8825.2,7079.8,37.39,0.8022254453156868,17.2,25890794,164.6,16255550
Ontario,2025/3/1,"Total, all industries",8834,7023.1,37.28,0.7950079239302694,17.2,26120327,165.1,16255550
Ontario,2025/4/1,"Total, all industries",8845.8,7057.1,37.36,0.7977910420764658,17.2,26158846,164.8,16256538
Ontario,2025/5/1,"Total, all industries",9019,7170.4,37.44,0.7950327087260228,17.2,25505901,165.9,16256538
Ontario,2025/6/1,"Total, all industries",9040.8,7243.4,37.12,0.8011901601628175,17.2,26384470,166,16256538
Ontario,2025/7/1,"Total, all industries",9038.5,7157.3,37.42,0.7918681197101289,17.2,25986341,166.5,16258260
Ontario,2025/8/1,"Total, all industries",9040.7,7139.6,37.61,0.7897176103620295,17.2,26297958,166,16258260
Ontario,2025/9/1,"Total, all industries",8862.5,7079.5,38.17,0.7988152327221438,17.2,,166.1,16258260
Ontario,2022/1/1,Transportation and warehousing,,,,,15,,,
Ontario,2022/2/1,Transportation and warehousing,,,,,15,,,
Ontario,2022/3/1,Transportation and warehousing,,,,,15,,,
Ontario,2022/4/1,Transportation and warehousing,,,,,15,,,
Ontario,2022/5/1,Transportation and warehousing,,,,,15,,,
Ontario,2022/6/1,Transportation and warehousing,,,,,15,,,
Ontario,2022/7/1,Transportation and warehousing,,,,,15,,,
Ontario,2022/8/1,Transportation and warehousing,,,,,15,,,
Ontario,2022/9/1,Transportation and warehousing,,,,,15,,,
Ontario,2022/10/1,Transportation and warehousing,,,,,15.5,,,
Ontario,2022/11/1,Transportation and warehousing,,,,,15.5,,,
Ontario,2022/12/1,Transportation and warehousing,,,,,15.5,,,
Ontario,2023/1/1,Transportation and warehousing,387.2,300.5,29.45,0.7760847107438017,15.5,24608604,155.7,15407970
Ontario,2023/2/1,Transportation and warehousing,377.8,297.7,30.83,0.7879830598200105,15.5,24555377,156.4,15407970
Ontario,2023/3/1,Transportation and warehousing,395.3,308.1,30.76,0.779408044523147,15.5,24340805,157.3,15407970
Ontario,2023/4/1,Transportation and warehousing,410.7,321.9,30.96,0.7837837837837838,15.5,24869443,157.9,15495050
Ontario,2023/5/1,Transportation and warehousing,406.7,312.3,32.05,0.7678878780427835,15.5,24644636,158.5,15495050
Ontario,2023/6/1,Transportation and warehousing,414.1,322.7,31.79,0.7792803670610963,15.5,24934150,158.4,15495050
Ontario,2023/7/1,Transportation and warehousing,415.1,317.3,32,0.7643941218983378,15.5,24750799,159.6,15632481
Ontario,2023/8/1,Transportation and warehousing,416.6,319.7,32.35,0.7674027844455112,15.5,24729901,159.9,15632481
Ontario,2023/9/1,Transportation and warehousing,426.7,329,32.2,0.7710335130067963,15.5,25031956,159.7,15632481
Ontario,2023/10/1,Transportation and warehousing,439.2,336,32.12,0.7650273224043717,15.5,24904474,160.3,15823956
Ontario,2023/11/1,Transportation and warehousing,437.3,339.3,31.92,0.7758975531671621,15.5,24964268,160.6,15823956
Ontario,2023/12/1,Transportation and warehousing,438.6,328,32.87,0.7478340173278614,15.5,25002599,160,15823956
Ontario,2024/1/1,Transportation and warehousing,432.3,325.2,32.79,0.7522553782095767,15.5,25079519,159.9,15946146
Ontario,2024/2/1,Transportation and warehousing,440.3,326.4,31.58,0.7413127413127413,15.5,24880518,160.2,15946146
Ontario,2024/3/1,Transportation and warehousing,446.4,337.4,32.6,0.7558243727598566,15.5,24877010,161.4,15946146
Ontario,2024/4/1,Transportation and warehousing,457.6,342.5,32.22,0.7484702797202797,15.5,24705141,162.2,16046534
Ontario,2024/5/1,Transportation and warehousing,434.4,334.8,31.63,0.770718232044199,15.5,24542107,163.2,16046534
Ontario,2024/6/1,Transportation and warehousing,428.4,332,32.1,0.7749766573295985,15.5,24636925,163.1,16046534
Ontario,2024/7/1,Transportation and warehousing,436.8,319.9,33.3,0.7323717948717948,15.5,24813869,163.9,16144797
Ontario,2024/8/1,Transportation and warehousing,441.5,321.4,33.68,0.7279728199320498,15.5,25046631,163.3,16144797
Ontario,2024/9/1,Transportation and warehousing,452.5,336.2,33.85,0.7429834254143646,15.5,25085289,162.8,16144797
Ontario,2024/10/1,Transportation and warehousing,440.1,318.3,35.26,0.7232447171097478,17.2,25316013,163.5,16228152
Ontario,2024/11/1,Transportation and warehousing,427.8,318.4,35.55,0.7442730247779336,17.2,25592433,163.5,16228152
Ontario,2024/12/1,Transportation and warehousing,426.7,323,34.56,0.7569721115537849,17.2,26262195,162.7,16228152
Ontario,2025/1/1,Transportation and warehousing,429.4,317.8,33.53,0.7401024685607825,17.2,26014337,162.6,16255550
Ontario,2025/2/1,Transportation and warehousing,416.8,315.9,32.64,0.7579174664107485,17.2,25890794,164.6,16255550
Ontario,2025/3/1,Transportation and warehousing,420.7,303,34.37,0.7202281911100546,17.2,26120327,165.1,16255550
Ontario,2025/4/1,Transportation and warehousing,422.2,321.6,33.91,0.7617243012790148,17.2,26158846,164.8,16256538
Ontario,2025/5/1,Transportation and warehousing,418.5,316.9,34,0.7572281959378733,17.2,25505901,165.9,16256538
Ontario,2025/6/1,Transportation and warehousing,420.9,317.6,33.15,0.7545735329056784,17.2,26384470,166,16256538
Ontario,2025/7/1,Transportation and warehousing,436.9,314.4,34.61,0.7196154726482032,17.2,25986341,166.5,16258260
Ontario,2025/8/1,Transportation and warehousing,437.7,325.5,34.24,0.7436600411240576,17.2,26297958,166,16258260
Ontario,2025/9/1,Transportation and warehousing,445.5,327.6,33.64,0.7353535353535354,17.2,,166.1,16258260
Ontario,2022/1/1,Utilities,,,,,15,,,
Ontario,2022/2/1,Utilities,,,,,15,,,
Ontario,2022/3/1,Utilities,,,,,15,,,
Ontario,2022/4/1,Utilities,,,,,15,,,
Ontario,2022/5/1,Utilities,,,,,15,,,
Ontario,2022/6/1,Utilities,,,,,15,,,
Ontario,2022/7/1,Utilities,,,,,15,,,
Ontario,2022/8/1,Utilities,,,,,15,,,
Ontario,2022/9/1,Utilities,,,,,15,,,
Ontario,2022/10/1,Utilities,,,,,15.5,,,
Ontario,2022/11/1,Utilities,,,,,15.5,,,
Ontario,2022/12/1,Utilities,,,,,15.5,,,
Ontario,2023/1/1,Utilities,62.3,59.5,51.63,0.9550561797752808,15.5,24608604,155.7,15407970
Ontario,2023/2/1,Utilities,67.9,63.8,50.32,0.9396170839469808,15.5,24555377,156.4,15407970
Ontario,2023/3/1,Utilities,63.3,62.6,48.86,0.9889415481832544,15.5,24340805,157.3,15407970
Ontario,2023/4/1,Utilities,62.7,62,49.4,0.9888357256778308,15.5,24869443,157.9,15495050
Ontario,2023/5/1,Utilities,69.5,68.7,47.75,0.9884892086330936,15.5,24644636,158.5,15495050
Ontario,2023/6/1,Utilities,66.4,66.4,50.16,1,15.5,24934150,158.4,15495050
Ontario,2023/7/1,Utilities,68.7,68,51.14,0.98981077147016,15.5,24750799,159.6,15632481
Ontario,2023/8/1,Utilities,69.9,69.6,49.23,0.9957081545064376,15.5,24729901,159.9,15632481
Ontario,2023/9/1,Utilities,65,64.9,51.14,0.9984615384615384,15.5,25031956,159.7,15632481
Ontario,2023/10/1,Utilities,63,62.9,54.2,0.9984126984126984,15.5,24904474,160.3,15823956
Ontario,2023/11/1,Utilities,62.7,62.3,53.1,0.9936204146730462,15.5,24964268,160.6,15823956
Ontario,2023/12/1,Utilities,63.8,62.8,52.2,0.9843260188087776,15.5,25002599,160,15823956
Ontario,2024/1/1,Utilities,59.9,59.1,52.67,0.986644407345576,15.5,25079519,159.9,15946146
Ontario,2024/2/1,Utilities,63.3,62.1,53.17,0.981042654028436,15.5,24880518,160.2,15946146
Ontario,2024/3/1,Utilities,56.8,55.8,52.98,0.9823943661971832,15.5,24877010,161.4,15946146
Ontario,2024/4/1,Utilities,54.1,53,54.73,0.9796672828096118,15.5,24705141,162.2,16046534
Ontario,2024/5/1,Utilities,57.3,57.1,55.75,0.9965095986038396,15.5,24542107,163.2,16046534
Ontario,2024/6/1,Utilities,58.8,58.2,57.15,0.989795918367347,15.5,24636925,163.1,16046534
Ontario,2024/7/1,Utilities,64.3,63.7,61.1,0.990668740279938,15.5,24813869,163.9,16144797
Ontario,2024/8/1,Utilities,65,62.4,59.1,0.96,15.5,25046631,163.3,16144797
Ontario,2024/9/1,Utilities,62.6,62.3,59.29,0.9952076677316292,15.5,25085289,162.8,16144797
Ontario,2024/10/1,Utilities,59.8,59.8,58.81,1,17.2,25316013,163.5,16228152
Ontario,2024/11/1,Utilities,58.6,57.6,61.78,0.9829351535836176,17.2,25592433,163.5,16228152
Ontario,2024/12/1,Utilities,61.6,61.6,58.24,1,17.2,26262195,162.7,16228152
Ontario,2025/1/1,Utilities,62.8,62.8,58.99,1,17.2,26014337,162.6,16255550
Ontario,2025/2/1,Utilities,60.5,59.7,58.17,0.9867768595041324,17.2,25890794,164.6,16255550
Ontario,2025/3/1,Utilities,64.5,64.5,62.11,1,17.2,26120327,165.1,16255550
Ontario,2025/4/1,Utilities,68.2,66.2,60.82,0.9706744868035192,17.2,26158846,164.8,16256538
Ontario,2025/5/1,Utilities,71.5,69.5,57.5,0.972027972027972,17.2,25505901,165.9,16256538
Ontario,2025/6/1,Utilities,74.1,70.4,58.74,0.950067476383266,17.2,26384470,166,16256538
Ontario,2025/7/1,Utilities,69.7,67,59.38,0.9612625538020084,17.2,25986341,166.5,16258260
Ontario,2025/8/1,Utilities,70.4,68,60.5,0.9659090909090908,17.2,26297958,166,16258260
Ontario,2025/9/1,Utilities,65.2,64.7,61.24,0.9923312883435584,17.2,,166.1,16258260
Ontario,2022/1/1,Wholesale and retail trade,,,,,15,,,
Ontario,2022/2/1,Wholesale and retail trade,,,,,15,,,
Ontario,2022/3/1,Wholesale and retail trade,,,,,15,,,
Ontario,2022/4/1,Wholesale and retail trade,,,,,15,,,
Ontario,2022/5/1,Wholesale and retail trade,,,,,15,,,
Ontario,2022/6/1,Wholesale and retail trade,,,,,15,,,
Ontario,2022/7/1,Wholesale and retail trade,,,,,15,,,
Ontario,2022/8/1,Wholesale and retail trade,,,,,15,,,
Ontario,2022/9/1,Wholesale and retail trade,,,,,15,,,
Ontario,2022/10/1,Wholesale and retail trade,,,,,15.5,,,
Ontario,2022/11/1,Wholesale and retail trade,,,,,15.5,,,
Ontario,2022/12/1,Wholesale and retail trade,,,,,15.5,,,
Ontario,2023/1/1,Wholesale and retail trade,1159.9,1039.9,25.64,0.8965428054142599,15.5,24608604,155.7,15407970
Ontario,2023/2/1,Wholesale and retail trade,1170.3,1060.6,25.73,0.9062633512774502,15.5,24555377,156.4,15407970
Ontario,2023/3/1,Wholesale and retail trade,1172.7,1053.4,26.4,0.8982689519911317,15.5,24340805,157.3,15407970
Ontario,2023/4/1,Wholesale and retail trade,1181.5,1065.3,26.47,0.901650444350402,15.5,24869443,157.9,15495050
Ontario,2023/5/1,Wholesale and retail trade,1196,1057,26.86,0.8837792642140468,15.5,24644636,158.5,15495050
Ontario,2023/6/1,Wholesale and retail trade,1197.2,1063.7,26.12,0.8884898095556298,15.5,24934150,158.4,15495050
Ontario,2023/7/1,Wholesale and retail trade,1204,1051.4,26.7,0.8732558139534885,15.5,24750799,159.6,15632481
Ontario,2023/8/1,Wholesale and retail trade,1216.9,1070.8,27.15,0.8799408332648532,15.5,24729901,159.9,15632481
Ontario,2023/9/1,Wholesale and retail trade,1173.6,1028.6,27.01,0.8764485344239945,15.5,25031956,159.7,15632481
Ontario,2023/10/1,Wholesale and retail trade,1164.7,1023.1,27.31,0.8784236284021636,15.5,24904474,160.3,15823956
Ontario,2023/11/1,Wholesale and retail trade,1159.5,1031.9,27.34,0.889952565761104,15.5,24964268,160.6,15823956
Ontario,2023/12/1,Wholesale and retail trade,1173.1,1038.5,28.23,0.8852612735487172,15.5,25002599,160,15823956
Ontario,2024/1/1,Wholesale and retail trade,1169.7,1040.2,28.43,0.8892878515858768,15.5,25079519,159.9,15946146
Ontario,2024/2/1,Wholesale and retail trade,1161.4,1030.1,28.26,0.8869467883588771,15.5,24880518,160.2,15946146
Ontario,2024/3/1,Wholesale and retail trade,1168.5,1031.3,27.8,0.8825845100556269,15.5,24877010,161.4,15946146
Ontario,2024/4/1,Wholesale and retail trade,1192.7,1050,28.29,0.880355495933596,15.5,24705141,162.2,16046534
Ontario,2024/5/1,Wholesale and retail trade,1209.3,1072.4,28.09,0.8867940130654098,15.5,24542107,163.2,16046534
Ontario,2024/6/1,Wholesale and retail trade,1191.6,1047.6,27.93,0.879154078549849,15.5,24636925,163.1,16046534
Ontario,2024/7/1,Wholesale and retail trade,1174.3,1036.9,28.25,0.8829941241590736,15.5,24813869,163.9,16144797
Ontario,2024/8/1,Wholesale and retail trade,1169.2,1035.5,28.36,0.8856483065343824,15.5,25046631,163.3,16144797
Ontario,2024/9/1,Wholesale and retail trade,1149.3,1009.9,28.05,0.878708779256939,15.5,25085289,162.8,16144797
Ontario,2024/10/1,Wholesale and retail trade,1159.1,1011.3,27.86,0.872487274609611,17.2,25316013,163.5,16228152
Ontario,2024/11/1,Wholesale and retail trade,1180,1035.9,27.85,0.8778813559322035,17.2,25592433,163.5,16228152
Ontario,2024/12/1,Wholesale and retail trade,1166.7,1038.5,27.6,0.8901174252164223,17.2,26262195,162.7,16228152
Ontario,2025/1/1,Wholesale and retail trade,1164.1,1022,28.11,0.8779314491882141,17.2,26014337,162.6,16255550
Ontario,2025/2/1,Wholesale and retail trade,1180.9,1043.5,27.78,0.8836480650351426,17.2,25890794,164.6,16255550
Ontario,2025/3/1,Wholesale and retail trade,1188.9,1049.9,27.53,0.88308520481117,17.2,26120327,165.1,16255550
Ontario,2025/4/1,Wholesale and retail trade,1189.4,1049.7,27.54,0.882545821422566,17.2,26158846,164.8,16256538
Ontario,2025/5/1,Wholesale and retail trade,1242,1099.1,28.06,0.8849436392914654,17.2,25505901,165.9,16256538
Ontario,2025/6/1,Wholesale and retail trade,1236.8,1095,28.14,0.8853492884864166,17.2,26384470,166,16256538
Ontario,2025/7/1,Wholesale and retail trade,1212,1074.4,28.14,0.8864686468646865,17.2,25986341,166.5,16258260
Ontario,2025/8/1,Wholesale and retail trade,1224.6,1080.4,28.21,0.8822472644128696,17.2,26297958,166,16258260
Ontario,2025/9/1,Wholesale and retail trade,1179,1040.5,29.29,0.8825275657336726,17.2,,166.1,16258260
Prince Edward Island,2022/1/1,Accommodation and food services,,,,,13,,,
Prince Edward Island,2022/2/1,Accommodation and food services,,,,,13,,,
Prince Edward Island,2022/3/1,Accommodation and food services,,,,,13,,,
Prince Edward Island,2022/4/1,Accommodation and food services,,,,,13.7,,,
Prince Edward Island,2022/5/1,Accommodation and food services,,,,,13.7,,,
Prince Edward Island,2022/6/1,Accommodation and food services,,,,,13.7,,,
Prince Edward Island,2022/7/1,Accommodation and food services,,,,,13.7,,,
Prince Edward Island,2022/8/1,Accommodation and food services,,,,,13.7,,,
Prince Edward Island,2022/9/1,Accommodation and food services,,,,,13.7,,,
Prince Edward Island,2022/10/1,Accommodation and food services,,,,,13.7,,,
Prince Edward Island,2022/11/1,Accommodation and food services,,,,,13.7,,,
Prince Edward Island,2022/12/1,Accommodation and food services,,,,,13.7,,,
Prince Edward Island,2023/1/1,Accommodation and food services,4.2,3.2,17.23,0.7619047619047619,14.5,292202,160.1,169942
Prince Edward Island,2023/2/1,Accommodation and food services,5.1,4.1,17.92,0.803921568627451,14.5,302149,161.4,169942
Prince Edward Island,2023/3/1,Accommodation and food services,5,4,16.86,0.8,14.5,283358,160.7,169942
Prince Edward Island,2023/4/1,Accommodation and food services,5.6,4.7,17.46,0.8392857142857144,14.5,278026,161.7,171736
Prince Edward Island,2023/5/1,Accommodation and food services,6,5.1,18.84,0.85,14.5,291221,161.3,171736
Prince Edward Island,2023/6/1,Accommodation and food services,7.1,5.8,17.75,0.8169014084507042,14.5,299368,161,171736
Prince Edward Island,2023/7/1,Accommodation and food services,7.1,6.3,17.43,0.8873239436619719,14.5,294353,163.8,173734
Prince Edward Island,2023/8/1,Accommodation and food services,7.9,6.7,17.84,0.8481012658227848,14.5,293599,164.8,173734
Prince Edward Island,2023/9/1,Accommodation and food services,7.3,6.4,17.77,0.8767123287671234,14.5,292490,163.7,173734
Prince Edward Island,2023/10/1,Accommodation and food services,6.4,5.2,18.53,0.8125,15,293447,163.4,176173
Prince Edward Island,2023/11/1,Accommodation and food services,6.1,4.5,18.65,0.7377049180327869,15,302935,162.9,176173
Prince Edward Island,2023/12/1,Accommodation and food services,5.7,4.3,19.25,0.7543859649122806,15,283625,163,176173
Prince Edward Island,2024/1/1,Accommodation and food services,6.2,4.5,19.19,0.7258064516129032,15,302550,162.6,176757
Prince Edward Island,2024/2/1,Accommodation and food services,5.5,4.7,19.96,0.8545454545454546,15,297790,163.8,176757
Prince Edward Island,2024/3/1,Accommodation and food services,6,4.6,18.78,0.7666666666666666,15,301893,164.8,176757
Prince Edward Island,2024/4/1,Accommodation and food services,6.1,4.9,19.38,0.8032786885245903,15,302875,165.9,178022
Prince Edward Island,2024/5/1,Accommodation and food services,6.5,5.3,19.32,0.8153846153846154,15,293077,166.4,178022
Prince Edward Island,2024/6/1,Accommodation and food services,7.3,6.5,18.59,0.8904109589041096,15,287836,166.4,178022
Prince Edward Island,2024/7/1,Accommodation and food services,8.4,7.8,19.01,0.9285714285714284,15,291596,167.1,179709
Prince Edward Island,2024/8/1,Accommodation and food services,7.2,6.7,19.13,0.9305555555555556,15,299127,166.8,179709
Prince Edward Island,2024/9/1,Accommodation and food services,6.7,6.2,18.7,0.9253731343283582,15,301662,165.3,179709
Prince Edward Island,2024/10/1,Accommodation and food services,6.3,5.4,20.01,0.8571428571428572,16,293479,165.5,180877
Prince Edward Island,2024/11/1,Accommodation and food services,5.4,4.4,19.08,0.8148148148148149,16,286913,165.9,180877
Prince Edward Island,2024/12/1,Accommodation and food services,6.5,5.4,17.91,0.8307692307692308,16,300482,163.6,180877
Prince Edward Island,2025/1/1,Accommodation and food services,6.1,5,17.87,0.819672131147541,16,304111,164.7,180686
Prince Edward Island,2025/2/1,Accommodation and food services,6.6,5.1,18,0.7727272727272727,16,305526,167,180686
Prince Edward Island,2025/3/1,Accommodation and food services,6.6,5.2,17.86,0.787878787878788,16,308058,167.7,180686
Prince Edward Island,2025/4/1,Accommodation and food services,6.8,5.2,18.48,0.7647058823529412,16,305649,166.9,181289
Prince Edward Island,2025/5/1,Accommodation and food services,6.9,5.5,19.18,0.7971014492753623,16,305510,167.5,181289
Prince Edward Island,2025/6/1,Accommodation and food services,7.2,6,18.5,0.8333333333333333,16,304000,167.7,181289
Prince Edward Island,2025/7/1,Accommodation and food services,7.9,7,18.87,0.8860759493670886,16,307015,169.1,182657
Prince Edward Island,2025/8/1,Accommodation and food services,8.3,7.6,19.11,0.9156626506024096,16,303900,168.6,182657
Prince Edward Island,2025/9/1,Accommodation and food services,7.9,6.9,19.17,0.8734177215189873,16,,168.1,182657
Prince Edward Island,2022/1/1,Agriculture,,,,,13,,,
Prince Edward Island,2022/2/1,Agriculture,,,,,13,,,
Prince Edward Island,2022/3/1,Agriculture,,,,,13,,,
Prince Edward Island,2022/4/1,Agriculture,,,,,13.7,,,
Prince Edward Island,2022/5/1,Agriculture,,,,,13.7,,,
Prince Edward Island,2022/6/1,Agriculture,,,,,13.7,,,
Prince Edward Island,2022/7/1,Agriculture,,,,,13.7,,,
Prince Edward Island,2022/8/1,Agriculture,,,,,13.7,,,
Prince Edward Island,2022/9/1,Agriculture,,,,,13.7,,,
Prince Edward Island,2022/10/1,Agriculture,,,,,13.7,,,
Prince Edward Island,2022/11/1,Agriculture,,,,,13.7,,,
Prince Edward Island,2022/12/1,Agriculture,,,,,13.7,,,
Prince Edward Island,2023/1/1,Agriculture,3.1,1.5,22.97,0.4838709677419354,14.5,292202,160.1,169942
Prince Edward Island,2023/2/1,Agriculture,3.2,1.7,22.86,0.53125,14.5,302149,161.4,169942
Prince Edward Island,2023/3/1,Agriculture,3.2,1.8,22.36,0.5625,14.5,283358,160.7,169942
Prince Edward Island,2023/4/1,Agriculture,4.1,2.9,20.04,0.7073170731707318,14.5,278026,161.7,171736
Prince Edward Island,2023/5/1,Agriculture,4.8,3.8,19.79,0.7916666666666666,14.5,291221,161.3,171736
Prince Edward Island,2023/6/1,Agriculture,4.6,3.6,20.84,0.782608695652174,14.5,299368,161,171736
Prince Edward Island,2023/7/1,Agriculture,5.1,3.7,22.22,0.7254901960784315,14.5,294353,163.8,173734
Prince Edward Island,2023/8/1,Agriculture,5.5,4.1,21.52,0.7454545454545454,14.5,293599,164.8,173734
Prince Edward Island,2023/9/1,Agriculture,5.2,3.7,21.69,0.7115384615384616,14.5,292490,163.7,173734
Prince Edward Island,2023/10/1,Agriculture,6.4,5.2,21.33,0.8125,15,293447,163.4,176173
Prince Edward Island,2023/11/1,Agriculture,5.4,3.3,21.73,0.611111111111111,15,302935,162.9,176173
Prince Edward Island,2023/12/1,Agriculture,4.9,2.6,21.56,0.5306122448979592,15,283625,163,176173
Prince Edward Island,2024/1/1,Agriculture,4.5,1.9,21.9,0.4222222222222222,15,302550,162.6,176757
Prince Edward Island,2024/2/1,Agriculture,4.4,2.1,20.55,0.4772727272727272,15,297790,163.8,176757
Prince Edward Island,2024/3/1,Agriculture,4.2,1.8,23.32,0.4285714285714285,15,301893,164.8,176757
Prince Edward Island,2024/4/1,Agriculture,4.3,2.4,21.5,0.5581395348837209,15,302875,165.9,178022
Prince Edward Island,2024/5/1,Agriculture,4.6,2.6,21.42,0.5652173913043479,15,293077,166.4,178022
Prince Edward Island,2024/6/1,Agriculture,4.6,2.9,20.51,0.6304347826086957,15,287836,166.4,178022
Prince Edward Island,2024/7/1,Agriculture,5,2.8,20.34,0.5599999999999999,15,291596,167.1,179709
Prince Edward Island,2024/8/1,Agriculture,4.9,3.3,20.89,0.6734693877551019,15,299127,166.8,179709
Prince Edward Island,2024/9/1,Agriculture,4.5,3,22.43,0.6666666666666666,15,301662,165.3,179709
Prince Edward Island,2024/10/1,Agriculture,4.8,3.4,22.69,0.7083333333333334,16,293479,165.5,180877
Prince Edward Island,2024/11/1,Agriculture,4.6,2.2,22.51,0.4782608695652174,16,286913,165.9,180877
Prince Edward Island,2024/12/1,Agriculture,4.5,1.9,24.21,0.4222222222222222,16,300482,163.6,180877
Prince Edward Island,2025/1/1,Agriculture,3.5,1.8,23.31,0.5142857142857143,16,304111,164.7,180686
Prince Edward Island,2025/2/1,Agriculture,3.4,1.3,22.97,0.3823529411764706,16,305526,167,180686
Prince Edward Island,2025/3/1,Agriculture,3.5,1.5,24.1,0.4285714285714285,16,308058,167.7,180686
Prince Edward Island,2025/4/1,Agriculture,4.5,2.8,21.49,0.6222222222222222,16,305649,166.9,181289
Prince Edward Island,2025/5/1,Agriculture,3.8,2.3,21.59,0.6052631578947368,16,305510,167.5,181289
Prince Edward Island,2025/6/1,Agriculture,4.1,3,20.71,0.7317073170731708,16,304000,167.7,181289
Prince Edward Island,2025/7/1,Agriculture,3.8,2.9,20.05,0.7631578947368421,16,307015,169.1,182657
Prince Edward Island,2025/8/1,Agriculture,3.9,2.5,22.16,0.6410256410256411,16,303900,168.6,182657
Prince Edward Island,2025/9/1,Agriculture,4.2,2.5,22.62,0.5952380952380952,16,,168.1,182657
Prince Edward Island,2022/1/1,"Business, building and other support services",,,,,13,,,
Prince Edward Island,2022/2/1,"Business, building and other support services",,,,,13,,,
Prince Edward Island,2022/3/1,"Business, building and other support services",,,,,13,,,
Prince Edward Island,2022/4/1,"Business, building and other support services",,,,,13.7,,,
Prince Edward Island,2022/5/1,"Business, building and other support services",,,,,13.7,,,
Prince Edward Island,2022/6/1,"Business, building and other support services",,,,,13.7,,,
Prince Edward Island,2022/7/1,"Business, building and other support services",,,,,13.7,,,
Prince Edward Island,2022/8/1,"Business, building and other support services",,,,,13.7,,,
Prince Edward Island,2022/9/1,"Business, building and other support services",,,,,13.7,,,
Prince Edward Island,2022/10/1,"Business, building and other support services",,,,,13.7,,,
Prince Edward Island,2022/11/1,"Business, building and other support services",,,,,13.7,,,
Prince Edward Island,2022/12/1,"Business, building and other support services",,,,,13.7,,,
Prince Edward Island,2023/1/1,"Business, building and other support services",2.4,1.9,18.15,0.7916666666666666,14.5,292202,160.1,169942
Prince Edward Island,2023/2/1,"Business, building and other support services",2.3,2,19.38,0.8695652173913044,14.5,302149,161.4,169942
Prince Edward Island,2023/3/1,"Business, building and other support services",3,2.3,17.65,0.7666666666666666,14.5,283358,160.7,169942
Prince Edward Island,2023/4/1,"Business, building and other support services",2.7,1.8,19.32,0.6666666666666666,14.5,278026,161.7,171736
Prince Edward Island,2023/5/1,"Business, building and other support services",2.7,1.6,21.95,0.5925925925925926,14.5,291221,161.3,171736
Prince Edward Island,2023/6/1,"Business, building and other support services",1.9,1.6,20.2,0.8421052631578948,14.5,299368,161,171736
Prince Edward Island,2023/7/1,"Business, building and other support services",2.4,1.8,19.46,0.75,14.5,294353,163.8,173734
Prince Edward Island,2023/8/1,"Business, building and other support services",2,1.5,20.16,0.75,14.5,293599,164.8,173734
Prince Edward Island,2023/9/1,"Business, building and other support services",1.4,1.2,20.76,0.8571428571428572,14.5,292490,163.7,173734
Prince Edward Island,2023/10/1,"Business, building and other support services",1.8,1.4,18.98,0.7777777777777777,15,293447,163.4,176173
Prince Edward Island,2023/11/1,"Business, building and other support services",1.2,0.9,21.57,0.75,15,302935,162.9,176173
Prince Edward Island,2023/12/1,"Business, building and other support services",1.9,1.2,21.28,0.631578947368421,15,283625,163,176173
Prince Edward Island,2024/1/1,"Business, building and other support services",2.4,1.7,19.71,0.7083333333333334,15,302550,162.6,176757
Prince Edward Island,2024/2/1,"Business, building and other support services",2.5,1.7,19.98,0.6799999999999999,15,297790,163.8,176757
Prince Edward Island,2024/3/1,"Business, building and other support services",2.6,1.6,19.62,0.6153846153846154,15,301893,164.8,176757
Prince Edward Island,2024/4/1,"Business, building and other support services",2.3,1.3,22.93,0.5652173913043479,15,302875,165.9,178022
Prince Edward Island,2024/5/1,"Business, building and other support services",2.7,1.7,21.93,0.6296296296296295,15,293077,166.4,178022
Prince Edward Island,2024/6/1,"Business, building and other support services",2.5,2,21.83,0.8,15,287836,166.4,178022
Prince Edward Island,2024/7/1,"Business, building and other support services",2.5,2,23.08,0.8,15,291596,167.1,179709
Prince Edward Island,2024/8/1,"Business, building and other support services",2.5,2.1,24.44,0.8400000000000001,15,299127,166.8,179709
Prince Edward Island,2024/9/1,"Business, building and other support services",2.5,2,23.26,0.8,15,301662,165.3,179709
Prince Edward Island,2024/10/1,"Business, building and other support services",2.3,1.5,27.92,0.6521739130434783,16,293479,165.5,180877
Prince Edward Island,2024/11/1,"Business, building and other support services",3.4,2.4,26.54,0.7058823529411765,16,286913,165.9,180877
Prince Edward Island,2024/12/1,"Business, building and other support services",3,1.8,25.82,0.6,16,300482,163.6,180877
Prince Edward Island,2025/1/1,"Business, building and other support services",2.6,1.5,27.48,0.5769230769230769,16,304111,164.7,180686
Prince Edward Island,2025/2/1,"Business, building and other support services",3.1,1.5,26.48,0.4838709677419354,16,305526,167,180686
Prince Edward Island,2025/3/1,"Business, building and other support services",2.6,1.6,24.03,0.6153846153846154,16,308058,167.7,180686
Prince Edward Island,2025/4/1,"Business, building and other support services",2.8,1.9,22.19,0.6785714285714286,16,305649,166.9,181289
Prince Edward Island,2025/5/1,"Business, building and other support services",2.3,1.8,22.26,0.782608695652174,16,305510,167.5,181289
Prince Edward Island,2025/6/1,"Business, building and other support services",2.5,2.1,21.08,0.8400000000000001,16,304000,167.7,181289
Prince Edward Island,2025/7/1,"Business, building and other support services",2.5,2,23.16,0.8,16,307015,169.1,182657
Prince Edward Island,2025/8/1,"Business, building and other support services",3,2.2,22.99,0.7333333333333334,16,303900,168.6,182657
Prince Edward Island,2025/9/1,"Business, building and other support services",3,2.1,21.32,0.7000000000000001,16,,168.1,182657
Prince Edward Island,2022/1/1,Construction,,,,,13,,,
Prince Edward Island,2022/2/1,Construction,,,,,13,,,
Prince Edward Island,2022/3/1,Construction,,,,,13,,,
Prince Edward Island,2022/4/1,Construction,,,,,13.7,,,
Prince Edward Island,2022/5/1,Construction,,,,,13.7,,,
Prince Edward Island,2022/6/1,Construction,,,,,13.7,,,
Prince Edward Island,2022/7/1,Construction,,,,,13.7,,,
Prince Edward Island,2022/8/1,Construction,,,,,13.7,,,
Prince Edward Island,2022/9/1,Construction,,,,,13.7,,,
Prince Edward Island,2022/10/1,Construction,,,,,13.7,,,
Prince Edward Island,2022/11/1,Construction,,,,,13.7,,,
Prince Edward Island,2022/12/1,Construction,,,,,13.7,,,
Prince Edward Island,2023/1/1,Construction,7.4,3.9,25.25,0.527027027027027,14.5,292202,160.1,169942
Prince Edward Island,2023/2/1,Construction,7.8,4.5,26.66,0.576923076923077,14.5,302149,161.4,169942
Prince Edward Island,2023/3/1,Construction,7.5,4.5,25.45,0.6,14.5,283358,160.7,169942
Prince Edward Island,2023/4/1,Construction,7.9,4.6,25.51,0.5822784810126581,14.5,278026,161.7,171736
Prince Edward Island,2023/5/1,Construction,8,5.6,26.41,0.7,14.5,291221,161.3,171736
Prince Edward Island,2023/6/1,Construction,8,6,24.54,0.75,14.5,299368,161,171736
Prince Edward Island,2023/7/1,Construction,8.7,6.5,25.89,0.7471264367816093,14.5,294353,163.8,173734
Prince Edward Island,2023/8/1,Construction,9.2,6.6,26.31,0.717391304347826,14.5,293599,164.8,173734
Prince Edward Island,2023/9/1,Construction,9.1,6.8,26.46,0.7472527472527473,14.5,292490,163.7,173734
Prince Edward Island,2023/10/1,Construction,8.8,6.2,27.31,0.7045454545454545,15,293447,163.4,176173
Prince Edward Island,2023/11/1,Construction,8.7,6.2,26.34,0.7126436781609197,15,302935,162.9,176173
Prince Edward Island,2023/12/1,Construction,8.8,6,26.44,0.6818181818181818,15,283625,163,176173
Prince Edward Island,2024/1/1,Construction,8.1,5.8,25.52,0.7160493827160493,15,302550,162.6,176757
Prince Edward Island,2024/2/1,Construction,7.7,5.3,28.02,0.6883116883116883,15,297790,163.8,176757
Prince Edward Island,2024/3/1,Construction,9.1,5.6,28.94,0.6153846153846154,15,301893,164.8,176757
Prince Edward Island,2024/4/1,Construction,9.2,6.2,29.28,0.673913043478261,15,302875,165.9,178022
Prince Edward Island,2024/5/1,Construction,9.1,6.7,27.91,0.7362637362637363,15,293077,166.4,178022
Prince Edward Island,2024/6/1,Construction,10,8,26.21,0.8,15,287836,166.4,178022
Prince Edward Island,2024/7/1,Construction,10.2,8,27.49,0.7843137254901962,15,291596,167.1,179709
Prince Edward Island,2024/8/1,Construction,10.4,8.1,26.75,0.7788461538461537,15,299127,166.8,179709
Prince Edward Island,2024/9/1,Construction,11,9,27.68,0.8181818181818182,15,301662,165.3,179709
Prince Edward Island,2024/10/1,Construction,10.4,7.8,27.83,0.75,16,293479,165.5,180877
Prince Edward Island,2024/11/1,Construction,10.6,8.5,28.7,0.8018867924528302,16,286913,165.9,180877
Prince Edward Island,2024/12/1,Construction,10.1,8,28.96,0.7920792079207921,16,300482,163.6,180877
Prince Edward Island,2025/1/1,Construction,9.6,7.2,27.72,0.75,16,304111,164.7,180686
Prince Edward Island,2025/2/1,Construction,9.5,7.2,28.79,0.7578947368421053,16,305526,167,180686
Prince Edward Island,2025/3/1,Construction,9.5,6.7,28.61,0.7052631578947368,16,308058,167.7,180686
Prince Edward Island,2025/4/1,Construction,9.6,6.9,28.1,0.7187500000000001,16,305649,166.9,181289
Prince Edward Island,2025/5/1,Construction,10,6.8,28.02,0.6799999999999999,16,305510,167.5,181289
Prince Edward Island,2025/6/1,Construction,11,7.9,29.4,0.7181818181818183,16,304000,167.7,181289
Prince Edward Island,2025/7/1,Construction,11.5,8.2,27.16,0.7130434782608696,16,307015,169.1,182657
Prince Edward Island,2025/8/1,Construction,11.1,8.3,28.56,0.7477477477477479,16,303900,168.6,182657
Prince Edward Island,2025/9/1,Construction,9.7,7.1,28.7,0.731958762886598,16,,168.1,182657
Prince Edward Island,2022/1/1,Educational services,,,,,13,,,
Prince Edward Island,2022/2/1,Educational services,,,,,13,,,
Prince Edward Island,2022/3/1,Educational services,,,,,13,,,
Prince Edward Island,2022/4/1,Educational services,,,,,13.7,,,
Prince Edward Island,2022/5/1,Educational services,,,,,13.7,,,
Prince Edward Island,2022/6/1,Educational services,,,,,13.7,,,
Prince Edward Island,2022/7/1,Educational services,,,,,13.7,,,
Prince Edward Island,2022/8/1,Educational services,,,,,13.7,,,
Prince Edward Island,2022/9/1,Educational services,,,,,13.7,,,
Prince Edward Island,2022/10/1,Educational services,,,,,13.7,,,
Prince Edward Island,2022/11/1,Educational services,,,,,13.7,,,
Prince Edward Island,2022/12/1,Educational services,,,,,13.7,,,
Prince Edward Island,2023/1/1,Educational services,6.2,5.9,32.39,0.9516129032258064,14.5,292202,160.1,169942
Prince Edward Island,2023/2/1,Educational services,6.4,6.2,33.66,0.96875,14.5,302149,161.4,169942
Prince Edward Island,2023/3/1,Educational services,6.8,6.6,33.18,0.9705882352941176,14.5,283358,160.7,169942
Prince Edward Island,2023/4/1,Educational services,7.1,6.8,31.87,0.9577464788732396,14.5,278026,161.7,171736
Prince Edward Island,2023/5/1,Educational services,6.5,6,33.03,0.9230769230769232,14.5,291221,161.3,171736
Prince Edward Island,2023/6/1,Educational services,6.2,5.7,32.98,0.9193548387096774,14.5,299368,161,171736
Prince Edward Island,2023/7/1,Educational services,5.1,3.9,35.2,0.7647058823529412,14.5,294353,163.8,173734
Prince Edward Island,2023/8/1,Educational services,6.4,4.2,34.52,0.65625,14.5,293599,164.8,173734
Prince Edward Island,2023/9/1,Educational services,6.4,6,34.21,0.9375,14.5,292490,163.7,173734
Prince Edward Island,2023/10/1,Educational services,7,6.6,34.69,0.9428571428571428,15,293447,163.4,176173
Prince Edward Island,2023/11/1,Educational services,7.3,6.9,35.46,0.9452054794520548,15,302935,162.9,176173
Prince Edward Island,2023/12/1,Educational services,7.6,7.2,35.05,0.9473684210526316,15,283625,163,176173
Prince Edward Island,2024/1/1,Educational services,7.4,6.8,35.12,0.9189189189189187,15,302550,162.6,176757
Prince Edward Island,2024/2/1,Educational services,7.2,6.7,33.98,0.9305555555555556,15,297790,163.8,176757
Prince Edward Island,2024/3/1,Educational services,7.5,6.9,35.04,0.92,15,301893,164.8,176757
Prince Edward Island,2024/4/1,Educational services,7.2,6.7,35.74,0.9305555555555556,15,302875,165.9,178022
Prince Edward Island,2024/5/1,Educational services,7.7,7.1,37.33,0.922077922077922,15,293077,166.4,178022
Prince Edward Island,2024/6/1,Educational services,7.6,7,38.34,0.9210526315789476,15,287836,166.4,178022
Prince Edward Island,2024/7/1,Educational services,6,4.8,42.63,0.7999999999999999,15,291596,167.1,179709
Prince Edward Island,2024/8/1,Educational services,6,4.6,46.39,0.7666666666666666,15,299127,166.8,179709
Prince Edward Island,2024/9/1,Educational services,6.5,6.3,39.03,0.9692307692307692,15,301662,165.3,179709
Prince Edward Island,2024/10/1,Educational services,6.7,6.4,36.69,0.9552238805970148,16,293479,165.5,180877
Prince Edward Island,2024/11/1,Educational services,6.7,6.4,36.42,0.9552238805970148,16,286913,165.9,180877
Prince Edward Island,2024/12/1,Educational services,6.7,6.3,36.94,0.9402985074626864,16,300482,163.6,180877
Prince Edward Island,2025/1/1,Educational services,6.7,6.4,35.38,0.9552238805970148,16,304111,164.7,180686
Prince Edward Island,2025/2/1,Educational services,6.5,6.2,35.83,0.953846153846154,16,305526,167,180686
Prince Edward Island,2025/3/1,Educational services,6.3,6,36.84,0.9523809523809524,16,308058,167.7,180686
Prince Edward Island,2025/4/1,Educational services,6.1,5.9,37.48,0.9672131147540984,16,305649,166.9,181289
Prince Edward Island,2025/5/1,Educational services,6.5,5.8,33.91,0.8923076923076922,16,305510,167.5,181289
Prince Edward Island,2025/6/1,Educational services,6.8,6.3,33.19,0.9264705882352942,16,304000,167.7,181289
Prince Edward Island,2025/7/1,Educational services,5.4,4.4,35.52,0.8148148148148149,16,307015,169.1,182657
Prince Edward Island,2025/8/1,Educational services,5.9,4.8,35.12,0.8135593220338982,16,303900,168.6,182657
Prince Edward Island,2025/9/1,Educational services,6.3,5.9,39.99,0.9365079365079366,16,,168.1,182657
Prince Edward Island,2022/1/1,"Finance, insurance, real estate, rental and leasing",,,,,13,,,
Prince Edward Island,2022/2/1,"Finance, insurance, real estate, rental and leasing",,,,,13,,,
Prince Edward Island,2022/3/1,"Finance, insurance, real estate, rental and leasing",,,,,13,,,
Prince Edward Island,2022/4/1,"Finance, insurance, real estate, rental and leasing",,,,,13.7,,,
Prince Edward Island,2022/5/1,"Finance, insurance, real estate, rental and leasing",,,,,13.7,,,
Prince Edward Island,2022/6/1,"Finance, insurance, real estate, rental and leasing",,,,,13.7,,,
Prince Edward Island,2022/7/1,"Finance, insurance, real estate, rental and leasing",,,,,13.7,,,
Prince Edward Island,2022/8/1,"Finance, insurance, real estate, rental and leasing",,,,,13.7,,,
Prince Edward Island,2022/9/1,"Finance, insurance, real estate, rental and leasing",,,,,13.7,,,
Prince Edward Island,2022/10/1,"Finance, insurance, real estate, rental and leasing",,,,,13.7,,,
Prince Edward Island,2022/11/1,"Finance, insurance, real estate, rental and leasing",,,,,13.7,,,
Prince Edward Island,2022/12/1,"Finance, insurance, real estate, rental and leasing",,,,,13.7,,,
Prince Edward Island,2023/1/1,"Finance, insurance, real estate, rental and leasing",2.9,2.5,33.66,0.8620689655172414,14.5,292202,160.1,169942
Prince Edward Island,2023/2/1,"Finance, insurance, real estate, rental and leasing",3.2,2.8,31.67,0.8749999999999999,14.5,302149,161.4,169942
Prince Edward Island,2023/3/1,"Finance, insurance, real estate, rental and leasing",3.4,3,31.55,0.8823529411764706,14.5,283358,160.7,169942
Prince Edward Island,2023/4/1,"Finance, insurance, real estate, rental and leasing",3.3,2.7,29.73,0.8181818181818182,14.5,278026,161.7,171736
Prince Edward Island,2023/5/1,"Finance, insurance, real estate, rental and leasing",3.9,2.9,29.37,0.7435897435897436,14.5,291221,161.3,171736
Prince Edward Island,2023/6/1,"Finance, insurance, real estate, rental and leasing",3.9,3.2,31.87,0.8205128205128206,14.5,299368,161,171736
Prince Edward Island,2023/7/1,"Finance, insurance, real estate, rental and leasing",3.9,3.2,31.73,0.8205128205128206,14.5,294353,163.8,173734
Prince Edward Island,2023/8/1,"Finance, insurance, real estate, rental and leasing",4.5,3.7,28.63,0.8222222222222223,14.5,293599,164.8,173734
Prince Edward Island,2023/9/1,"Finance, insurance, real estate, rental and leasing",4.1,2.9,30.83,0.7073170731707318,14.5,292490,163.7,173734
Prince Edward Island,2023/10/1,"Finance, insurance, real estate, rental and leasing",4.2,3.3,30.08,0.7857142857142856,15,293447,163.4,176173
Prince Edward Island,2023/11/1,"Finance, insurance, real estate, rental and leasing",4,3.4,34.86,0.85,15,302935,162.9,176173
Prince Edward Island,2023/12/1,"Finance, insurance, real estate, rental and leasing",4.3,3.3,32.21,0.7674418604651163,15,283625,163,176173
Prince Edward Island,2024/1/1,"Finance, insurance, real estate, rental and leasing",4.2,3.4,28.87,0.8095238095238094,15,302550,162.6,176757
Prince Edward Island,2024/2/1,"Finance, insurance, real estate, rental and leasing",4.3,3.6,31.4,0.8372093023255814,15,297790,163.8,176757
Prince Edward Island,2024/3/1,"Finance, insurance, real estate, rental and leasing",4.5,3.7,30.18,0.8222222222222223,15,301893,164.8,176757
Prince Edward Island,2024/4/1,"Finance, insurance, real estate, rental and leasing",4.6,3.6,31.08,0.782608695652174,15,302875,165.9,178022
Prince Edward Island,2024/5/1,"Finance, insurance, real estate, rental and leasing",4.6,3.4,33.96,0.7391304347826088,15,293077,166.4,178022
Prince Edward Island,2024/6/1,"Finance, insurance, real estate, rental and leasing",4.5,3.3,33.99,0.7333333333333333,15,287836,166.4,178022
Prince Edward Island,2024/7/1,"Finance, insurance, real estate, rental and leasing",4.5,3.4,36.45,0.7555555555555555,15,291596,167.1,179709
Prince Edward Island,2024/8/1,"Finance, insurance, real estate, rental and leasing",4.1,3.3,35.7,0.8048780487804879,15,299127,166.8,179709
Prince Edward Island,2024/9/1,"Finance, insurance, real estate, rental and leasing",3.9,2.6,37.11,0.6666666666666667,15,301662,165.3,179709
Prince Edward Island,2024/10/1,"Finance, insurance, real estate, rental and leasing",3.8,2.5,33.21,0.6578947368421053,16,293479,165.5,180877
Prince Edward Island,2024/11/1,"Finance, insurance, real estate, rental and leasing",3.4,2.1,34.88,0.6176470588235294,16,286913,165.9,180877
Prince Edward Island,2024/12/1,"Finance, insurance, real estate, rental and leasing",3.3,2.5,31.47,0.7575757575757576,16,300482,163.6,180877
Prince Edward Island,2025/1/1,"Finance, insurance, real estate, rental and leasing",3.7,2.3,31.43,0.6216216216216215,16,304111,164.7,180686
Prince Edward Island,2025/2/1,"Finance, insurance, real estate, rental and leasing",3.2,2.2,28.56,0.6875,16,305526,167,180686
Prince Edward Island,2025/3/1,"Finance, insurance, real estate, rental and leasing",3.9,2.9,30.76,0.7435897435897436,16,308058,167.7,180686
Prince Edward Island,2025/4/1,"Finance, insurance, real estate, rental and leasing",3.8,2.9,24.43,0.7631578947368421,16,305649,166.9,181289
Prince Edward Island,2025/5/1,"Finance, insurance, real estate, rental and leasing",3.8,3.3,26.52,0.868421052631579,16,305510,167.5,181289
Prince Edward Island,2025/6/1,"Finance, insurance, real estate, rental and leasing",4.1,3.5,28.55,0.853658536585366,16,304000,167.7,181289
Prince Edward Island,2025/7/1,"Finance, insurance, real estate, rental and leasing",4.6,3.7,25.79,0.8043478260869567,16,307015,169.1,182657
Prince Edward Island,2025/8/1,"Finance, insurance, real estate, rental and leasing",4.2,3.1,31.65,0.7380952380952381,16,303900,168.6,182657
Prince Edward Island,2025/9/1,"Finance, insurance, real estate, rental and leasing",4.3,3.4,38.1,0.7906976744186046,16,,168.1,182657
Prince Edward Island,2022/1/1,"Forestry, fishing, mining, quarrying, oil and gas",,,,,13,,,
Prince Edward Island,2022/2/1,"Forestry, fishing, mining, quarrying, oil and gas",,,,,13,,,
Prince Edward Island,2022/3/1,"Forestry, fishing, mining, quarrying, oil and gas",,,,,13,,,
Prince Edward Island,2022/4/1,"Forestry, fishing, mining, quarrying, oil and gas",,,,,13.7,,,
Prince Edward Island,2022/5/1,"Forestry, fishing, mining, quarrying, oil and gas",,,,,13.7,,,
Prince Edward Island,2022/6/1,"Forestry, fishing, mining, quarrying, oil and gas",,,,,13.7,,,
Prince Edward Island,2022/7/1,"Forestry, fishing, mining, quarrying, oil and gas",,,,,13.7,,,
Prince Edward Island,2022/8/1,"Forestry, fishing, mining, quarrying, oil and gas",,,,,13.7,,,
Prince Edward Island,2022/9/1,"Forestry, fishing, mining, quarrying, oil and gas",,,,,13.7,,,
Prince Edward Island,2022/10/1,"Forestry, fishing, mining, quarrying, oil and gas",,,,,13.7,,,
Prince Edward Island,2022/11/1,"Forestry, fishing, mining, quarrying, oil and gas",,,,,13.7,,,
Prince Edward Island,2022/12/1,"Forestry, fishing, mining, quarrying, oil and gas",,,,,13.7,,,
Prince Edward Island,2023/1/1,"Forestry, fishing, mining, quarrying, oil and gas",2.5,0.5,26.75,0.2,14.5,292202,160.1,169942
Prince Edward Island,2023/2/1,"Forestry, fishing, mining, quarrying, oil and gas",2.4,0.4,30.43,0.1666666666666666,14.5,302149,161.4,169942
Prince Edward Island,2023/3/1,"Forestry, fishing, mining, quarrying, oil and gas",2.5,0.3,26.2,0.12,14.5,283358,160.7,169942
Prince Edward Island,2023/4/1,"Forestry, fishing, mining, quarrying, oil and gas",3.3,0.5,32.55,0.1515151515151515,14.5,278026,161.7,171736
Prince Edward Island,2023/5/1,"Forestry, fishing, mining, quarrying, oil and gas",3.4,1.5,24.85,0.4411764705882353,14.5,291221,161.3,171736
Prince Edward Island,2023/6/1,"Forestry, fishing, mining, quarrying, oil and gas",3.8,2,24.35,0.5263157894736842,14.5,299368,161,171736
Prince Edward Island,2023/7/1,"Forestry, fishing, mining, quarrying, oil and gas",3.3,0.7,29.22,0.2121212121212121,14.5,294353,163.8,173734
Prince Edward Island,2023/8/1,"Forestry, fishing, mining, quarrying, oil and gas",2.8,1.3,27.19,0.4642857142857143,14.5,293599,164.8,173734
Prince Edward Island,2023/9/1,"Forestry, fishing, mining, quarrying, oil and gas",2.4,0.9,27.74,0.375,14.5,292490,163.7,173734
Prince Edward Island,2023/10/1,"Forestry, fishing, mining, quarrying, oil and gas",2.7,1.2,29.36,0.4444444444444444,15,293447,163.4,176173
Prince Edward Island,2023/11/1,"Forestry, fishing, mining, quarrying, oil and gas",3.3,0.7,39.13,0.2121212121212121,15,302935,162.9,176173
Prince Edward Island,2023/12/1,"Forestry, fishing, mining, quarrying, oil and gas",2.9,0.7,33.29,0.2413793103448275,15,283625,163,176173
Prince Edward Island,2024/1/1,"Forestry, fishing, mining, quarrying, oil and gas",2.4,0.3,33.37,0.125,15,302550,162.6,176757
Prince Edward Island,2024/2/1,"Forestry, fishing, mining, quarrying, oil and gas",2.2,0.3,23.68,0.1363636363636363,15,297790,163.8,176757
Prince Edward Island,2024/3/1,"Forestry, fishing, mining, quarrying, oil and gas",2.4,0.5,29.29,0.2083333333333333,15,301893,164.8,176757
Prince Edward Island,2024/4/1,"Forestry, fishing, mining, quarrying, oil and gas",3.1,0.9,24.03,0.2903225806451613,15,302875,165.9,178022
Prince Edward Island,2024/5/1,"Forestry, fishing, mining, quarrying, oil and gas",4.4,3.1,26.28,0.7045454545454545,15,293077,166.4,178022
Prince Edward Island,2024/6/1,"Forestry, fishing, mining, quarrying, oil and gas",4.2,2.7,30.89,0.6428571428571429,15,287836,166.4,178022
Prince Edward Island,2024/7/1,"Forestry, fishing, mining, quarrying, oil and gas",3.5,0.4,24.31,0.1142857142857143,15,291596,167.1,179709
Prince Edward Island,2024/8/1,"Forestry, fishing, mining, quarrying, oil and gas",3.5,1.4,24.11,0.3999999999999999,15,299127,166.8,179709
Prince Edward Island,2024/9/1,"Forestry, fishing, mining, quarrying, oil and gas",2.9,1.1,23.72,0.3793103448275862,15,301662,165.3,179709
Prince Edward Island,2024/10/1,"Forestry, fishing, mining, quarrying, oil and gas",3.6,0.7,25.82,0.1944444444444444,16,293479,165.5,180877
Prince Edward Island,2024/11/1,"Forestry, fishing, mining, quarrying, oil and gas",3.3,0.9,23.27,0.2727272727272727,16,286913,165.9,180877
Prince Edward Island,2024/12/1,"Forestry, fishing, mining, quarrying, oil and gas",2.7,0.3,31.53,0.1111111111111111,16,300482,163.6,180877
Prince Edward Island,2025/1/1,"Forestry, fishing, mining, quarrying, oil and gas",2.8,0.7,45.38,0.25,16,304111,164.7,180686
Prince Edward Island,2025/2/1,"Forestry, fishing, mining, quarrying, oil and gas",2.5,0.6,43.46,0.24,16,305526,167,180686
Prince Edward Island,2025/3/1,"Forestry, fishing, mining, quarrying, oil and gas",3,0.7,34.65,0.2333333333333333,16,308058,167.7,180686
Prince Edward Island,2025/4/1,"Forestry, fishing, mining, quarrying, oil and gas",2.7,1,24.42,0.3703703703703703,16,305649,166.9,181289
Prince Edward Island,2025/5/1,"Forestry, fishing, mining, quarrying, oil and gas",3.5,2.4,25.36,0.6857142857142857,16,305510,167.5,181289
Prince Edward Island,2025/6/1,"Forestry, fishing, mining, quarrying, oil and gas",3.7,2.8,26.07,0.7567567567567567,16,304000,167.7,181289
Prince Edward Island,2025/7/1,"Forestry, fishing, mining, quarrying, oil and gas",3.8,1.6,22.82,0.4210526315789474,16,307015,169.1,182657
Prince Edward Island,2025/8/1,"Forestry, fishing, mining, quarrying, oil and gas",3.6,2.6,24.32,0.7222222222222222,16,303900,168.6,182657
Prince Edward Island,2025/9/1,"Forestry, fishing, mining, quarrying, oil and gas",3.4,1.5,30.36,0.4411764705882353,16,,168.1,182657
Prince Edward Island,2022/1/1,Goods-producing sector,,,,,13,,,
Prince Edward Island,2022/2/1,Goods-producing sector,,,,,13,,,
Prince Edward Island,2022/3/1,Goods-producing sector,,,,,13,,,
Prince Edward Island,2022/4/1,Goods-producing sector,,,,,13.7,,,
Prince Edward Island,2022/5/1,Goods-producing sector,,,,,13.7,,,
Prince Edward Island,2022/6/1,Goods-producing sector,,,,,13.7,,,
Prince Edward Island,2022/7/1,Goods-producing sector,,,,,13.7,,,
Prince Edward Island,2022/8/1,Goods-producing sector,,,,,13.7,,,
Prince Edward Island,2022/9/1,Goods-producing sector,,,,,13.7,,,
Prince Edward Island,2022/10/1,Goods-producing sector,,,,,13.7,,,
Prince Edward Island,2022/11/1,Goods-producing sector,,,,,13.7,,,
Prince Edward Island,2022/12/1,Goods-producing sector,,,,,13.7,,,
Prince Edward Island,2023/1/1,Goods-producing sector,21.8,13.3,24.91,0.6100917431192661,14.5,292202,160.1,169942
Prince Edward Island,2023/2/1,Goods-producing sector,22.5,14.6,27.31,0.6488888888888888,14.5,302149,161.4,169942
Prince Edward Island,2023/3/1,Goods-producing sector,21.5,14.5,27.15,0.6744186046511628,14.5,283358,160.7,169942
Prince Edward Island,2023/4/1,Goods-producing sector,24.1,15.8,25.34,0.6556016597510373,14.5,278026,161.7,171736
Prince Edward Island,2023/5/1,Goods-producing sector,25.5,19.7,25.77,0.7725490196078431,14.5,291221,161.3,171736
Prince Edward Island,2023/6/1,Goods-producing sector,25.5,20.4,25.26,0.7999999999999999,14.5,299368,161,171736
Prince Edward Island,2023/7/1,Goods-producing sector,26.1,19,25.56,0.7279693486590038,14.5,294353,163.8,173734
Prince Edward Island,2023/8/1,Goods-producing sector,27,20.8,25.82,0.7703703703703704,14.5,293599,164.8,173734
Prince Edward Island,2023/9/1,Goods-producing sector,25.6,19.7,25.5,0.7695312499999999,14.5,292490,163.7,173734
Prince Edward Island,2023/10/1,Goods-producing sector,25.8,20.1,26.65,0.7790697674418605,15,293447,163.4,176173
Prince Edward Island,2023/11/1,Goods-producing sector,25.9,17.9,26.85,0.6911196911196911,15,302935,162.9,176173
Prince Edward Island,2023/12/1,Goods-producing sector,25.1,17,26.89,0.6772908366533864,15,283625,163,176173
Prince Edward Island,2024/1/1,Goods-producing sector,23.3,15.4,26.55,0.6609442060085837,15,302550,162.6,176757
Prince Edward Island,2024/2/1,Goods-producing sector,22.6,15.3,27.73,0.6769911504424778,15,297790,163.8,176757
Prince Edward Island,2024/3/1,Goods-producing sector,23.4,15.1,29.1,0.6452991452991453,15,301893,164.8,176757
Prince Edward Island,2024/4/1,Goods-producing sector,24.5,16.8,28.48,0.6857142857142857,15,302875,165.9,178022
Prince Edward Island,2024/5/1,Goods-producing sector,26.3,19.9,27.27,0.7566539923954372,15,293077,166.4,178022
Prince Edward Island,2024/6/1,Goods-producing sector,27,21.2,26.51,0.7851851851851852,15,287836,166.4,178022
Prince Edward Island,2024/7/1,Goods-producing sector,27.1,18.8,26.9,0.6937269372693727,15,291596,167.1,179709
Prince Edward Island,2024/8/1,Goods-producing sector,27.8,20.9,25.86,0.751798561151079,15,299127,166.8,179709
Prince Edward Island,2024/9/1,Goods-producing sector,27.1,21.2,27.34,0.7822878228782287,15,301662,165.3,179709
Prince Edward Island,2024/10/1,Goods-producing sector,27.3,19.6,27.21,0.717948717948718,16,293479,165.5,180877
Prince Edward Island,2024/11/1,Goods-producing sector,27.7,20,27.54,0.7220216606498195,16,286913,165.9,180877
Prince Edward Island,2024/12/1,Goods-producing sector,27,18.6,29.23,0.688888888888889,16,300482,163.6,180877
Prince Edward Island,2025/1/1,Goods-producing sector,25.8,18,28.97,0.6976744186046512,16,304111,164.7,180686
Prince Edward Island,2025/2/1,Goods-producing sector,25,17.6,28.89,0.7040000000000001,16,305526,167,180686
Prince Edward Island,2025/3/1,Goods-producing sector,25.5,17.4,27.45,0.6823529411764705,16,308058,167.7,180686
Prince Edward Island,2025/4/1,Goods-producing sector,25.7,19.1,26.59,0.7431906614785992,16,305649,166.9,181289
Prince Edward Island,2025/5/1,Goods-producing sector,27.7,21.3,25.84,0.7689530685920578,16,305510,167.5,181289
Prince Edward Island,2025/6/1,Goods-producing sector,28,22.8,26.55,0.8142857142857143,16,304000,167.7,181289
Prince Edward Island,2025/7/1,Goods-producing sector,28.5,21.7,25.81,0.7614035087719297,16,307015,169.1,182657
Prince Edward Island,2025/8/1,Goods-producing sector,27.8,22.2,26.97,0.7985611510791366,16,303900,168.6,182657
Prince Edward Island,2025/9/1,Goods-producing sector,26.1,19.1,27.97,0.731800766283525,16,,168.1,182657
Prince Edward Island,2022/1/1,Health care and social assistance,,,,,13,,,
Prince Edward Island,2022/2/1,Health care and social assistance,,,,,13,,,
Prince Edward Island,2022/3/1,Health care and social assistance,,,,,13,,,
Prince Edward Island,2022/4/1,Health care and social assistance,,,,,13.7,,,
Prince Edward Island,2022/5/1,Health care and social assistance,,,,,13.7,,,
Prince Edward Island,2022/6/1,Health care and social assistance,,,,,13.7,,,
Prince Edward Island,2022/7/1,Health care and social assistance,,,,,13.7,,,
Prince Edward Island,2022/8/1,Health care and social assistance,,,,,13.7,,,
Prince Edward Island,2022/9/1,Health care and social assistance,,,,,13.7,,,
Prince Edward Island,2022/10/1,Health care and social assistance,,,,,13.7,,,
Prince Edward Island,2022/11/1,Health care and social assistance,,,,,13.7,,,
Prince Edward Island,2022/12/1,Health care and social assistance,,,,,13.7,,,
Prince Edward Island,2023/1/1,Health care and social assistance,13.6,12.7,32.47,0.9338235294117648,14.5,292202,160.1,169942
Prince Edward Island,2023/2/1,Health care and social assistance,14,13.1,30.58,0.9357142857142856,14.5,302149,161.4,169942
Prince Edward Island,2023/3/1,Health care and social assistance,15.1,13.8,30.68,0.913907284768212,14.5,283358,160.7,169942
Prince Edward Island,2023/4/1,Health care and social assistance,14.6,13.2,29.17,0.9041095890410958,14.5,278026,161.7,171736
Prince Edward Island,2023/5/1,Health care and social assistance,15.3,13.7,29.49,0.8954248366013071,14.5,291221,161.3,171736
Prince Edward Island,2023/6/1,Health care and social assistance,14.9,13.6,28.82,0.9127516778523488,14.5,299368,161,171736
Prince Edward Island,2023/7/1,Health care and social assistance,15.2,13.7,28.91,0.9013157894736842,14.5,294353,163.8,173734
Prince Edward Island,2023/8/1,Health care and social assistance,15.1,13.8,28.82,0.913907284768212,14.5,293599,164.8,173734
Prince Edward Island,2023/9/1,Health care and social assistance,15.5,14.4,29.12,0.9290322580645162,14.5,292490,163.7,173734
Prince Edward Island,2023/10/1,Health care and social assistance,14.7,13.8,29.11,0.9387755102040816,15,293447,163.4,176173
Prince Edward Island,2023/11/1,Health care and social assistance,15.3,14.5,30.28,0.9477124183006536,15,302935,162.9,176173
Prince Edward Island,2023/12/1,Health care and social assistance,14.7,14.2,30.78,0.9659863945578232,15,283625,163,176173
Prince Edward Island,2024/1/1,Health care and social assistance,14.2,13.5,30.38,0.9507042253521129,15,302550,162.6,176757
Prince Edward Island,2024/2/1,Health care and social assistance,15,14.4,30.49,0.96,15,297790,163.8,176757
Prince Edward Island,2024/3/1,Health care and social assistance,14.6,13.3,31.3,0.9109589041095892,15,301893,164.8,176757
Prince Edward Island,2024/4/1,Health care and social assistance,14.8,13.2,32.84,0.8918918918918918,15,302875,165.9,178022
Prince Edward Island,2024/5/1,Health care and social assistance,14.3,12.9,30.96,0.902097902097902,15,293077,166.4,178022
Prince Edward Island,2024/6/1,Health care and social assistance,14.1,13,31.77,0.9219858156028368,15,287836,166.4,178022
Prince Edward Island,2024/7/1,Health care and social assistance,14.5,13.5,31.21,0.9310344827586208,15,291596,167.1,179709
Prince Edward Island,2024/8/1,Health care and social assistance,15.5,13.9,31,0.8967741935483872,15,299127,166.8,179709
Prince Edward Island,2024/9/1,Health care and social assistance,14.4,13.5,32.98,0.9375,15,301662,165.3,179709
Prince Edward Island,2024/10/1,Health care and social assistance,15,14.2,33.86,0.9466666666666668,16,293479,165.5,180877
Prince Edward Island,2024/11/1,Health care and social assistance,15.1,14.1,33.03,0.933774834437086,16,286913,165.9,180877
Prince Edward Island,2024/12/1,Health care and social assistance,14.9,14.1,31.94,0.9463087248322148,16,300482,163.6,180877
Prince Edward Island,2025/1/1,Health care and social assistance,15,14.4,31.02,0.96,16,304111,164.7,180686
Prince Edward Island,2025/2/1,Health care and social assistance,15.3,14.5,31.25,0.9477124183006536,16,305526,167,180686
Prince Edward Island,2025/3/1,Health care and social assistance,15.5,14.7,31.88,0.9483870967741936,16,308058,167.7,180686
Prince Edward Island,2025/4/1,Health care and social assistance,15.6,14.5,33.98,0.9294871794871796,16,305649,166.9,181289
Prince Edward Island,2025/5/1,Health care and social assistance,16.5,15.1,33.59,0.9151515151515152,16,305510,167.5,181289
Prince Edward Island,2025/6/1,Health care and social assistance,16.7,15.2,33.19,0.9101796407185628,16,304000,167.7,181289
Prince Edward Island,2025/7/1,Health care and social assistance,17,15.7,35.04,0.9235294117647058,16,307015,169.1,182657
Prince Edward Island,2025/8/1,Health care and social assistance,16.5,15.6,35.39,0.9454545454545454,16,303900,168.6,182657
Prince Edward Island,2025/9/1,Health care and social assistance,16.3,15.3,34.67,0.9386503067484664,16,,168.1,182657
Prince Edward Island,2022/1/1,"Information, culture and recreation",,,,,13,,,
Prince Edward Island,2022/2/1,"Information, culture and recreation",,,,,13,,,
Prince Edward Island,2022/3/1,"Information, culture and recreation",,,,,13,,,
Prince Edward Island,2022/4/1,"Information, culture and recreation",,,,,13.7,,,
Prince Edward Island,2022/5/1,"Information, culture and recreation",,,,,13.7,,,
Prince Edward Island,2022/6/1,"Information, culture and recreation",,,,,13.7,,,
Prince Edward Island,2022/7/1,"Information, culture and recreation",,,,,13.7,,,
Prince Edward Island,2022/8/1,"Information, culture and recreation",,,,,13.7,,,
Prince Edward Island,2022/9/1,"Information, culture and recreation",,,,,13.7,,,
Prince Edward Island,2022/10/1,"Information, culture and recreation",,,,,13.7,,,
Prince Edward Island,2022/11/1,"Information, culture and recreation",,,,,13.7,,,
Prince Edward Island,2022/12/1,"Information, culture and recreation",,,,,13.7,,,
Prince Edward Island,2023/1/1,"Information, culture and recreation",2.3,1.9,25.69,0.8260869565217391,14.5,292202,160.1,169942
Prince Edward Island,2023/2/1,"Information, culture and recreation",2.9,1.8,23.91,0.6206896551724138,14.5,302149,161.4,169942
Prince Edward Island,2023/3/1,"Information, culture and recreation",2.5,1.6,21.7,0.64,14.5,283358,160.7,169942
Prince Edward Island,2023/4/1,"Information, culture and recreation",2.7,1.7,22.06,0.6296296296296295,14.5,278026,161.7,171736
Prince Edward Island,2023/5/1,"Information, culture and recreation",2.9,2.4,21.89,0.8275862068965517,14.5,291221,161.3,171736
Prince Edward Island,2023/6/1,"Information, culture and recreation",4.1,3,23.31,0.7317073170731708,14.5,299368,161,171736
Prince Edward Island,2023/7/1,"Information, culture and recreation",4.8,4.5,22.15,0.9375,14.5,294353,163.8,173734
Prince Edward Island,2023/8/1,"Information, culture and recreation",5.2,4.6,22.17,0.8846153846153845,14.5,293599,164.8,173734
Prince Edward Island,2023/9/1,"Information, culture and recreation",3.8,2.8,23.94,0.7368421052631579,14.5,292490,163.7,173734
Prince Edward Island,2023/10/1,"Information, culture and recreation",3.5,2.4,25.37,0.6857142857142857,15,293447,163.4,176173
Prince Edward Island,2023/11/1,"Information, culture and recreation",3,2,27.34,0.6666666666666666,15,302935,162.9,176173
Prince Edward Island,2023/12/1,"Information, culture and recreation",2.6,1.6,27.51,0.6153846153846154,15,283625,163,176173
Prince Edward Island,2024/1/1,"Information, culture and recreation",2.8,2,23.48,0.7142857142857143,15,302550,162.6,176757
Prince Edward Island,2024/2/1,"Information, culture and recreation",2.8,2,23.57,0.7142857142857143,15,297790,163.8,176757
Prince Edward Island,2024/3/1,"Information, culture and recreation",3.2,2.6,22.15,0.8125,15,301893,164.8,176757
Prince Edward Island,2024/4/1,"Information, culture and recreation",3.1,2,23.2,0.6451612903225806,15,302875,165.9,178022
Prince Edward Island,2024/5/1,"Information, culture and recreation",3.2,2.6,25.13,0.8125,15,293077,166.4,178022
Prince Edward Island,2024/6/1,"Information, culture and recreation",3.3,3,23.42,0.9090909090909092,15,287836,166.4,178022
Prince Edward Island,2024/7/1,"Information, culture and recreation",4,3.5,24.8,0.875,15,291596,167.1,179709
Prince Edward Island,2024/8/1,"Information, culture and recreation",3.7,3.2,22.56,0.8648648648648649,15,299127,166.8,179709
Prince Edward Island,2024/9/1,"Information, culture and recreation",2.7,2.1,23.31,0.7777777777777778,15,301662,165.3,179709
Prince Edward Island,2024/10/1,"Information, culture and recreation",3.4,2.1,24.63,0.6176470588235294,16,293479,165.5,180877
Prince Edward Island,2024/11/1,"Information, culture and recreation",3,1.7,25.17,0.5666666666666667,16,286913,165.9,180877
Prince Edward Island,2024/12/1,"Information, culture and recreation",2.7,1.7,25.55,0.6296296296296295,16,300482,163.6,180877
Prince Edward Island,2025/1/1,"Information, culture and recreation",2,1.1,29.14,0.55,16,304111,164.7,180686
Prince Edward Island,2025/2/1,"Information, culture and recreation",2.2,1.4,23.87,0.6363636363636362,16,305526,167,180686
Prince Edward Island,2025/3/1,"Information, culture and recreation",1.6,1,24.12,0.625,16,308058,167.7,180686
Prince Edward Island,2025/4/1,"Information, culture and recreation",2,1.1,25.57,0.55,16,305649,166.9,181289
Prince Edward Island,2025/5/1,"Information, culture and recreation",2.2,1.9,24.3,0.8636363636363635,16,305510,167.5,181289
Prince Edward Island,2025/6/1,"Information, culture and recreation",3.6,2.6,20.68,0.7222222222222222,16,304000,167.7,181289
Prince Edward Island,2025/7/1,"Information, culture and recreation",4.1,3.6,22.08,0.878048780487805,16,307015,169.1,182657
Prince Edward Island,2025/8/1,"Information, culture and recreation",3.9,3.3,21.37,0.8461538461538461,16,303900,168.6,182657
Prince Edward Island,2025/9/1,"Information, culture and recreation",3.3,2.7,23.36,0.8181818181818182,16,,168.1,182657
Prince Edward Island,2022/1/1,Manufacturing,,,,,13,,,
Prince Edward Island,2022/2/1,Manufacturing,,,,,13,,,
Prince Edward Island,2022/3/1,Manufacturing,,,,,13,,,
Prince Edward Island,2022/4/1,Manufacturing,,,,,13.7,,,
Prince Edward Island,2022/5/1,Manufacturing,,,,,13.7,,,
Prince Edward Island,2022/6/1,Manufacturing,,,,,13.7,,,
Prince Edward Island,2022/7/1,Manufacturing,,,,,13.7,,,
Prince Edward Island,2022/8/1,Manufacturing,,,,,13.7,,,
Prince Edward Island,2022/9/1,Manufacturing,,,,,13.7,,,
Prince Edward Island,2022/10/1,Manufacturing,,,,,13.7,,,
Prince Edward Island,2022/11/1,Manufacturing,,,,,13.7,,,
Prince Edward Island,2022/12/1,Manufacturing,,,,,13.7,,,
Prince Edward Island,2023/1/1,Manufacturing,8.6,7.2,24.4,0.8372093023255814,14.5,292202,160.1,169942
Prince Edward Island,2023/2/1,Manufacturing,8.8,7.8,27.93,0.8863636363636362,14.5,302149,161.4,169942
Prince Edward Island,2023/3/1,Manufacturing,8.1,7.7,28.89,0.9506172839506174,14.5,283358,160.7,169942
Prince Edward Island,2023/4/1,Manufacturing,8.6,7.5,26.3,0.872093023255814,14.5,278026,161.7,171736
Prince Edward Island,2023/5/1,Manufacturing,9.2,8.6,27.8,0.9347826086956522,14.5,291221,161.3,171736
Prince Edward Island,2023/6/1,Manufacturing,8.6,8.4,27.08,0.9767441860465116,14.5,299368,161,171736
Prince Edward Island,2023/7/1,Manufacturing,8.4,7.5,25.72,0.8928571428571428,14.5,294353,163.8,173734
Prince Edward Island,2023/8/1,Manufacturing,9.2,8.5,26.9,0.923913043478261,14.5,293599,164.8,173734
Prince Edward Island,2023/9/1,Manufacturing,8.6,8.1,25.69,0.9418604651162792,14.5,292490,163.7,173734
Prince Edward Island,2023/10/1,Manufacturing,7.7,7.2,28.28,0.935064935064935,15,293447,163.4,176173
Prince Edward Island,2023/11/1,Manufacturing,8.1,7.5,27.2,0.925925925925926,15,302935,162.9,176173
Prince Edward Island,2023/12/1,Manufacturing,8,7.4,27.23,0.925,15,283625,163,176173
Prince Edward Island,2024/1/1,Manufacturing,8,7.1,27.02,0.8875,15,302550,162.6,176757
Prince Edward Island,2024/2/1,Manufacturing,7.9,7.3,28.1,0.9240506329113924,15,297790,163.8,176757
Prince Edward Island,2024/3/1,Manufacturing,7.4,6.9,28.9,0.9324324324324323,15,301893,164.8,176757
Prince Edward Island,2024/4/1,Manufacturing,7.5,7,29.4,0.9333333333333332,15,302875,165.9,178022
Prince Edward Island,2024/5/1,Manufacturing,7.8,7.2,27.68,0.9230769230769232,15,293077,166.4,178022
Prince Edward Island,2024/6/1,Manufacturing,7.9,7.2,26.8,0.9113924050632912,15,287836,166.4,178022
Prince Edward Island,2024/7/1,Manufacturing,8,7.2,28.26,0.9,15,291596,167.1,179709
Prince Edward Island,2024/8/1,Manufacturing,8.6,7.7,26.83,0.8953488372093024,15,299127,166.8,179709
Prince Edward Island,2024/9/1,Manufacturing,8.5,7.8,29.19,0.9176470588235294,15,301662,165.3,179709
Prince Edward Island,2024/10/1,Manufacturing,8.2,7.5,28.56,0.9146341463414634,16,293479,165.5,180877
Prince Edward Island,2024/11/1,Manufacturing,8.8,8,27.98,0.9090909090909092,16,286913,165.9,180877
Prince Edward Island,2024/12/1,Manufacturing,9.3,8.1,30.34,0.8709677419354838,16,300482,163.6,180877
Prince Edward Island,2025/1/1,Manufacturing,9.6,8,29.56,0.8333333333333334,16,304111,164.7,180686
Prince Edward Island,2025/2/1,Manufacturing,9.3,8.3,28.43,0.8924731182795699,16,305526,167,180686
Prince Edward Island,2025/3/1,Manufacturing,9.3,8.4,26.31,0.9032258064516128,16,308058,167.7,180686
Prince Edward Island,2025/4/1,Manufacturing,8.7,8.1,26.87,0.9310344827586208,16,305649,166.9,181289
Prince Edward Island,2025/5/1,Manufacturing,10.4,9.7,25.22,0.9326923076923076,16,305510,167.5,181289
Prince Edward Island,2025/6/1,Manufacturing,9.1,9,25.99,0.989010989010989,16,304000,167.7,181289
Prince Edward Island,2025/7/1,Manufacturing,9.2,8.8,26.74,0.9565217391304348,16,307015,169.1,182657
Prince Edward Island,2025/8/1,Manufacturing,9,8.7,27.47,0.9666666666666666,16,303900,168.6,182657
Prince Edward Island,2025/9/1,Manufacturing,8.6,7.9,28.47,0.9186046511627908,16,,168.1,182657
Prince Edward Island,2022/1/1,Other services (except public administration),,,,,13,,,
Prince Edward Island,2022/2/1,Other services (except public administration),,,,,13,,,
Prince Edward Island,2022/3/1,Other services (except public administration),,,,,13,,,
Prince Edward Island,2022/4/1,Other services (except public administration),,,,,13.7,,,
Prince Edward Island,2022/5/1,Other services (except public administration),,,,,13.7,,,
Prince Edward Island,2022/6/1,Other services (except public administration),,,,,13.7,,,
Prince Edward Island,2022/7/1,Other services (except public administration),,,,,13.7,,,
Prince Edward Island,2022/8/1,Other services (except public administration),,,,,13.7,,,
Prince Edward Island,2022/9/1,Other services (except public administration),,,,,13.7,,,
Prince Edward Island,2022/10/1,Other services (except public administration),,,,,13.7,,,
Prince Edward Island,2022/11/1,Other services (except public administration),,,,,13.7,,,
Prince Edward Island,2022/12/1,Other services (except public administration),,,,,13.7,,,
Prince Edward Island,2023/1/1,Other services (except public administration),3,2.2,26.57,0.7333333333333334,14.5,292202,160.1,169942
Prince Edward Island,2023/2/1,Other services (except public administration),3.5,2.3,22.9,0.6571428571428571,14.5,302149,161.4,169942
Prince Edward Island,2023/3/1,Other services (except public administration),3.4,2.2,22.34,0.6470588235294118,14.5,283358,160.7,169942
Prince Edward Island,2023/4/1,Other services (except public administration),4,2.7,24.85,0.675,14.5,278026,161.7,171736
Prince Edward Island,2023/5/1,Other services (except public administration),4.4,2.4,24.23,0.5454545454545454,14.5,291221,161.3,171736
Prince Edward Island,2023/6/1,Other services (except public administration),3.9,2.4,23,0.6153846153846154,14.5,299368,161,171736
Prince Edward Island,2023/7/1,Other services (except public administration),4.3,2.7,25.62,0.6279069767441862,14.5,294353,163.8,173734
Prince Edward Island,2023/8/1,Other services (except public administration),3.9,2.4,25.35,0.6153846153846154,14.5,293599,164.8,173734
Prince Edward Island,2023/9/1,Other services (except public administration),4.1,3,24.28,0.7317073170731708,14.5,292490,163.7,173734
Prince Edward Island,2023/10/1,Other services (except public administration),4.3,3.5,26.89,0.813953488372093,15,293447,163.4,176173
Prince Edward Island,2023/11/1,Other services (except public administration),4.3,3.6,25.8,0.8372093023255814,15,302935,162.9,176173
Prince Edward Island,2023/12/1,Other services (except public administration),4.2,3.2,24.48,0.7619047619047619,15,283625,163,176173
Prince Edward Island,2024/1/1,Other services (except public administration),3.7,2.6,27.41,0.7027027027027027,15,302550,162.6,176757
Prince Edward Island,2024/2/1,Other services (except public administration),3.6,2.5,28.17,0.6944444444444444,15,297790,163.8,176757
Prince Edward Island,2024/3/1,Other services (except public administration),3.6,2.4,26.61,0.6666666666666666,15,301893,164.8,176757
Prince Edward Island,2024/4/1,Other services (except public administration),3.3,2.2,25.12,0.6666666666666667,15,302875,165.9,178022
Prince Edward Island,2024/5/1,Other services (except public administration),3.7,3,27,0.8108108108108107,15,293077,166.4,178022
Prince Edward Island,2024/6/1,Other services (except public administration),4.3,3.4,24.29,0.7906976744186046,15,287836,166.4,178022
Prince Edward Island,2024/7/1,Other services (except public administration),4.1,3.3,25.59,0.8048780487804879,15,291596,167.1,179709
Prince Edward Island,2024/8/1,Other services (except public administration),4.4,3.3,26.2,0.7499999999999999,15,299127,166.8,179709
Prince Edward Island,2024/9/1,Other services (except public administration),4.2,3.1,28.24,0.7380952380952381,15,301662,165.3,179709
Prince Edward Island,2024/10/1,Other services (except public administration),3.8,2.9,28.73,0.7631578947368421,16,293479,165.5,180877
Prince Edward Island,2024/11/1,Other services (except public administration),3.6,2.6,27.62,0.7222222222222222,16,286913,165.9,180877
Prince Edward Island,2024/12/1,Other services (except public administration),3.9,2.6,26.58,0.6666666666666667,16,300482,163.6,180877
Prince Edward Island,2025/1/1,Other services (except public administration),3.4,2.4,26.56,0.7058823529411765,16,304111,164.7,180686
Prince Edward Island,2025/2/1,Other services (except public administration),3.7,2.7,26.19,0.7297297297297297,16,305526,167,180686
Prince Edward Island,2025/3/1,Other services (except public administration),3.8,3,22.17,0.7894736842105263,16,308058,167.7,180686
Prince Edward Island,2025/4/1,Other services (except public administration),3.4,2.6,22.87,0.7647058823529412,16,305649,166.9,181289
Prince Edward Island,2025/5/1,Other services (except public administration),2.8,2.2,25.64,0.7857142857142858,16,305510,167.5,181289
Prince Edward Island,2025/6/1,Other services (except public administration),3,2.2,23.34,0.7333333333333334,16,304000,167.7,181289
Prince Edward Island,2025/7/1,Other services (except public administration),3,2.1,24.88,0.7000000000000001,16,307015,169.1,182657
Prince Edward Island,2025/8/1,Other services (except public administration),3.1,2,25.8,0.6451612903225806,16,303900,168.6,182657
Prince Edward Island,2025/9/1,Other services (except public administration),3.1,1.9,24.75,0.6129032258064515,16,,168.1,182657
Prince Edward Island,2022/1/1,"Professional, scientific and technical services",,,,,13,,,
Prince Edward Island,2022/2/1,"Professional, scientific and technical services",,,,,13,,,
Prince Edward Island,2022/3/1,"Professional, scientific and technical services",,,,,13,,,
Prince Edward Island,2022/4/1,"Professional, scientific and technical services",,,,,13.7,,,
Prince Edward Island,2022/5/1,"Professional, scientific and technical services",,,,,13.7,,,
Prince Edward Island,2022/6/1,"Professional, scientific and technical services",,,,,13.7,,,
Prince Edward Island,2022/7/1,"Professional, scientific and technical services",,,,,13.7,,,
Prince Edward Island,2022/8/1,"Professional, scientific and technical services",,,,,13.7,,,
Prince Edward Island,2022/9/1,"Professional, scientific and technical services",,,,,13.7,,,
Prince Edward Island,2022/10/1,"Professional, scientific and technical services",,,,,13.7,,,
Prince Edward Island,2022/11/1,"Professional, scientific and technical services",,,,,13.7,,,
Prince Edward Island,2022/12/1,"Professional, scientific and technical services",,,,,13.7,,,
Prince Edward Island,2023/1/1,"Professional, scientific and technical services",4.9,3.5,30.05,0.7142857142857142,14.5,292202,160.1,169942
Prince Edward Island,2023/2/1,"Professional, scientific and technical services",4.4,3,27.68,0.6818181818181818,14.5,302149,161.4,169942
Prince Edward Island,2023/3/1,"Professional, scientific and technical services",4.3,3.2,30.93,0.744186046511628,14.5,283358,160.7,169942
Prince Edward Island,2023/4/1,"Professional, scientific and technical services",4.3,3.4,32.95,0.7906976744186046,14.5,278026,161.7,171736
Prince Edward Island,2023/5/1,"Professional, scientific and technical services",5.3,3.8,34.12,0.7169811320754716,14.5,291221,161.3,171736
Prince Edward Island,2023/6/1,"Professional, scientific and technical services",4.8,3.6,32.63,0.75,14.5,299368,161,171736
Prince Edward Island,2023/7/1,"Professional, scientific and technical services",5,4,30.52,0.8,14.5,294353,163.8,173734
Prince Edward Island,2023/8/1,"Professional, scientific and technical services",5.1,4.1,31.5,0.803921568627451,14.5,293599,164.8,173734
Prince Edward Island,2023/9/1,"Professional, scientific and technical services",4.7,3.9,32.11,0.8297872340425532,14.5,292490,163.7,173734
Prince Edward Island,2023/10/1,"Professional, scientific and technical services",4.7,3.8,34.01,0.8085106382978723,15,293447,163.4,176173
Prince Edward Island,2023/11/1,"Professional, scientific and technical services",4.6,3.4,36.73,0.7391304347826088,15,302935,162.9,176173
Prince Edward Island,2023/12/1,"Professional, scientific and technical services",4.8,3.8,33.55,0.7916666666666666,15,283625,163,176173
Prince Edward Island,2024/1/1,"Professional, scientific and technical services",4.8,3.4,37.29,0.7083333333333334,15,302550,162.6,176757
Prince Edward Island,2024/2/1,"Professional, scientific and technical services",5,3.7,32.35,0.74,15,297790,163.8,176757
Prince Edward Island,2024/3/1,"Professional, scientific and technical services",4.9,3.8,34.51,0.7755102040816325,15,301893,164.8,176757
Prince Edward Island,2024/4/1,"Professional, scientific and technical services",4.9,3.8,31.09,0.7755102040816325,15,302875,165.9,178022
Prince Edward Island,2024/5/1,"Professional, scientific and technical services",5,3.9,32.01,0.78,15,293077,166.4,178022
Prince Edward Island,2024/6/1,"Professional, scientific and technical services",5.1,4,33.76,0.7843137254901962,15,287836,166.4,178022
Prince Edward Island,2024/7/1,"Professional, scientific and technical services",5.2,4.1,36.28,0.7884615384615383,15,291596,167.1,179709
Prince Edward Island,2024/8/1,"Professional, scientific and technical services",5,3.9,37.92,0.78,15,299127,166.8,179709
Prince Edward Island,2024/9/1,"Professional, scientific and technical services",5,3.7,37.43,0.74,15,301662,165.3,179709
Prince Edward Island,2024/10/1,"Professional, scientific and technical services",5,3.3,35.66,0.6599999999999999,16,293479,165.5,180877
Prince Edward Island,2024/11/1,"Professional, scientific and technical services",5,3.1,36.33,0.62,16,286913,165.9,180877
Prince Edward Island,2024/12/1,"Professional, scientific and technical services",5.3,3.3,35.21,0.6226415094339622,16,300482,163.6,180877
Prince Edward Island,2025/1/1,"Professional, scientific and technical services",5,3.5,35.16,0.7,16,304111,164.7,180686
Prince Edward Island,2025/2/1,"Professional, scientific and technical services",4.8,3.4,36.11,0.7083333333333334,16,305526,167,180686
Prince Edward Island,2025/3/1,"Professional, scientific and technical services",5,3.4,37.12,0.6799999999999999,16,308058,167.7,180686
Prince Edward Island,2025/4/1,"Professional, scientific and technical services",5.3,3.9,37.17,0.7358490566037736,16,305649,166.9,181289
Prince Edward Island,2025/5/1,"Professional, scientific and technical services",5.7,3.9,38.37,0.6842105263157895,16,305510,167.5,181289
Prince Edward Island,2025/6/1,"Professional, scientific and technical services",5.7,3.8,36.35,0.6666666666666666,16,304000,167.7,181289
Prince Edward Island,2025/7/1,"Professional, scientific and technical services",6.3,4.1,37.53,0.6507936507936507,16,307015,169.1,182657
Prince Edward Island,2025/8/1,"Professional, scientific and technical services",5.7,4.6,41.46,0.8070175438596491,16,303900,168.6,182657
Prince Edward Island,2025/9/1,"Professional, scientific and technical services",5.7,4.3,38.74,0.7543859649122806,16,,168.1,182657
Prince Edward Island,2022/1/1,Public administration,,,,,13,,,
Prince Edward Island,2022/2/1,Public administration,,,,,13,,,
Prince Edward Island,2022/3/1,Public administration,,,,,13,,,
Prince Edward Island,2022/4/1,Public administration,,,,,13.7,,,
Prince Edward Island,2022/5/1,Public administration,,,,,13.7,,,
Prince Edward Island,2022/6/1,Public administration,,,,,13.7,,,
Prince Edward Island,2022/7/1,Public administration,,,,,13.7,,,
Prince Edward Island,2022/8/1,Public administration,,,,,13.7,,,
Prince Edward Island,2022/9/1,Public administration,,,,,13.7,,,
Prince Edward Island,2022/10/1,Public administration,,,,,13.7,,,
Prince Edward Island,2022/11/1,Public administration,,,,,13.7,,,
Prince Edward Island,2022/12/1,Public administration,,,,,13.7,,,
Prince Edward Island,2023/1/1,Public administration,10.9,10.4,37.47,0.9541284403669724,14.5,292202,160.1,169942
Prince Edward Island,2023/2/1,Public administration,10.1,9.9,37.28,0.9801980198019804,14.5,302149,161.4,169942
Prince Edward Island,2023/3/1,Public administration,10.5,10.1,37.42,0.9619047619047618,14.5,283358,160.7,169942
Prince Edward Island,2023/4/1,Public administration,11.3,10.8,38.37,0.9557522123893806,14.5,278026,161.7,171736
Prince Edward Island,2023/5/1,Public administration,11.4,11.1,36.6,0.9736842105263156,14.5,291221,161.3,171736
Prince Edward Island,2023/6/1,Public administration,11.4,11.1,36.79,0.9736842105263156,14.5,299368,161,171736
Prince Edward Island,2023/7/1,Public administration,11.5,11.1,37.87,0.9652173913043478,14.5,294353,163.8,173734
Prince Edward Island,2023/8/1,Public administration,11,10.7,37.63,0.9727272727272728,14.5,293599,164.8,173734
Prince Edward Island,2023/9/1,Public administration,10.7,10.7,36.03,1,14.5,292490,163.7,173734
Prince Edward Island,2023/10/1,Public administration,10.5,10.4,38.81,0.9904761904761904,15,293447,163.4,176173
Prince Edward Island,2023/11/1,Public administration,10.2,10.1,39.47,0.9901960784313726,15,302935,162.9,176173
Prince Edward Island,2023/12/1,Public administration,10.2,9.9,38.87,0.9705882352941178,15,283625,163,176173
Prince Edward Island,2024/1/1,Public administration,10.3,10.1,38.78,0.9805825242718446,15,302550,162.6,176757
Prince Edward Island,2024/2/1,Public administration,10,9.8,39.86,0.98,15,297790,163.8,176757
Prince Edward Island,2024/3/1,Public administration,10.2,10,39.47,0.9803921568627452,15,301893,164.8,176757
Prince Edward Island,2024/4/1,Public administration,10.6,10.3,38.58,0.9716981132075472,15,302875,165.9,178022
Prince Edward Island,2024/5/1,Public administration,10.3,10.1,38.63,0.9805825242718446,15,293077,166.4,178022
Prince Edward Island,2024/6/1,Public administration,10.6,10.4,39.5,0.9811320754716982,15,287836,166.4,178022
Prince Edward Island,2024/7/1,Public administration,11,10.9,40.97,0.990909090909091,15,291596,167.1,179709
Prince Edward Island,2024/8/1,Public administration,11.7,11.2,39.29,0.9572649572649572,15,299127,166.8,179709
Prince Edward Island,2024/9/1,Public administration,11.3,11,40.58,0.9734513274336284,15,301662,165.3,179709
Prince Edward Island,2024/10/1,Public administration,10.8,10.3,40.46,0.9537037037037036,16,293479,165.5,180877
Prince Edward Island,2024/11/1,Public administration,10.7,10.5,39.87,0.9813084112149534,16,286913,165.9,180877
Prince Edward Island,2024/12/1,Public administration,11.2,10.8,42.86,0.9642857142857144,16,300482,163.6,180877
Prince Edward Island,2025/1/1,Public administration,11,10.7,41.21,0.9727272727272728,16,304111,164.7,180686
Prince Edward Island,2025/2/1,Public administration,11.1,10.8,41.09,0.972972972972973,16,305526,167,180686
Prince Edward Island,2025/3/1,Public administration,11.4,11,39.4,0.9649122807017544,16,308058,167.7,180686
Prince Edward Island,2025/4/1,Public administration,11.1,10.7,39.7,0.963963963963964,16,305649,166.9,181289
Prince Edward Island,2025/5/1,Public administration,11.4,10.8,40.07,0.9473684210526316,16,305510,167.5,181289
Prince Edward Island,2025/6/1,Public administration,10.9,10.3,40.34,0.944954128440367,16,304000,167.7,181289
Prince Edward Island,2025/7/1,Public administration,10.7,10.5,39.62,0.9813084112149534,16,307015,169.1,182657
Prince Edward Island,2025/8/1,Public administration,11.4,11,41.19,0.9649122807017544,16,303900,168.6,182657
Prince Edward Island,2025/9/1,Public administration,10.6,10.3,40.51,0.9716981132075472,16,,168.1,182657
Prince Edward Island,2022/1/1,Services-producing sector,,,,,13,,,
Prince Edward Island,2022/2/1,Services-producing sector,,,,,13,,,
Prince Edward Island,2022/3/1,Services-producing sector,,,,,13,,,
Prince Edward Island,2022/4/1,Services-producing sector,,,,,13.7,,,
Prince Edward Island,2022/5/1,Services-producing sector,,,,,13.7,,,
Prince Edward Island,2022/6/1,Services-producing sector,,,,,13.7,,,
Prince Edward Island,2022/7/1,Services-producing sector,,,,,13.7,,,
Prince Edward Island,2022/8/1,Services-producing sector,,,,,13.7,,,
Prince Edward Island,2022/9/1,Services-producing sector,,,,,13.7,,,
Prince Edward Island,2022/10/1,Services-producing sector,,,,,13.7,,,
Prince Edward Island,2022/11/1,Services-producing sector,,,,,13.7,,,
Prince Edward Island,2022/12/1,Services-producing sector,,,,,13.7,,,
Prince Edward Island,2023/1/1,Services-producing sector,64.4,56,29.07,0.8695652173913043,14.5,292202,160.1,169942
Prince Edward Island,2023/2/1,Services-producing sector,65.3,56.3,28.34,0.8621745788667687,14.5,302149,161.4,169942
Prince Edward Island,2023/3/1,Services-producing sector,67.7,58,28.3,0.8567208271787297,14.5,283358,160.7,169942
Prince Edward Island,2023/4/1,Services-producing sector,68.5,58.7,28.16,0.8569343065693431,14.5,278026,161.7,171736
Prince Edward Island,2023/5/1,Services-producing sector,72.3,61.1,28.06,0.8450899031811896,14.5,291221,161.3,171736
Prince Edward Island,2023/6/1,Services-producing sector,72.2,61.3,28.16,0.8490304709141273,14.5,299368,161,171736
Prince Edward Island,2023/7/1,Services-producing sector,73.1,63.3,27.84,0.86593707250342,14.5,294353,163.8,173734
Prince Edward Island,2023/8/1,Services-producing sector,74.9,64.1,27.5,0.8558077436582108,14.5,293599,164.8,173734
Prince Edward Island,2023/9/1,Services-producing sector,72.7,64.4,27.88,0.8858321870701513,14.5,292490,163.7,173734
Prince Edward Island,2023/10/1,Services-producing sector,71.7,63.4,28.92,0.8842398884239888,15,293447,163.4,176173
Prince Edward Island,2023/11/1,Services-producing sector,70.7,62,30.1,0.8769448373408769,15,302935,162.9,176173
Prince Edward Island,2023/12/1,Services-producing sector,70.9,61.5,29.67,0.8674188998589563,15,283625,163,176173
Prince Edward Island,2024/1/1,Services-producing sector,70.7,60.5,29.41,0.8557284299858557,15,302550,162.6,176757
Prince Edward Island,2024/2/1,Services-producing sector,70.8,61.6,29.47,0.8700564971751413,15,297790,163.8,176757
Prince Edward Island,2024/3/1,Services-producing sector,71.4,61.3,29.63,0.8585434173669466,15,301893,164.8,176757
Prince Edward Island,2024/4/1,Services-producing sector,71.9,61.1,29.76,0.8497913769123783,15,302875,165.9,178022
Prince Edward Island,2024/5/1,Services-producing sector,73.8,63.9,29.57,0.8658536585365854,15,293077,166.4,178022
Prince Edward Island,2024/6/1,Services-producing sector,74.5,65.7,29.94,0.8818791946308725,15,287836,166.4,178022
Prince Edward Island,2024/7/1,Services-producing sector,75.4,67.4,30.13,0.8938992042440318,15,291596,167.1,179709
Prince Edward Island,2024/8/1,Services-producing sector,75.9,66.2,30.11,0.8722002635046113,15,299127,166.8,179709
Prince Edward Island,2024/9/1,Services-producing sector,72.1,64,31.02,0.8876560332871013,15,301662,165.3,179709
Prince Edward Island,2024/10/1,Services-producing sector,72,61.8,31.28,0.8583333333333333,16,293479,165.5,180877
Prince Edward Island,2024/11/1,Services-producing sector,72.3,61.5,30.94,0.8506224066390042,16,286913,165.9,180877
Prince Edward Island,2024/12/1,Services-producing sector,72.6,61.5,30.96,0.847107438016529,16,300482,163.6,180877
Prince Edward Island,2025/1/1,Services-producing sector,69.9,60.2,30.46,0.8612303290414878,16,304111,164.7,180686
Prince Edward Island,2025/2/1,Services-producing sector,71.9,60.8,30.24,0.8456189151599443,16,305526,167,180686
Prince Edward Island,2025/3/1,Services-producing sector,71.6,61.1,30.15,0.8533519553072627,16,308058,167.7,180686
Prince Edward Island,2025/4/1,Services-producing sector,71.8,61,30.66,0.8495821727019499,16,305649,166.9,181289
Prince Edward Island,2025/5/1,Services-producing sector,72.3,62.8,30.53,0.8686030428769018,16,305510,167.5,181289
Prince Edward Island,2025/6/1,Services-producing sector,74.6,65.1,29.57,0.8726541554959786,16,304000,167.7,181289
Prince Edward Island,2025/7/1,Services-producing sector,75.4,65.6,30.08,0.8700265251989389,16,307015,169.1,182657
Prince Edward Island,2025/8/1,Services-producing sector,76.5,67.4,31.29,0.881045751633987,16,303900,168.6,182657
Prince Edward Island,2025/9/1,Services-producing sector,75.4,66.1,31.67,0.8766578249336868,16,,168.1,182657
Prince Edward Island,2022/1/1,"Total, all industries",,,,,13,,,
Prince Edward Island,2022/2/1,"Total, all industries",,,,,13,,,
Prince Edward Island,2022/3/1,"Total, all industries",,,,,13,,,
Prince Edward Island,2022/4/1,"Total, all industries",,,,,13.7,,,
Prince Edward Island,2022/5/1,"Total, all industries",,,,,13.7,,,
Prince Edward Island,2022/6/1,"Total, all industries",,,,,13.7,,,
Prince Edward Island,2022/7/1,"Total, all industries",,,,,13.7,,,
Prince Edward Island,2022/8/1,"Total, all industries",,,,,13.7,,,
Prince Edward Island,2022/9/1,"Total, all industries",,,,,13.7,,,
Prince Edward Island,2022/10/1,"Total, all industries",,,,,13.7,,,
Prince Edward Island,2022/11/1,"Total, all industries",,,,,13.7,,,
Prince Edward Island,2022/12/1,"Total, all industries",,,,,13.7,,,
Prince Edward Island,2023/1/1,"Total, all industries",87.6,69.3,28.27,0.791095890410959,14.5,292202,160.1,169942
Prince Edward Island,2023/2/1,"Total, all industries",89.1,70.9,28.13,0.7957351290684626,14.5,302149,161.4,169942
Prince Edward Island,2023/3/1,"Total, all industries",90.6,72.4,28.07,0.7991169977924946,14.5,283358,160.7,169942
Prince Edward Island,2023/4/1,"Total, all industries",93.5,74.4,27.56,0.7957219251336899,14.5,278026,161.7,171736
Prince Edward Island,2023/5/1,"Total, all industries",98.8,80.8,27.5,0.8178137651821862,14.5,291221,161.3,171736
Prince Edward Island,2023/6/1,"Total, all industries",99,81.7,27.43,0.8252525252525252,14.5,299368,161,171736
Prince Edward Island,2023/7/1,"Total, all industries",100.6,82.3,27.32,0.8180914512922466,14.5,294353,163.8,173734
Prince Edward Island,2023/8/1,"Total, all industries",102.8,84.9,27.09,0.825875486381323,14.5,293599,164.8,173734
Prince Edward Island,2023/9/1,"Total, all industries",99.7,84.1,27.32,0.8435305917753259,14.5,292490,163.7,173734
Prince Edward Island,2023/10/1,"Total, all industries",98.4,83.5,28.38,0.8485772357723577,15,293447,163.4,176173
Prince Edward Island,2023/11/1,"Total, all industries",97.5,79.9,29.37,0.8194871794871795,15,302935,162.9,176173
Prince Edward Island,2023/12/1,"Total, all industries",97.3,78.5,29.06,0.8067831449126414,15,283625,163,176173
Prince Edward Island,2024/1/1,"Total, all industries",95.8,75.9,28.83,0.792275574112735,15,302550,162.6,176757
Prince Edward Island,2024/2/1,"Total, all industries",95.7,76.9,29.12,0.8035527690700105,15,297790,163.8,176757
Prince Edward Island,2024/3/1,"Total, all industries",96.5,76.4,29.52,0.7917098445595856,15,301893,164.8,176757
Prince Edward Island,2024/4/1,"Total, all industries",97.9,77.8,29.49,0.7946884576098059,15,302875,165.9,178022
Prince Edward Island,2024/5/1,"Total, all industries",101.2,83.8,29.02,0.8280632411067194,15,293077,166.4,178022
Prince Edward Island,2024/6/1,"Total, all industries",103.8,86.9,29.11,0.8371868978805396,15,287836,166.4,178022
Prince Edward Island,2024/7/1,"Total, all industries",104.6,86.2,29.42,0.824091778202677,15,291596,167.1,179709
Prince Edward Island,2024/8/1,"Total, all industries",105.2,87.1,29.09,0.8279467680608364,15,299127,166.8,179709
Prince Edward Island,2024/9/1,"Total, all industries",100.8,85.2,30.11,0.8452380952380953,15,301662,165.3,179709
Prince Edward Island,2024/10/1,"Total, all industries",101.1,81.4,30.3,0.805143422354105,16,293479,165.5,180877
Prince Edward Island,2024/11/1,"Total, all industries",101.6,81.5,30.11,0.8021653543307087,16,286913,165.9,180877
Prince Edward Island,2024/12/1,"Total, all industries",100.9,80.1,30.56,0.7938553022794845,16,300482,163.6,180877
Prince Edward Island,2025/1/1,"Total, all industries",98.1,78.2,30.11,0.7971457696228339,16,304111,164.7,180686
Prince Edward Island,2025/2/1,"Total, all industries",98.9,78.4,29.94,0.7927199191102123,16,305526,167,180686
Prince Edward Island,2025/3/1,"Total, all industries",99,78.5,29.55,0.7929292929292929,16,308058,167.7,180686
Prince Edward Island,2025/4/1,"Total, all industries",99.2,80.1,29.69,0.8074596774193548,16,305649,166.9,181289
Prince Edward Island,2025/5/1,"Total, all industries",102.1,84.1,29.34,0.8237022526934378,16,305510,167.5,181289
Prince Edward Island,2025/6/1,"Total, all industries",104.3,87.8,28.79,0.8418024928092042,16,304000,167.7,181289
Prince Edward Island,2025/7/1,"Total, all industries",105.9,87.3,29.02,0.8243626062322945,16,307015,169.1,182657
Prince Edward Island,2025/8/1,"Total, all industries",106.4,89.6,30.22,0.8421052631578947,16,303900,168.6,182657
Prince Edward Island,2025/9/1,"Total, all industries",103.4,85.1,30.84,0.823017408123791,16,,168.1,182657
Prince Edward Island,2022/1/1,Transportation and warehousing,,,,,13,,,
Prince Edward Island,2022/2/1,Transportation and warehousing,,,,,13,,,
Prince Edward Island,2022/3/1,Transportation and warehousing,,,,,13,,,
Prince Edward Island,2022/4/1,Transportation and warehousing,,,,,13.7,,,
Prince Edward Island,2022/5/1,Transportation and warehousing,,,,,13.7,,,
Prince Edward Island,2022/6/1,Transportation and warehousing,,,,,13.7,,,
Prince Edward Island,2022/7/1,Transportation and warehousing,,,,,13.7,,,
Prince Edward Island,2022/8/1,Transportation and warehousing,,,,,13.7,,,
Prince Edward Island,2022/9/1,Transportation and warehousing,,,,,13.7,,,
Prince Edward Island,2022/10/1,Transportation and warehousing,,,,,13.7,,,
Prince Edward Island,2022/11/1,Transportation and warehousing,,,,,13.7,,,
Prince Edward Island,2022/12/1,Transportation and warehousing,,,,,13.7,,,
Prince Edward Island,2023/1/1,Transportation and warehousing,2.1,1.7,23.56,0.8095238095238094,14.5,292202,160.1,169942
Prince Edward Island,2023/2/1,Transportation and warehousing,2.1,1.6,25.21,0.7619047619047619,14.5,302149,161.4,169942
Prince Edward Island,2023/3/1,Transportation and warehousing,2.2,1.8,24.33,0.8181818181818181,14.5,283358,160.7,169942
Prince Edward Island,2023/4/1,Transportation and warehousing,2.1,1.5,22.82,0.7142857142857143,14.5,278026,161.7,171736
Prince Edward Island,2023/5/1,Transportation and warehousing,2.2,2,23.23,0.9090909090909092,14.5,291221,161.3,171736
Prince Edward Island,2023/6/1,Transportation and warehousing,2.3,1.9,24.29,0.8260869565217391,14.5,299368,161,171736
Prince Edward Island,2023/7/1,Transportation and warehousing,2.6,2.3,25.75,0.8846153846153845,14.5,294353,163.8,173734
Prince Edward Island,2023/8/1,Transportation and warehousing,2.5,2.2,24.54,0.8800000000000001,14.5,293599,164.8,173734
Prince Edward Island,2023/9/1,Transportation and warehousing,3.7,3.3,24.77,0.8918918918918918,14.5,292490,163.7,173734
Prince Edward Island,2023/10/1,Transportation and warehousing,3.5,3.2,25.7,0.9142857142857144,15,293447,163.4,176173
Prince Edward Island,2023/11/1,Transportation and warehousing,3.4,2.7,27.78,0.7941176470588236,15,302935,162.9,176173
Prince Edward Island,2023/12/1,Transportation and warehousing,3.8,3.1,27.49,0.8157894736842106,15,283625,163,176173
Prince Edward Island,2024/1/1,Transportation and warehousing,3.6,2.9,26.53,0.8055555555555555,15,302550,162.6,176757
Prince Edward Island,2024/2/1,Transportation and warehousing,3.6,3,25.54,0.8333333333333333,15,297790,163.8,176757
Prince Edward Island,2024/3/1,Transportation and warehousing,3.9,3.2,26.18,0.8205128205128206,15,301893,164.8,176757
Prince Edward Island,2024/4/1,Transportation and warehousing,3.8,2.7,26.01,0.7105263157894738,15,302875,165.9,178022
Prince Edward Island,2024/5/1,Transportation and warehousing,3.3,2.8,25.17,0.8484848484848485,15,293077,166.4,178022
Prince Edward Island,2024/6/1,Transportation and warehousing,3.5,3.2,27.28,0.9142857142857144,15,287836,166.4,178022
Prince Edward Island,2024/7/1,Transportation and warehousing,3.1,2.9,28.19,0.935483870967742,15,291596,167.1,179709
Prince Edward Island,2024/8/1,Transportation and warehousing,3.5,2.8,26.93,0.7999999999999999,15,299127,166.8,179709
Prince Edward Island,2024/9/1,Transportation and warehousing,3.8,3.6,27.67,0.9473684210526316,15,301662,165.3,179709
Prince Edward Island,2024/10/1,Transportation and warehousing,3.8,3.6,26.46,0.9473684210526316,16,293479,165.5,180877
Prince Edward Island,2024/11/1,Transportation and warehousing,3.3,3,26.08,0.9090909090909092,16,286913,165.9,180877
Prince Edward Island,2024/12/1,Transportation and warehousing,2.7,2.5,28.83,0.9259259259259258,16,300482,163.6,180877
Prince Edward Island,2025/1/1,Transportation and warehousing,2.6,1.9,30.76,0.7307692307692307,16,304111,164.7,180686
Prince Edward Island,2025/2/1,Transportation and warehousing,2.5,1.6,27.87,0.64,16,305526,167,180686
Prince Edward Island,2025/3/1,Transportation and warehousing,2.4,1.4,29.05,0.5833333333333334,16,308058,167.7,180686
Prince Edward Island,2025/4/1,Transportation and warehousing,2.4,1.5,29.65,0.625,16,305649,166.9,181289
Prince Edward Island,2025/5/1,Transportation and warehousing,2.7,2.1,25.78,0.7777777777777778,16,305510,167.5,181289
Prince Edward Island,2025/6/1,Transportation and warehousing,2.6,2.1,23.49,0.8076923076923077,16,304000,167.7,181289
Prince Edward Island,2025/7/1,Transportation and warehousing,2.7,2.2,26.63,0.8148148148148149,16,307015,169.1,182657
Prince Edward Island,2025/8/1,Transportation and warehousing,2.9,2.7,27.96,0.9310344827586208,16,303900,168.6,182657
Prince Edward Island,2025/9/1,Transportation and warehousing,2.8,2.3,28.14,0.8214285714285714,16,,168.1,182657
Prince Edward Island,2022/1/1,Utilities,,,,,13,,,
Prince Edward Island,2022/2/1,Utilities,,,,,13,,,
Prince Edward Island,2022/3/1,Utilities,,,,,13,,,
Prince Edward Island,2022/4/1,Utilities,,,,,13.7,,,
Prince Edward Island,2022/5/1,Utilities,,,,,13.7,,,
Prince Edward Island,2022/6/1,Utilities,,,,,13.7,,,
Prince Edward Island,2022/7/1,Utilities,,,,,13.7,,,
Prince Edward Island,2022/8/1,Utilities,,,,,13.7,,,
Prince Edward Island,2022/9/1,Utilities,,,,,13.7,,,
Prince Edward Island,2022/10/1,Utilities,,,,,13.7,,,
Prince Edward Island,2022/11/1,Utilities,,,,,13.7,,,
Prince Edward Island,2022/12/1,Utilities,,,,,13.7,,,
Prince Edward Island,2023/1/1,Utilities,0.2,0.2,44.22,1,14.5,292202,160.1,169942
Prince Edward Island,2023/2/1,Utilities,0.3,0.2,44.43,0.6666666666666667,14.5,302149,161.4,169942
Prince Edward Island,2023/3/1,Utilities,0.3,0.2,41.81,0.6666666666666667,14.5,283358,160.7,169942
Prince Edward Island,2023/4/1,Utilities,0.2,0.2,44.4,1,14.5,278026,161.7,171736
Prince Edward Island,2023/5/1,Utilities,0.2,0.2,45.08,1,14.5,291221,161.3,171736
Prince Edward Island,2023/6/1,Utilities,0.4,0.4,42.14,1,14.5,299368,161,171736
Prince Edward Island,2023/7/1,Utilities,0.5,0.5,38.61,1,14.5,294353,163.8,173734
Prince Edward Island,2023/8/1,Utilities,0.4,0.4,34.89,1,14.5,293599,164.8,173734
Prince Edward Island,2023/9/1,Utilities,0.3,0.3,37.17,1,14.5,292490,163.7,173734
Prince Edward Island,2023/10/1,Utilities,0.3,0.3,54.84,1,15,293447,163.4,176173
Prince Edward Island,2023/11/1,Utilities,0.4,0.4,50.61,1,15,302935,162.9,176173
Prince Edward Island,2023/12/1,Utilities,0.4,0.4,54.6,1,15,283625,163,176173
Prince Edward Island,2024/1/1,Utilities,0.3,0.3,56.05,1,15,302550,162.6,176757
Prince Edward Island,2024/2/1,Utilities,0.4,0.4,60.75,1,15,297790,163.8,176757
Prince Edward Island,2024/3/1,Utilities,0.4,0.4,62.78,1,15,301893,164.8,176757
Prince Edward Island,2024/4/1,Utilities,0.4,0.4,55.3,1,15,302875,165.9,178022
Prince Edward Island,2024/5/1,Utilities,0.4,0.4,56.51,1,15,293077,166.4,178022
Prince Edward Island,2024/6/1,Utilities,0.4,0.4,41.26,1,15,287836,166.4,178022
Prince Edward Island,2024/7/1,Utilities,0.4,0.4,38.65,1,15,291596,167.1,179709
Prince Edward Island,2024/8/1,Utilities,0.4,0.4,35.42,1,15,299127,166.8,179709
Prince Edward Island,2024/9/1,Utilities,0.3,0.3,32.14,1,15,301662,165.3,179709
Prince Edward Island,2024/10/1,Utilities,0.2,0.2,32.01,1,16,293479,165.5,180877
Prince Edward Island,2024/11/1,Utilities,0.4,0.3,32.21,0.7499999999999999,16,286913,165.9,180877
Prince Edward Island,2024/12/1,Utilities,0.3,0.3,36.21,1,16,300482,163.6,180877
Prince Edward Island,2025/1/1,Utilities,0.3,0.3,36.99,1,16,304111,164.7,180686
Prince Edward Island,2025/2/1,Utilities,0.3,0.3,43.46,1,16,305526,167,180686
Prince Edward Island,2025/3/1,Utilities,0.3,0.2,40.15,0.6666666666666667,16,308058,167.7,180686
Prince Edward Island,2025/4/1,Utilities,0.3,0.2,45.48,0.6666666666666667,16,305649,166.9,181289
Prince Edward Island,2025/5/1,Utilities,,,x,,16,305510,167.5,181289
Prince Edward Island,2025/6/1,Utilities,,,x,,16,304000,167.7,181289
Prince Edward Island,2025/7/1,Utilities,0.2,0.2,39.55,1,16,307015,169.1,182657
Prince Edward Island,2025/8/1,Utilities,,,x,,16,303900,168.6,182657
Prince Edward Island,2025/9/1,Utilities,,,x,,16,,168.1,182657
Prince Edward Island,2022/1/1,Wholesale and retail trade,,,,,13,,,
Prince Edward Island,2022/2/1,Wholesale and retail trade,,,,,13,,,
Prince Edward Island,2022/3/1,Wholesale and retail trade,,,,,13,,,
Prince Edward Island,2022/4/1,Wholesale and retail trade,,,,,13.7,,,
Prince Edward Island,2022/5/1,Wholesale and retail trade,,,,,13.7,,,
Prince Edward Island,2022/6/1,Wholesale and retail trade,,,,,13.7,,,
Prince Edward Island,2022/7/1,Wholesale and retail trade,,,,,13.7,,,
Prince Edward Island,2022/8/1,Wholesale and retail trade,,,,,13.7,,,
Prince Edward Island,2022/9/1,Wholesale and retail trade,,,,,13.7,,,
Prince Edward Island,2022/10/1,Wholesale and retail trade,,,,,13.7,,,
Prince Edward Island,2022/11/1,Wholesale and retail trade,,,,,13.7,,,
Prince Edward Island,2022/12/1,Wholesale and retail trade,,,,,13.7,,,
Prince Edward Island,2023/1/1,Wholesale and retail trade,11.9,10.1,20.72,0.8487394957983193,14.5,292202,160.1,169942
Prince Edward Island,2023/2/1,Wholesale and retail trade,11.1,9.5,20.63,0.8558558558558559,14.5,302149,161.4,169942
Prince Edward Island,2023/3/1,Wholesale and retail trade,11.5,9.3,20.39,0.8086956521739131,14.5,283358,160.7,169942
Prince Edward Island,2023/4/1,Wholesale and retail trade,11,9.3,19.97,0.8454545454545456,14.5,278026,161.7,171736
Prince Edward Island,2023/5/1,Wholesale and retail trade,11.9,10,19.96,0.8403361344537815,14.5,291221,161.3,171736
Prince Edward Island,2023/6/1,Wholesale and retail trade,11.7,9.4,22.52,0.8034188034188035,14.5,299368,161,171736
Prince Edward Island,2023/7/1,Wholesale and retail trade,11.3,9.9,21.75,0.8761061946902655,14.5,294353,163.8,173734
Prince Edward Island,2023/8/1,Wholesale and retail trade,11.4,10.1,21.12,0.8859649122807017,14.5,293599,164.8,173734
Prince Edward Island,2023/9/1,Wholesale and retail trade,10.8,9.7,21.41,0.898148148148148,14.5,292490,163.7,173734
Prince Edward Island,2023/10/1,Wholesale and retail trade,11.3,9.7,21.46,0.8584070796460176,15,293447,163.4,176173
Prince Edward Island,2023/11/1,Wholesale and retail trade,11.3,10.1,21.61,0.8938053097345132,15,302935,162.9,176173
Prince Edward Island,2023/12/1,Wholesale and retail trade,11,9.6,20.54,0.8727272727272727,15,283625,163,176173
Prince Edward Island,2024/1/1,Wholesale and retail trade,11.2,9.6,20.64,0.8571428571428572,15,302550,162.6,176757
Prince Edward Island,2024/2/1,Wholesale and retail trade,11.3,9.5,21.38,0.8407079646017699,15,297790,163.8,176757
Prince Edward Island,2024/3/1,Wholesale and retail trade,10.4,9.3,21.62,0.8942307692307693,15,301893,164.8,176757
Prince Edward Island,2024/4/1,Wholesale and retail trade,11.3,10.2,21.23,0.902654867256637,15,302875,165.9,178022
Prince Edward Island,2024/5/1,Wholesale and retail trade,12.5,11,21.4,0.88,15,293077,166.4,178022
Prince Edward Island,2024/6/1,Wholesale and retail trade,11.9,9.9,22.59,0.8319327731092437,15,287836,166.4,178022
Prince Edward Island,2024/7/1,Wholesale and retail trade,12.2,11.1,21.2,0.9098360655737704,15,291596,167.1,179709
Prince Edward Island,2024/8/1,Wholesale and retail trade,12.4,11.2,20.52,0.9032258064516128,15,299127,166.8,179709
Prince Edward Island,2024/9/1,Wholesale and retail trade,11.1,10.1,21.75,0.90990990990991,15,301662,165.3,179709
Prince Edward Island,2024/10/1,Wholesale and retail trade,11.2,9.8,22.99,0.8750000000000001,16,293479,165.5,180877
Prince Edward Island,2024/11/1,Wholesale and retail trade,12.7,11.2,23.2,0.8818897637795275,16,286913,165.9,180877
Prince Edward Island,2024/12/1,Wholesale and retail trade,12.4,10.5,22.45,0.8467741935483871,16,300482,163.6,180877
Prince Edward Island,2025/1/1,Wholesale and retail trade,11.9,11.1,21.78,0.9327731092436974,16,304111,164.7,180686
Prince Edward Island,2025/2/1,Wholesale and retail trade,12.9,11.3,22.24,0.875968992248062,16,305526,167,180686
Prince Edward Island,2025/3/1,Wholesale and retail trade,12.6,10.9,22.09,0.8650793650793651,16,308058,167.7,180686
Prince Edward Island,2025/4/1,Wholesale and retail trade,12.5,11,22.92,0.88,16,305649,166.9,181289
Prince Edward Island,2025/5/1,Wholesale and retail trade,11.4,10.5,23.2,0.9210526315789472,16,305510,167.5,181289
Prince Edward Island,2025/6/1,Wholesale and retail trade,11.7,10.8,22.47,0.9230769230769232,16,304000,167.7,181289
Prince Edward Island,2025/7/1,Wholesale and retail trade,11.1,10.3,22.66,0.927927927927928,16,307015,169.1,182657
Prince Edward Island,2025/8/1,Wholesale and retail trade,11.7,10.6,24.12,0.905982905982906,16,303900,168.6,182657
Prince Edward Island,2025/9/1,Wholesale and retail trade,12.1,10.8,23.61,0.8925619834710745,16,,168.1,182657
Quebec,2022/1/1,Accommodation and food services,,,,,13.5,,,
Quebec,2022/2/1,Accommodation and food services,,,,,13.5,,,
Quebec,2022/3/1,Accommodation and food services,,,,,13.5,,,
Quebec,2022/4/1,Accommodation and food services,,,,,13.5,,,
Quebec,2022/5/1,Accommodation and food services,,,,,14.25,,,
Quebec,2022/6/1,Accommodation and food services,,,,,14.25,,,
Quebec,2022/7/1,Accommodation and food services,,,,,14.25,,,
Quebec,2022/8/1,Accommodation and food services,,,,,14.25,,,
Quebec,2022/9/1,Accommodation and food services,,,,,14.25,,,
Quebec,2022/10/1,Accommodation and food services,,,,,14.25,,,
Quebec,2022/11/1,Accommodation and food services,,,,,14.25,,,
Quebec,2022/12/1,Accommodation and food services,,,,,14.25,,,
Quebec,2023/1/1,Accommodation and food services,239.3,212,19.07,0.885917258671124,14.25,14649667,149.9,8742975
Quebec,2023/2/1,Accommodation and food services,236.2,210.8,19.72,0.8924640135478409,14.25,14751498,150.6,8742975
Quebec,2023/3/1,Accommodation and food services,244.8,218,19.45,0.8905228758169934,14.25,14668826,151.3,8742975
Quebec,2023/4/1,Accommodation and food services,236.9,215.6,19.77,0.9100886449978892,14.25,14611776,152.5,8772140
Quebec,2023/5/1,Accommodation and food services,242.2,219.5,20.28,0.9062758051197358,15.25,14400285,153.5,8772140
Quebec,2023/6/1,Accommodation and food services,256.4,228,20.99,0.889235569422777,15.25,14688951,154.1,8772140
Quebec,2023/7/1,Accommodation and food services,256.3,230.9,20.56,0.9008973858759266,15.25,14855393,154.4,8821696
Quebec,2023/8/1,Accommodation and food services,256.4,226.2,20.51,0.8822152886115445,15.25,14797177,155.4,8821696
Quebec,2023/9/1,Accommodation and food services,252.3,228.4,20.87,0.9052715021799445,15.25,14947024,155.4,8821696
Quebec,2023/10/1,Accommodation and food services,259.2,226.4,20.89,0.8734567901234569,15.25,14989091,155.4,8882501
Quebec,2023/11/1,Accommodation and food services,251.4,219.9,20.28,0.8747016706443914,15.25,14947378,155.5,8882501
Quebec,2023/12/1,Accommodation and food services,254.5,227.3,20.47,0.8931237721021611,15.25,14773279,155,8882501
Quebec,2024/1/1,Accommodation and food services,244.7,213.6,21.44,0.8729055986922762,15.25,14778250,154.8,8909038
Quebec,2024/2/1,Accommodation and food services,259.1,226.3,21.33,0.8734079505982246,15.25,14802352,155.5,8909038
Quebec,2024/3/1,Accommodation and food services,250.4,224.9,21.53,0.8981629392971247,15.25,14786877,156.7,8909038
Quebec,2024/4/1,Accommodation and food services,255.1,223.9,21.41,0.8776950215601725,15.25,15009915,157,8945468
Quebec,2024/5/1,Accommodation and food services,261.6,234.5,22.04,0.8964067278287461,15.75,14812545,158.2,8945468
Quebec,2024/6/1,Accommodation and food services,264.5,237.3,21.27,0.897164461247637,15.75,14784594,157.5,8945468
Quebec,2024/7/1,Accommodation and food services,271.6,237.6,20.55,0.8748159057437407,15.75,15035641,157.9,8995474
Quebec,2024/8/1,Accommodation and food services,267.1,233.3,20.38,0.8734556345937851,15.75,15118060,157.7,8995474
Quebec,2024/9/1,Accommodation and food services,260.6,232.6,20.4,0.8925556408288564,15.75,15192136,157.4,8995474
Quebec,2024/10/1,Accommodation and food services,252.3,223.9,20.62,0.8874355925485533,15.75,15327795,157.9,9038268
Quebec,2024/11/1,Accommodation and food services,257.9,227.7,20.66,0.8829003489724699,15.75,15302483,157.8,9038268
Quebec,2024/12/1,Accommodation and food services,263,231.7,20.82,0.8809885931558935,15.75,15846569,157.5,9038268
Quebec,2025/1/1,Accommodation and food services,261.4,232,21.43,0.8875286916602908,15.75,15417535,157.6,9043463
Quebec,2025/2/1,Accommodation and food services,248.3,221.5,21.53,0.8920660491341119,15.75,15225881,158.6,9043463
Quebec,2025/3/1,Accommodation and food services,247.9,225.6,21.06,0.91004437273094,15.75,15450837,159.7,9043463
Quebec,2025/4/1,Accommodation and food services,261.2,234.5,21.17,0.8977794793261868,15.75,15527303,160.4,9041123
Quebec,2025/5/1,Accommodation and food services,265.4,238.4,21.1,0.8982667671439338,16.1,15493907,160.9,9041123
Quebec,2025/6/1,Accommodation and food services,266.4,245.2,20.67,0.9204204204204204,16.1,15511370,161,9041123
Quebec,2025/7/1,Accommodation and food services,264.5,245.2,20.64,0.92703213610586,16.1,15576628,161.6,9058297
Quebec,2025/8/1,Accommodation and food services,269.5,249.3,20.9,0.9250463821892394,16.1,15852022,161.9,9058297
Quebec,2025/9/1,Accommodation and food services,258.5,234.7,20.98,0.9079303675048356,16.1,,162.6,9058297
Quebec,2022/1/1,Agriculture,,,,,13.5,,,
Quebec,2022/2/1,Agriculture,,,,,13.5,,,
Quebec,2022/3/1,Agriculture,,,,,13.5,,,
Quebec,2022/4/1,Agriculture,,,,,13.5,,,
Quebec,2022/5/1,Agriculture,,,,,14.25,,,
Quebec,2022/6/1,Agriculture,,,,,14.25,,,
Quebec,2022/7/1,Agriculture,,,,,14.25,,,
Quebec,2022/8/1,Agriculture,,,,,14.25,,,
Quebec,2022/9/1,Agriculture,,,,,14.25,,,
Quebec,2022/10/1,Agriculture,,,,,14.25,,,
Quebec,2022/11/1,Agriculture,,,,,14.25,,,
Quebec,2022/12/1,Agriculture,,,,,14.25,,,
Quebec,2023/1/1,Agriculture,57.1,27.9,20.21,0.48861646234676,14.25,14649667,149.9,8742975
Quebec,2023/2/1,Agriculture,53.5,25,19.8,0.4672897196261682,14.25,14751498,150.6,8742975
Quebec,2023/3/1,Agriculture,55.7,28.6,20.98,0.5134649910233393,14.25,14668826,151.3,8742975
Quebec,2023/4/1,Agriculture,55.7,25.5,21.14,0.4578096947935368,14.25,14611776,152.5,8772140
Quebec,2023/5/1,Agriculture,59.8,30.4,20.97,0.5083612040133779,15.25,14400285,153.5,8772140
Quebec,2023/6/1,Agriculture,56.8,31.8,21.92,0.5598591549295775,15.25,14688951,154.1,8772140
Quebec,2023/7/1,Agriculture,59,36.5,20.86,0.6186440677966102,15.25,14855393,154.4,8821696
Quebec,2023/8/1,Agriculture,52.9,30.3,21.2,0.5727788279773157,15.25,14797177,155.4,8821696
Quebec,2023/9/1,Agriculture,50.7,30.1,21.1,0.5936883629191322,15.25,14947024,155.4,8821696
Quebec,2023/10/1,Agriculture,54,26.6,21.53,0.4925925925925926,15.25,14989091,155.4,8882501
Quebec,2023/11/1,Agriculture,52,27.3,21.9,0.525,15.25,14947378,155.5,8882501
Quebec,2023/12/1,Agriculture,47.5,24.2,21.68,0.5094736842105263,15.25,14773279,155,8882501
Quebec,2024/1/1,Agriculture,44.2,20.5,22.09,0.4638009049773755,15.25,14778250,154.8,8909038
Quebec,2024/2/1,Agriculture,43.5,21.5,21.41,0.4942528735632184,15.25,14802352,155.5,8909038
Quebec,2024/3/1,Agriculture,44.8,25.6,22.52,0.5714285714285715,15.25,14786877,156.7,8909038
Quebec,2024/4/1,Agriculture,48.5,28,22.68,0.5773195876288659,15.25,15009915,157,8945468
Quebec,2024/5/1,Agriculture,55.8,32,23.01,0.5734767025089607,15.75,14812545,158.2,8945468
Quebec,2024/6/1,Agriculture,57.6,32,22.92,0.5555555555555556,15.75,14784594,157.5,8945468
Quebec,2024/7/1,Agriculture,59.1,34.2,24.08,0.5786802030456853,15.75,15035641,157.9,8995474
Quebec,2024/8/1,Agriculture,60.8,36.6,25.12,0.6019736842105263,15.75,15118060,157.7,8995474
Quebec,2024/9/1,Agriculture,58.5,33.9,24.25,0.5794871794871794,15.75,15192136,157.4,8995474
Quebec,2024/10/1,Agriculture,55.8,30.6,22.22,0.5483870967741936,15.75,15327795,157.9,9038268
Quebec,2024/11/1,Agriculture,54.6,26.7,23.17,0.489010989010989,15.75,15302483,157.8,9038268
Quebec,2024/12/1,Agriculture,53.8,28.9,25.07,0.5371747211895911,15.75,15846569,157.5,9038268
Quebec,2025/1/1,Agriculture,55.9,28.5,25.36,0.5098389982110912,15.75,15417535,157.6,9043463
Quebec,2025/2/1,Agriculture,55.2,28.3,27.12,0.5126811594202898,15.75,15225881,158.6,9043463
Quebec,2025/3/1,Agriculture,53,25.1,24.85,0.4735849056603773,15.75,15450837,159.7,9043463
Quebec,2025/4/1,Agriculture,54.2,28.1,24.11,0.518450184501845,15.75,15527303,160.4,9041123
Quebec,2025/5/1,Agriculture,57.6,29.8,24.02,0.5173611111111112,16.1,15493907,160.9,9041123
Quebec,2025/6/1,Agriculture,56.5,33,24.93,0.584070796460177,16.1,15511370,161,9041123
Quebec,2025/7/1,Agriculture,53.4,28.1,22.85,0.5262172284644195,16.1,15576628,161.6,9058297
Quebec,2025/8/1,Agriculture,53.9,27,22.28,0.5009276437847866,16.1,15852022,161.9,9058297
Quebec,2025/9/1,Agriculture,53.8,28.2,24.02,0.5241635687732342,16.1,,162.6,9058297
Quebec,2022/1/1,"Business, building and other support services",,,,,13.5,,,
Quebec,2022/2/1,"Business, building and other support services",,,,,13.5,,,
Quebec,2022/3/1,"Business, building and other support services",,,,,13.5,,,
Quebec,2022/4/1,"Business, building and other support services",,,,,13.5,,,
Quebec,2022/5/1,"Business, building and other support services",,,,,14.25,,,
Quebec,2022/6/1,"Business, building and other support services",,,,,14.25,,,
Quebec,2022/7/1,"Business, building and other support services",,,,,14.25,,,
Quebec,2022/8/1,"Business, building and other support services",,,,,14.25,,,
Quebec,2022/9/1,"Business, building and other support services",,,,,14.25,,,
Quebec,2022/10/1,"Business, building and other support services",,,,,14.25,,,
Quebec,2022/11/1,"Business, building and other support services",,,,,14.25,,,
Quebec,2022/12/1,"Business, building and other support services",,,,,14.25,,,
Quebec,2023/1/1,"Business, building and other support services",175.2,123.8,25.25,0.70662100456621,14.25,14649667,149.9,8742975
Quebec,2023/2/1,"Business, building and other support services",177.7,125.1,26.09,0.7039954980303883,14.25,14751498,150.6,8742975
Quebec,2023/3/1,"Business, building and other support services",194.1,135.5,26.75,0.6980937660999486,14.25,14668826,151.3,8742975
Quebec,2023/4/1,"Business, building and other support services",183.6,134.8,25.42,0.7342047930283225,14.25,14611776,152.5,8772140
Quebec,2023/5/1,"Business, building and other support services",182.7,142.8,25.25,0.781609195402299,15.25,14400285,153.5,8772140
Quebec,2023/6/1,"Business, building and other support services",182.4,144.8,25.66,0.793859649122807,15.25,14688951,154.1,8772140
Quebec,2023/7/1,"Business, building and other support services",187.9,148.7,24.7,0.7913783927621074,15.25,14855393,154.4,8821696
Quebec,2023/8/1,"Business, building and other support services",187.2,144,23.49,0.7692307692307693,15.25,14797177,155.4,8821696
Quebec,2023/9/1,"Business, building and other support services",184,142,25.01,0.7717391304347826,15.25,14947024,155.4,8821696
Quebec,2023/10/1,"Business, building and other support services",189.5,138.1,24.88,0.7287598944591028,15.25,14989091,155.4,8882501
Quebec,2023/11/1,"Business, building and other support services",183.6,137.6,26.77,0.7494553376906318,15.25,14947378,155.5,8882501
Quebec,2023/12/1,"Business, building and other support services",170.6,126.8,26.84,0.7432590855803048,15.25,14773279,155,8882501
Quebec,2024/1/1,"Business, building and other support services",162.2,117.5,26.78,0.7244143033292232,15.25,14778250,154.8,8909038
Quebec,2024/2/1,"Business, building and other support services",161.9,112.1,28.32,0.6924027177269919,15.25,14802352,155.5,8909038
Quebec,2024/3/1,"Business, building and other support services",161.6,121,27.56,0.7487623762376238,15.25,14786877,156.7,8909038
Quebec,2024/4/1,"Business, building and other support services",171.9,129.7,27.78,0.7545084351367073,15.25,15009915,157,8945468
Quebec,2024/5/1,"Business, building and other support services",191.1,141.9,27.37,0.7425431711145998,15.75,14812545,158.2,8945468
Quebec,2024/6/1,"Business, building and other support services",201.9,147.6,27.24,0.7310549777117384,15.75,14784594,157.5,8945468
Quebec,2024/7/1,"Business, building and other support services",187.2,145.9,27.54,0.779380341880342,15.75,15035641,157.9,8995474
Quebec,2024/8/1,"Business, building and other support services",190.6,147.1,27.36,0.7717733473242392,15.75,15118060,157.7,8995474
Quebec,2024/9/1,"Business, building and other support services",185.2,147,26.88,0.7937365010799137,15.75,15192136,157.4,8995474
Quebec,2024/10/1,"Business, building and other support services",175.5,132.9,28.66,0.7572649572649574,15.75,15327795,157.9,9038268
Quebec,2024/11/1,"Business, building and other support services",175.6,131.4,28.24,0.7482915717539864,15.75,15302483,157.8,9038268
Quebec,2024/12/1,"Business, building and other support services",179.5,135.2,28.82,0.7532033426183843,15.75,15846569,157.5,9038268
Quebec,2025/1/1,"Business, building and other support services",179,130.2,29.71,0.7273743016759776,15.75,15417535,157.6,9043463
Quebec,2025/2/1,"Business, building and other support services",176.4,124.3,29.63,0.7046485260770975,15.75,15225881,158.6,9043463
Quebec,2025/3/1,"Business, building and other support services",180.1,131.8,29.42,0.7318156579677958,15.75,15450837,159.7,9043463
Quebec,2025/4/1,"Business, building and other support services",180.9,129.4,28.02,0.7153123272526257,15.75,15527303,160.4,9041123
Quebec,2025/5/1,"Business, building and other support services",169.2,128.2,26.46,0.7576832151300237,16.1,15493907,160.9,9041123
Quebec,2025/6/1,"Business, building and other support services",170.4,132.4,26.45,0.7769953051643192,16.1,15511370,161,9041123
Quebec,2025/7/1,"Business, building and other support services",177.5,126.3,27.04,0.7115492957746479,16.1,15576628,161.6,9058297
Quebec,2025/8/1,"Business, building and other support services",170.6,125.5,27.82,0.7356389214536929,16.1,15852022,161.9,9058297
Quebec,2025/9/1,"Business, building and other support services",154.4,110.4,28.23,0.7150259067357513,16.1,,162.6,9058297
Quebec,2022/1/1,Construction,,,,,13.5,,,
Quebec,2022/2/1,Construction,,,,,13.5,,,
Quebec,2022/3/1,Construction,,,,,13.5,,,
Quebec,2022/4/1,Construction,,,,,13.5,,,
Quebec,2022/5/1,Construction,,,,,14.25,,,
Quebec,2022/6/1,Construction,,,,,14.25,,,
Quebec,2022/7/1,Construction,,,,,14.25,,,
Quebec,2022/8/1,Construction,,,,,14.25,,,
Quebec,2022/9/1,Construction,,,,,14.25,,,
Quebec,2022/10/1,Construction,,,,,14.25,,,
Quebec,2022/11/1,Construction,,,,,14.25,,,
Quebec,2022/12/1,Construction,,,,,14.25,,,
Quebec,2023/1/1,Construction,329.7,239.7,35.8,0.727024567788899,14.25,14649667,149.9,8742975
Quebec,2023/2/1,Construction,323.8,250.9,36.09,0.7748610253242743,14.25,14751498,150.6,8742975
Quebec,2023/3/1,Construction,318.1,247.6,35.89,0.7783715812637535,14.25,14668826,151.3,8742975
Quebec,2023/4/1,Construction,326.3,248.9,35.84,0.7627949739503525,14.25,14611776,152.5,8772140
Quebec,2023/5/1,Construction,336.6,263.7,36.17,0.783422459893048,15.25,14400285,153.5,8772140
Quebec,2023/6/1,Construction,344,266.2,35.86,0.7738372093023256,15.25,14688951,154.1,8772140
Quebec,2023/7/1,Construction,339.9,269.7,36.19,0.793468667255075,15.25,14855393,154.4,8821696
Quebec,2023/8/1,Construction,343.4,276.2,35.76,0.8043098427489808,15.25,14797177,155.4,8821696
Quebec,2023/9/1,Construction,345.2,276,35.85,0.7995365005793743,15.25,14947024,155.4,8821696
Quebec,2023/10/1,Construction,350,282.5,35.32,0.8071428571428572,15.25,14989091,155.4,8882501
Quebec,2023/11/1,Construction,345.1,274.5,35.69,0.795421616922631,15.25,14947378,155.5,8882501
Quebec,2023/12/1,Construction,338.7,269.9,36.4,0.7968703867729554,15.25,14773279,155,8882501
Quebec,2024/1/1,Construction,324.5,238.6,36.56,0.7352850539291217,15.25,14778250,154.8,8909038
Quebec,2024/2/1,Construction,326.5,255.9,36.1,0.7837672281776417,15.25,14802352,155.5,8909038
Quebec,2024/3/1,Construction,326.9,264.7,35.42,0.8097277454879168,15.25,14786877,156.7,8909038
Quebec,2024/4/1,Construction,340.9,271.7,35.9,0.7970079202112057,15.25,15009915,157,8945468
Quebec,2024/5/1,Construction,350.2,287.9,35.85,0.8221016561964591,15.75,14812545,158.2,8945468
Quebec,2024/6/1,Construction,347.6,289.2,35.9,0.8319907940161104,15.75,14784594,157.5,8945468
Quebec,2024/7/1,Construction,361.2,296.8,36.36,0.8217054263565892,15.75,15035641,157.9,8995474
Quebec,2024/8/1,Construction,359,293.1,36.53,0.8164345403899722,15.75,15118060,157.7,8995474
Quebec,2024/9/1,Construction,367.3,301.3,36.97,0.8203103729921045,15.75,15192136,157.4,8995474
Quebec,2024/10/1,Construction,363.4,292.4,37.64,0.8046230049532196,15.75,15327795,157.9,9038268
Quebec,2024/11/1,Construction,354.5,289.6,37.01,0.8169252468265162,15.75,15302483,157.8,9038268
Quebec,2024/12/1,Construction,343.7,278.8,37.12,0.8111725341867909,15.75,15846569,157.5,9038268
Quebec,2025/1/1,Construction,343,266.8,37.3,0.7778425655976676,15.75,15417535,157.6,9043463
Quebec,2025/2/1,Construction,336.7,264.4,37.74,0.7852687852687852,15.75,15225881,158.6,9043463
Quebec,2025/3/1,Construction,341,262.1,36.69,0.7686217008797654,15.75,15450837,159.7,9043463
Quebec,2025/4/1,Construction,342.1,273.2,37.84,0.7985969014907921,15.75,15527303,160.4,9041123
Quebec,2025/5/1,Construction,336.5,275.9,37.98,0.8199108469539376,16.1,15493907,160.9,9041123
Quebec,2025/6/1,Construction,340.4,281.5,37.9,0.8269682726204466,16.1,15511370,161,9041123
Quebec,2025/7/1,Construction,348.5,296,37.5,0.8493543758967002,16.1,15576628,161.6,9058297
Quebec,2025/8/1,Construction,360.3,303.1,37.93,0.8412434082708854,16.1,15852022,161.9,9058297
Quebec,2025/9/1,Construction,352.5,288.5,38.06,0.8184397163120567,16.1,,162.6,9058297
Quebec,2022/1/1,Educational services,,,,,13.5,,,
Quebec,2022/2/1,Educational services,,,,,13.5,,,
Quebec,2022/3/1,Educational services,,,,,13.5,,,
Quebec,2022/4/1,Educational services,,,,,13.5,,,
Quebec,2022/5/1,Educational services,,,,,14.25,,,
Quebec,2022/6/1,Educational services,,,,,14.25,,,
Quebec,2022/7/1,Educational services,,,,,14.25,,,
Quebec,2022/8/1,Educational services,,,,,14.25,,,
Quebec,2022/9/1,Educational services,,,,,14.25,,,
Quebec,2022/10/1,Educational services,,,,,14.25,,,
Quebec,2022/11/1,Educational services,,,,,14.25,,,
Quebec,2022/12/1,Educational services,,,,,14.25,,,
Quebec,2023/1/1,Educational services,351.8,331.8,38.44,0.9431495167708924,14.25,14649667,149.9,8742975
Quebec,2023/2/1,Educational services,357.2,337,39.17,0.9434490481522956,14.25,14751498,150.6,8742975
Quebec,2023/3/1,Educational services,351.8,335.4,39.35,0.9533826037521318,14.25,14668826,151.3,8742975
Quebec,2023/4/1,Educational services,355.4,341.9,37.99,0.962014631401238,14.25,14611776,152.5,8772140
Quebec,2023/5/1,Educational services,353.4,337.2,39.06,0.9541595925297114,15.25,14400285,153.5,8772140
Quebec,2023/6/1,Educational services,348,332.6,38.66,0.9557471264367816,15.25,14688951,154.1,8772140
Quebec,2023/7/1,Educational services,292.9,265.2,39.84,0.905428473881871,15.25,14855393,154.4,8821696
Quebec,2023/8/1,Educational services,315.7,270.4,39.95,0.8565093443142223,15.25,14797177,155.4,8821696
Quebec,2023/9/1,Educational services,364.2,346.9,38.94,0.9524986271279516,15.25,14947024,155.4,8821696
Quebec,2023/10/1,Educational services,365.9,349.1,39.5,0.9540858157966658,15.25,14989091,155.4,8882501
Quebec,2023/11/1,Educational services,372.5,356.3,38.91,0.956510067114094,15.25,14947378,155.5,8882501
Quebec,2023/12/1,Educational services,367.7,344.4,39.15,0.9366331248300244,15.25,14773279,155,8882501
Quebec,2024/1/1,Educational services,374.9,354.1,39.43,0.944518538276874,15.25,14778250,154.8,8909038
Quebec,2024/2/1,Educational services,371.8,352,39.6,0.9467455621301776,15.25,14802352,155.5,8909038
Quebec,2024/3/1,Educational services,379.6,362.8,39.59,0.9557428872497366,15.25,14786877,156.7,8909038
Quebec,2024/4/1,Educational services,364.1,346.8,39.94,0.9524855808843724,15.25,15009915,157,8945468
Quebec,2024/5/1,Educational services,371.4,349.9,40.62,0.9421109316101238,15.75,14812545,158.2,8945468
Quebec,2024/6/1,Educational services,353.7,340.7,41.36,0.963245688436528,15.75,14784594,157.5,8945468
Quebec,2024/7/1,Educational services,304.5,270.2,41.49,0.8873563218390804,15.75,15035641,157.9,8995474
Quebec,2024/8/1,Educational services,333.1,273.3,41.83,0.8204743320324227,15.75,15118060,157.7,8995474
Quebec,2024/9/1,Educational services,366.9,347.1,42.31,0.946034341782502,15.75,15192136,157.4,8995474
Quebec,2024/10/1,Educational services,378.3,357.3,42.09,0.944488501189532,15.75,15327795,157.9,9038268
Quebec,2024/11/1,Educational services,387.8,367.3,41.15,0.9471376998452812,15.75,15302483,157.8,9038268
Quebec,2024/12/1,Educational services,383.7,360,42.08,0.9382329945269742,15.75,15846569,157.5,9038268
Quebec,2025/1/1,Educational services,391,360.7,42.48,0.9225063938618926,15.75,15417535,157.6,9043463
Quebec,2025/2/1,Educational services,396.1,377.9,42.55,0.954052007068922,15.75,15225881,158.6,9043463
Quebec,2025/3/1,Educational services,393,370.2,42.86,0.9419847328244274,15.75,15450837,159.7,9043463
Quebec,2025/4/1,Educational services,398.5,374.9,43.62,0.9407779171894604,15.75,15527303,160.4,9041123
Quebec,2025/5/1,Educational services,403.2,385.9,42.57,0.957093253968254,16.1,15493907,160.9,9041123
Quebec,2025/6/1,Educational services,391.8,376.6,43.91,0.961204696273609,16.1,15511370,161,9041123
Quebec,2025/7/1,Educational services,348.7,318.3,45.19,0.9128190421565816,16.1,15576628,161.6,9058297
Quebec,2025/8/1,Educational services,382.6,311.3,45.67,0.8136434918975431,16.1,15852022,161.9,9058297
Quebec,2025/9/1,Educational services,400.2,382,44.84,0.9545227386306848,16.1,,162.6,9058297
Quebec,2022/1/1,"Finance, insurance, real estate, rental and leasing",,,,,13.5,,,
Quebec,2022/2/1,"Finance, insurance, real estate, rental and leasing",,,,,13.5,,,
Quebec,2022/3/1,"Finance, insurance, real estate, rental and leasing",,,,,13.5,,,
Quebec,2022/4/1,"Finance, insurance, real estate, rental and leasing",,,,,13.5,,,
Quebec,2022/5/1,"Finance, insurance, real estate, rental and leasing",,,,,14.25,,,
Quebec,2022/6/1,"Finance, insurance, real estate, rental and leasing",,,,,14.25,,,
Quebec,2022/7/1,"Finance, insurance, real estate, rental and leasing",,,,,14.25,,,
Quebec,2022/8/1,"Finance, insurance, real estate, rental and leasing",,,,,14.25,,,
Quebec,2022/9/1,"Finance, insurance, real estate, rental and leasing",,,,,14.25,,,
Quebec,2022/10/1,"Finance, insurance, real estate, rental and leasing",,,,,14.25,,,
Quebec,2022/11/1,"Finance, insurance, real estate, rental and leasing",,,,,14.25,,,
Quebec,2022/12/1,"Finance, insurance, real estate, rental and leasing",,,,,14.25,,,
Quebec,2023/1/1,"Finance, insurance, real estate, rental and leasing",283.8,253.1,38.83,0.8918252290345313,14.25,14649667,149.9,8742975
Quebec,2023/2/1,"Finance, insurance, real estate, rental and leasing",270.8,240.4,38.62,0.8877400295420975,14.25,14751498,150.6,8742975
Quebec,2023/3/1,"Finance, insurance, real estate, rental and leasing",269.3,241.1,39.72,0.89528406981062,14.25,14668826,151.3,8742975
Quebec,2023/4/1,"Finance, insurance, real estate, rental and leasing",270.9,243.3,39.75,0.8981173864894796,14.25,14611776,152.5,8772140
Quebec,2023/5/1,"Finance, insurance, real estate, rental and leasing",268.9,239.8,38.71,0.8917813313499443,15.25,14400285,153.5,8772140
Quebec,2023/6/1,"Finance, insurance, real estate, rental and leasing",275.8,242.1,39.56,0.8778100072516316,15.25,14688951,154.1,8772140
Quebec,2023/7/1,"Finance, insurance, real estate, rental and leasing",291.1,248.1,38.18,0.852284438337341,15.25,14855393,154.4,8821696
Quebec,2023/8/1,"Finance, insurance, real estate, rental and leasing",283.8,249.2,39.33,0.8780831571529245,15.25,14797177,155.4,8821696
Quebec,2023/9/1,"Finance, insurance, real estate, rental and leasing",275.4,239.4,39.62,0.8692810457516341,15.25,14947024,155.4,8821696
Quebec,2023/10/1,"Finance, insurance, real estate, rental and leasing",270.8,236.6,39.78,0.8737075332348596,15.25,14989091,155.4,8882501
Quebec,2023/11/1,"Finance, insurance, real estate, rental and leasing",269.6,233.2,39.24,0.8649851632047476,15.25,14947378,155.5,8882501
Quebec,2023/12/1,"Finance, insurance, real estate, rental and leasing",268.1,239.6,40.2,0.8936963819470346,15.25,14773279,155,8882501
Quebec,2024/1/1,"Finance, insurance, real estate, rental and leasing",266.5,238.3,40.32,0.8941838649155722,15.25,14778250,154.8,8909038
Quebec,2024/2/1,"Finance, insurance, real estate, rental and leasing",266.1,236,40.44,0.8868846298384065,15.25,14802352,155.5,8909038
Quebec,2024/3/1,"Finance, insurance, real estate, rental and leasing",270.3,240.8,41.1,0.8908620051794303,15.25,14786877,156.7,8909038
Quebec,2024/4/1,"Finance, insurance, real estate, rental and leasing",265.9,232.9,43.16,0.8758931929296729,15.25,15009915,157,8945468
Quebec,2024/5/1,"Finance, insurance, real estate, rental and leasing",272.2,237.7,43.98,0.8732549595885378,15.75,14812545,158.2,8945468
Quebec,2024/6/1,"Finance, insurance, real estate, rental and leasing",274.6,230.5,42.5,0.8394027676620538,15.75,14784594,157.5,8945468
Quebec,2024/7/1,"Finance, insurance, real estate, rental and leasing",264.6,229.1,43.66,0.86583522297808,15.75,15035641,157.9,8995474
Quebec,2024/8/1,"Finance, insurance, real estate, rental and leasing",267,230.3,43.28,0.8625468164794008,15.75,15118060,157.7,8995474
Quebec,2024/9/1,"Finance, insurance, real estate, rental and leasing",269.8,230.6,44.06,0.8547071905114899,15.75,15192136,157.4,8995474
Quebec,2024/10/1,"Finance, insurance, real estate, rental and leasing",270.1,230.8,42.56,0.8544983339503888,15.75,15327795,157.9,9038268
Quebec,2024/11/1,"Finance, insurance, real estate, rental and leasing",279.2,239.6,41.11,0.8581661891117479,15.75,15302483,157.8,9038268
Quebec,2024/12/1,"Finance, insurance, real estate, rental and leasing",286.6,247.7,41.88,0.8642707606420097,15.75,15846569,157.5,9038268
Quebec,2025/1/1,"Finance, insurance, real estate, rental and leasing",292.5,256.9,42.57,0.8782905982905982,15.75,15417535,157.6,9043463
Quebec,2025/2/1,"Finance, insurance, real estate, rental and leasing",290.7,253.9,42.13,0.8734090127278983,15.75,15225881,158.6,9043463
Quebec,2025/3/1,"Finance, insurance, real estate, rental and leasing",302.5,261.5,42.13,0.8644628099173554,15.75,15450837,159.7,9043463
Quebec,2025/4/1,"Finance, insurance, real estate, rental and leasing",295.9,256.8,42.51,0.8678607637715445,15.75,15527303,160.4,9041123
Quebec,2025/5/1,"Finance, insurance, real estate, rental and leasing",304.5,261.9,44,0.8600985221674876,16.1,15493907,160.9,9041123
Quebec,2025/6/1,"Finance, insurance, real estate, rental and leasing",307.8,260.3,43.65,0.845679012345679,16.1,15511370,161,9041123
Quebec,2025/7/1,"Finance, insurance, real estate, rental and leasing",311.2,261.9,43.76,0.8415809768637532,16.1,15576628,161.6,9058297
Quebec,2025/8/1,"Finance, insurance, real estate, rental and leasing",304,260.4,44.69,0.856578947368421,16.1,15852022,161.9,9058297
Quebec,2025/9/1,"Finance, insurance, real estate, rental and leasing",298.8,248.9,44.02,0.8329986613119144,16.1,,162.6,9058297
Quebec,2022/1/1,"Forestry, fishing, mining, quarrying, oil and gas",,,,,13.5,,,
Quebec,2022/2/1,"Forestry, fishing, mining, quarrying, oil and gas",,,,,13.5,,,
Quebec,2022/3/1,"Forestry, fishing, mining, quarrying, oil and gas",,,,,13.5,,,
Quebec,2022/4/1,"Forestry, fishing, mining, quarrying, oil and gas",,,,,13.5,,,
Quebec,2022/5/1,"Forestry, fishing, mining, quarrying, oil and gas",,,,,14.25,,,
Quebec,2022/6/1,"Forestry, fishing, mining, quarrying, oil and gas",,,,,14.25,,,
Quebec,2022/7/1,"Forestry, fishing, mining, quarrying, oil and gas",,,,,14.25,,,
Quebec,2022/8/1,"Forestry, fishing, mining, quarrying, oil and gas",,,,,14.25,,,
Quebec,2022/9/1,"Forestry, fishing, mining, quarrying, oil and gas",,,,,14.25,,,
Quebec,2022/10/1,"Forestry, fishing, mining, quarrying, oil and gas",,,,,14.25,,,
Quebec,2022/11/1,"Forestry, fishing, mining, quarrying, oil and gas",,,,,14.25,,,
Quebec,2022/12/1,"Forestry, fishing, mining, quarrying, oil and gas",,,,,14.25,,,
Quebec,2023/1/1,"Forestry, fishing, mining, quarrying, oil and gas",42,38.5,42.9,0.9166666666666666,14.25,14649667,149.9,8742975
Quebec,2023/2/1,"Forestry, fishing, mining, quarrying, oil and gas",42,38.4,43.87,0.9142857142857144,14.25,14751498,150.6,8742975
Quebec,2023/3/1,"Forestry, fishing, mining, quarrying, oil and gas",38.5,34.2,44.46,0.8883116883116884,14.25,14668826,151.3,8742975
Quebec,2023/4/1,"Forestry, fishing, mining, quarrying, oil and gas",38.4,33,45.37,0.859375,14.25,14611776,152.5,8772140
Quebec,2023/5/1,"Forestry, fishing, mining, quarrying, oil and gas",43,37.6,45.66,0.8744186046511628,15.25,14400285,153.5,8772140
Quebec,2023/6/1,"Forestry, fishing, mining, quarrying, oil and gas",44,37.4,43.59,0.85,15.25,14688951,154.1,8772140
Quebec,2023/7/1,"Forestry, fishing, mining, quarrying, oil and gas",43.4,37.7,40.08,0.8686635944700462,15.25,14855393,154.4,8821696
Quebec,2023/8/1,"Forestry, fishing, mining, quarrying, oil and gas",47.5,37.6,41.17,0.791578947368421,15.25,14797177,155.4,8821696
Quebec,2023/9/1,"Forestry, fishing, mining, quarrying, oil and gas",42.1,35.3,37.92,0.8384798099762469,15.25,14947024,155.4,8821696
Quebec,2023/10/1,"Forestry, fishing, mining, quarrying, oil and gas",44,35.7,39.89,0.8113636363636364,15.25,14989091,155.4,8882501
Quebec,2023/11/1,"Forestry, fishing, mining, quarrying, oil and gas",36.1,27.3,40.94,0.7562326869806094,15.25,14947378,155.5,8882501
Quebec,2023/12/1,"Forestry, fishing, mining, quarrying, oil and gas",38.6,30.8,42.7,0.7979274611398963,15.25,14773279,155,8882501
Quebec,2024/1/1,"Forestry, fishing, mining, quarrying, oil and gas",40.8,31.9,43.04,0.7818627450980392,15.25,14778250,154.8,8909038
Quebec,2024/2/1,"Forestry, fishing, mining, quarrying, oil and gas",43.8,34.5,39.97,0.7876712328767124,15.25,14802352,155.5,8909038
Quebec,2024/3/1,"Forestry, fishing, mining, quarrying, oil and gas",41.8,34,45.01,0.8133971291866029,15.25,14786877,156.7,8909038
Quebec,2024/4/1,"Forestry, fishing, mining, quarrying, oil and gas",39.5,35.4,42.91,0.8962025316455696,15.25,15009915,157,8945468
Quebec,2024/5/1,"Forestry, fishing, mining, quarrying, oil and gas",41.2,37.3,43.64,0.9053398058252424,15.75,14812545,158.2,8945468
Quebec,2024/6/1,"Forestry, fishing, mining, quarrying, oil and gas",45.6,40.3,40.09,0.8837719298245613,15.75,14784594,157.5,8945468
Quebec,2024/7/1,"Forestry, fishing, mining, quarrying, oil and gas",42.1,37.2,42.91,0.8836104513064134,15.75,15035641,157.9,8995474
Quebec,2024/8/1,"Forestry, fishing, mining, quarrying, oil and gas",41.7,38.7,42.06,0.9280575539568344,15.75,15118060,157.7,8995474
Quebec,2024/9/1,"Forestry, fishing, mining, quarrying, oil and gas",37.1,34.9,43.26,0.9407008086253368,15.75,15192136,157.4,8995474
Quebec,2024/10/1,"Forestry, fishing, mining, quarrying, oil and gas",36.8,32.3,44.15,0.8777173913043478,15.75,15327795,157.9,9038268
Quebec,2024/11/1,"Forestry, fishing, mining, quarrying, oil and gas",37.1,31.2,45.48,0.8409703504043127,15.75,15302483,157.8,9038268
Quebec,2024/12/1,"Forestry, fishing, mining, quarrying, oil and gas",36.3,30.9,46.5,0.8512396694214877,15.75,15846569,157.5,9038268
Quebec,2025/1/1,"Forestry, fishing, mining, quarrying, oil and gas",33,26.9,48.02,0.8151515151515151,15.75,15417535,157.6,9043463
Quebec,2025/2/1,"Forestry, fishing, mining, quarrying, oil and gas",36.7,29.2,46.48,0.7956403269754767,15.75,15225881,158.6,9043463
Quebec,2025/3/1,"Forestry, fishing, mining, quarrying, oil and gas",36,28.6,42.08,0.7944444444444445,15.75,15450837,159.7,9043463
Quebec,2025/4/1,"Forestry, fishing, mining, quarrying, oil and gas",36.6,29.3,42.81,0.8005464480874317,15.75,15527303,160.4,9041123
Quebec,2025/5/1,"Forestry, fishing, mining, quarrying, oil and gas",36.9,33.8,36.59,0.9159891598915988,16.1,15493907,160.9,9041123
Quebec,2025/6/1,"Forestry, fishing, mining, quarrying, oil and gas",38.9,35.3,37.2,0.9074550128534704,16.1,15511370,161,9041123
Quebec,2025/7/1,"Forestry, fishing, mining, quarrying, oil and gas",44.5,40.3,38.16,0.9056179775280898,16.1,15576628,161.6,9058297
Quebec,2025/8/1,"Forestry, fishing, mining, quarrying, oil and gas",47.6,43.1,42.69,0.9054621848739496,16.1,15852022,161.9,9058297
Quebec,2025/9/1,"Forestry, fishing, mining, quarrying, oil and gas",45.2,41.1,47.26,0.90929203539823,16.1,,162.6,9058297
Quebec,2022/1/1,Goods-producing sector,,,,,13.5,,,
Quebec,2022/2/1,Goods-producing sector,,,,,13.5,,,
Quebec,2022/3/1,Goods-producing sector,,,,,13.5,,,
Quebec,2022/4/1,Goods-producing sector,,,,,13.5,,,
Quebec,2022/5/1,Goods-producing sector,,,,,14.25,,,
Quebec,2022/6/1,Goods-producing sector,,,,,14.25,,,
Quebec,2022/7/1,Goods-producing sector,,,,,14.25,,,
Quebec,2022/8/1,Goods-producing sector,,,,,14.25,,,
Quebec,2022/9/1,Goods-producing sector,,,,,14.25,,,
Quebec,2022/10/1,Goods-producing sector,,,,,14.25,,,
Quebec,2022/11/1,Goods-producing sector,,,,,14.25,,,
Quebec,2022/12/1,Goods-producing sector,,,,,14.25,,,
Quebec,2023/1/1,Goods-producing sector,966.4,815.4,34.19,0.84375,14.25,14649667,149.9,8742975
Quebec,2023/2/1,Goods-producing sector,963.3,828.2,34.86,0.8597529326274267,14.25,14751498,150.6,8742975
Quebec,2023/3/1,Goods-producing sector,959.2,829.9,34.28,0.8652001668056714,14.25,14668826,151.3,8742975
Quebec,2023/4/1,Goods-producing sector,971.4,830.4,34.7,0.8548486720197653,14.25,14611776,152.5,8772140
Quebec,2023/5/1,Goods-producing sector,997.9,868.5,34.36,0.8703276881451047,15.25,14400285,153.5,8772140
Quebec,2023/6/1,Goods-producing sector,1017.3,885,33.92,0.8699498672957829,15.25,14688951,154.1,8772140
Quebec,2023/7/1,Goods-producing sector,1020.3,894.9,33.83,0.8770949720670391,15.25,14855393,154.4,8821696
Quebec,2023/8/1,Goods-producing sector,1007.5,870.8,34.11,0.8643176178660049,15.25,14797177,155.4,8821696
Quebec,2023/9/1,Goods-producing sector,998.5,868.9,34.49,0.8702053079619428,15.25,14947024,155.4,8821696
Quebec,2023/10/1,Goods-producing sector,989.8,854.3,34.84,0.863103657304506,15.25,14989091,155.4,8882501
Quebec,2023/11/1,Goods-producing sector,984.7,847,35.36,0.8601604549609018,15.25,14947378,155.5,8882501
Quebec,2023/12/1,Goods-producing sector,979.2,848,35.46,0.8660130718954248,15.25,14773279,155,8882501
Quebec,2024/1/1,Goods-producing sector,963.3,809.6,35.48,0.8404443060313507,15.25,14778250,154.8,8909038
Quebec,2024/2/1,Goods-producing sector,954.4,820.7,35.09,0.8599119865884326,15.25,14802352,155.5,8909038
Quebec,2024/3/1,Goods-producing sector,956.2,828.6,34.86,0.8665551139928885,15.25,14786877,156.7,8909038
Quebec,2024/4/1,Goods-producing sector,966.4,840,34.62,0.8692052980132451,15.25,15009915,157,8945468
Quebec,2024/5/1,Goods-producing sector,995.6,881.5,34.75,0.8853957412615509,15.75,14812545,158.2,8945468
Quebec,2024/6/1,Goods-producing sector,1004.7,890.3,34.92,0.8861351647257887,15.75,14784594,157.5,8945468
Quebec,2024/7/1,Goods-producing sector,1020.3,903.6,35.12,0.8856218759188474,15.75,15035641,157.9,8995474
Quebec,2024/8/1,Goods-producing sector,1023.2,902.5,35.29,0.8820367474589522,15.75,15118060,157.7,8995474
Quebec,2024/9/1,Goods-producing sector,1007.6,885,35.88,0.8783247320365224,15.75,15192136,157.4,8995474
Quebec,2024/10/1,Goods-producing sector,1006.8,874.3,36.06,0.8683949145808502,15.75,15327795,157.9,9038268
Quebec,2024/11/1,Goods-producing sector,994.7,868.1,35.94,0.8727254448577461,15.75,15302483,157.8,9038268
Quebec,2024/12/1,Goods-producing sector,983.8,852.8,36.16,0.8668428542386664,15.75,15846569,157.5,9038268
Quebec,2025/1/1,Goods-producing sector,986.8,837.3,36.66,0.8485002026753141,15.75,15417535,157.6,9043463
Quebec,2025/2/1,Goods-producing sector,976.2,838.6,36.85,0.8590452776070477,15.75,15225881,158.6,9043463
Quebec,2025/3/1,Goods-producing sector,980.9,832.5,36.47,0.8487103680293608,15.75,15450837,159.7,9043463
Quebec,2025/4/1,Goods-producing sector,972.7,842.5,36.91,0.8661457797882183,15.75,15527303,160.4,9041123
Quebec,2025/5/1,Goods-producing sector,979.9,856.2,36.63,0.8737626288396776,16.1,15493907,160.9,9041123
Quebec,2025/6/1,Goods-producing sector,999.9,884.1,36.44,0.8841884188418843,16.1,15511370,161,9041123
Quebec,2025/7/1,Goods-producing sector,1005.7,900.2,36.56,0.8950979417321269,16.1,15576628,161.6,9058297
Quebec,2025/8/1,Goods-producing sector,1019.6,911.2,37.13,0.8936837975676736,16.1,15852022,161.9,9058297
Quebec,2025/9/1,Goods-producing sector,1001.2,881.8,37.81,0.8807431082700758,16.1,,162.6,9058297
Quebec,2022/1/1,Health care and social assistance,,,,,13.5,,,
Quebec,2022/2/1,Health care and social assistance,,,,,13.5,,,
Quebec,2022/3/1,Health care and social assistance,,,,,13.5,,,
Quebec,2022/4/1,Health care and social assistance,,,,,13.5,,,
Quebec,2022/5/1,Health care and social assistance,,,,,14.25,,,
Quebec,2022/6/1,Health care and social assistance,,,,,14.25,,,
Quebec,2022/7/1,Health care and social assistance,,,,,14.25,,,
Quebec,2022/8/1,Health care and social assistance,,,,,14.25,,,
Quebec,2022/9/1,Health care and social assistance,,,,,14.25,,,
Quebec,2022/10/1,Health care and social assistance,,,,,14.25,,,
Quebec,2022/11/1,Health care and social assistance,,,,,14.25,,,
Quebec,2022/12/1,Health care and social assistance,,,,,14.25,,,
Quebec,2023/1/1,Health care and social assistance,622.7,541.4,30.37,0.8694395374979925,14.25,14649667,149.9,8742975
Quebec,2023/2/1,Health care and social assistance,616.2,542.1,29.4,0.879746835443038,14.25,14751498,150.6,8742975
Quebec,2023/3/1,Health care and social assistance,610,535.8,29.39,0.8783606557377048,14.25,14668826,151.3,8742975
Quebec,2023/4/1,Health care and social assistance,609.8,541.4,29.69,0.8878320760905215,14.25,14611776,152.5,8772140
Quebec,2023/5/1,Health care and social assistance,603.6,528.5,30.11,0.8755798542080848,15.25,14400285,153.5,8772140
Quebec,2023/6/1,Health care and social assistance,614.9,536.7,30.12,0.8728248495690357,15.25,14688951,154.1,8772140
Quebec,2023/7/1,Health care and social assistance,627.6,543.9,30.92,0.8666347992351816,15.25,14855393,154.4,8821696
Quebec,2023/8/1,Health care and social assistance,638.6,559.6,30.47,0.8762918885061071,15.25,14797177,155.4,8821696
Quebec,2023/9/1,Health care and social assistance,621.8,540.4,30.75,0.8690897394660663,15.25,14947024,155.4,8821696
Quebec,2023/10/1,Health care and social assistance,635.5,545,30.61,0.8575924468922108,15.25,14989091,155.4,8882501
Quebec,2023/11/1,Health care and social assistance,629.9,557.3,30.74,0.8847436100968408,15.25,14947378,155.5,8882501
Quebec,2023/12/1,Health care and social assistance,640.7,562.5,30.7,0.8779459965662556,15.25,14773279,155,8882501
Quebec,2024/1/1,Health care and social assistance,632.1,553.1,30.97,0.8750197753520013,15.25,14778250,154.8,8909038
Quebec,2024/2/1,Health care and social assistance,638.5,550.8,31.45,0.8626468285043069,15.25,14802352,155.5,8909038
Quebec,2024/3/1,Health care and social assistance,646.9,557.8,31.57,0.8622661926109135,15.25,14786877,156.7,8909038
Quebec,2024/4/1,Health care and social assistance,653.3,558.9,31.32,0.8555028317771315,15.25,15009915,157,8945468
Quebec,2024/5/1,Health care and social assistance,672.3,569.6,31.45,0.8472408151123011,15.75,14812545,158.2,8945468
Quebec,2024/6/1,Health care and social assistance,677.2,577.2,31.66,0.852333136444182,15.75,14784594,157.5,8945468
Quebec,2024/7/1,Health care and social assistance,681.4,591.1,32.17,0.8674787202817729,15.75,15035641,157.9,8995474
Quebec,2024/8/1,Health care and social assistance,698.7,606.4,31.27,0.8678975239730928,15.75,15118060,157.7,8995474
Quebec,2024/9/1,Health care and social assistance,683.3,598.5,31.12,0.8758963851895215,15.75,15192136,157.4,8995474
Quebec,2024/10/1,Health care and social assistance,683.4,599.2,31.13,0.8767925080479955,15.75,15327795,157.9,9038268
Quebec,2024/11/1,Health care and social assistance,688.5,608.7,32.14,0.8840958605664488,15.75,15302483,157.8,9038268
Quebec,2024/12/1,Health care and social assistance,692.9,604.7,32.01,0.872708904603839,15.75,15846569,157.5,9038268
Quebec,2025/1/1,Health care and social assistance,677.5,584.3,31.98,0.8624354243542435,15.75,15417535,157.6,9043463
Quebec,2025/2/1,Health care and social assistance,681.3,583.7,32.04,0.8567444591222664,15.75,15225881,158.6,9043463
Quebec,2025/3/1,Health care and social assistance,686.7,587.5,31.84,0.855540993155672,15.75,15450837,159.7,9043463
Quebec,2025/4/1,Health care and social assistance,684.6,584,31.95,0.8530528775927548,15.75,15527303,160.4,9041123
Quebec,2025/5/1,Health care and social assistance,683.1,592.8,32.42,0.8678085199824329,16.1,15493907,160.9,9041123
Quebec,2025/6/1,Health care and social assistance,696.1,606.3,31.78,0.8709955466168653,16.1,15511370,161,9041123
Quebec,2025/7/1,Health care and social assistance,686.2,601.9,31.72,0.877149519090644,16.1,15576628,161.6,9058297
Quebec,2025/8/1,Health care and social assistance,687.1,600.5,32.09,0.8739630330374035,16.1,15852022,161.9,9058297
Quebec,2025/9/1,Health care and social assistance,686,605,32.23,0.8819241982507289,16.1,,162.6,9058297
Quebec,2022/1/1,"Information, culture and recreation",,,,,13.5,,,
Quebec,2022/2/1,"Information, culture and recreation",,,,,13.5,,,
Quebec,2022/3/1,"Information, culture and recreation",,,,,13.5,,,
Quebec,2022/4/1,"Information, culture and recreation",,,,,13.5,,,
Quebec,2022/5/1,"Information, culture and recreation",,,,,14.25,,,
Quebec,2022/6/1,"Information, culture and recreation",,,,,14.25,,,
Quebec,2022/7/1,"Information, culture and recreation",,,,,14.25,,,
Quebec,2022/8/1,"Information, culture and recreation",,,,,14.25,,,
Quebec,2022/9/1,"Information, culture and recreation",,,,,14.25,,,
Quebec,2022/10/1,"Information, culture and recreation",,,,,14.25,,,
Quebec,2022/11/1,"Information, culture and recreation",,,,,14.25,,,
Quebec,2022/12/1,"Information, culture and recreation",,,,,14.25,,,
Quebec,2023/1/1,"Information, culture and recreation",206.8,170.5,31.18,0.8244680851063829,14.25,14649667,149.9,8742975
Quebec,2023/2/1,"Information, culture and recreation",205.9,176.8,31.94,0.8586692569208354,14.25,14751498,150.6,8742975
Quebec,2023/3/1,"Information, culture and recreation",205.9,172.7,31.51,0.8387566779990285,14.25,14668826,151.3,8742975
Quebec,2023/4/1,"Information, culture and recreation",211,172.3,32.24,0.8165876777251185,14.25,14611776,152.5,8772140
Quebec,2023/5/1,"Information, culture and recreation",227.2,183.8,32.93,0.8089788732394367,15.25,14400285,153.5,8772140
Quebec,2023/6/1,"Information, culture and recreation",234.6,186.6,31.88,0.7953964194373402,15.25,14688951,154.1,8772140
Quebec,2023/7/1,"Information, culture and recreation",255.9,212.1,29.61,0.8288393903868698,15.25,14855393,154.4,8821696
Quebec,2023/8/1,"Information, culture and recreation",244,198,30.22,0.8114754098360656,15.25,14797177,155.4,8821696
Quebec,2023/9/1,"Information, culture and recreation",213.2,177.6,31.29,0.8330206378986867,15.25,14947024,155.4,8821696
Quebec,2023/10/1,"Information, culture and recreation",218.1,175.6,30.85,0.8051352590554791,15.25,14989091,155.4,8882501
Quebec,2023/11/1,"Information, culture and recreation",217.7,174.3,30.28,0.8006430868167204,15.25,14947378,155.5,8882501
Quebec,2023/12/1,"Information, culture and recreation",216.5,170.4,29.48,0.787066974595843,15.25,14773279,155,8882501
Quebec,2024/1/1,"Information, culture and recreation",207.6,168.7,30.75,0.8126204238921002,15.25,14778250,154.8,8909038
Quebec,2024/2/1,"Information, culture and recreation",210.3,168.6,31.26,0.8017118402282453,15.25,14802352,155.5,8909038
Quebec,2024/3/1,"Information, culture and recreation",201.8,156,32.28,0.7730426164519326,15.25,14786877,156.7,8909038
Quebec,2024/4/1,"Information, culture and recreation",200.6,152.9,33.1,0.7622133599202393,15.25,15009915,157,8945468
Quebec,2024/5/1,"Information, culture and recreation",195,158.7,32.99,0.8138461538461538,15.75,14812545,158.2,8945468
Quebec,2024/6/1,"Information, culture and recreation",210.2,175.6,32.7,0.8353948620361561,15.75,14784594,157.5,8945468
Quebec,2024/7/1,"Information, culture and recreation",226.8,191.3,30.54,0.8434744268077602,15.75,15035641,157.9,8995474
Quebec,2024/8/1,"Information, culture and recreation",217.9,183.2,32.5,0.8407526388251491,15.75,15118060,157.7,8995474
Quebec,2024/9/1,"Information, culture and recreation",211.6,167.3,33.16,0.7906427221172023,15.75,15192136,157.4,8995474
Quebec,2024/10/1,"Information, culture and recreation",203.6,164.3,32.12,0.806974459724951,15.75,15327795,157.9,9038268
Quebec,2024/11/1,"Information, culture and recreation",197.3,156.5,32.63,0.7932083122149011,15.75,15302483,157.8,9038268
Quebec,2024/12/1,"Information, culture and recreation",186.6,143.7,32.73,0.770096463022508,15.75,15846569,157.5,9038268
Quebec,2025/1/1,"Information, culture and recreation",181.3,137.5,32.3,0.7584114726971869,15.75,15417535,157.6,9043463
Quebec,2025/2/1,"Information, culture and recreation",182.6,144.7,33.68,0.7924424972617743,15.75,15225881,158.6,9043463
Quebec,2025/3/1,"Information, culture and recreation",190.9,147.2,32.12,0.7710843373493975,15.75,15450837,159.7,9043463
Quebec,2025/4/1,"Information, culture and recreation",201.3,149.9,32.57,0.7446597118728266,15.75,15527303,160.4,9041123
Quebec,2025/5/1,"Information, culture and recreation",211,164.3,33.89,0.7786729857819906,16.1,15493907,160.9,9041123
Quebec,2025/6/1,"Information, culture and recreation",214.7,160.4,33.17,0.7470889613414067,16.1,15511370,161,9041123
Quebec,2025/7/1,"Information, culture and recreation",214.3,179.4,32.35,0.8371441903873075,16.1,15576628,161.6,9058297
Quebec,2025/8/1,"Information, culture and recreation",220.2,176.7,32.42,0.8024523160762943,16.1,15852022,161.9,9058297
Quebec,2025/9/1,"Information, culture and recreation",189.5,144.6,35.32,0.7630606860158311,16.1,,162.6,9058297
Quebec,2022/1/1,Manufacturing,,,,,13.5,,,
Quebec,2022/2/1,Manufacturing,,,,,13.5,,,
Quebec,2022/3/1,Manufacturing,,,,,13.5,,,
Quebec,2022/4/1,Manufacturing,,,,,13.5,,,
Quebec,2022/5/1,Manufacturing,,,,,14.25,,,
Quebec,2022/6/1,Manufacturing,,,,,14.25,,,
Quebec,2022/7/1,Manufacturing,,,,,14.25,,,
Quebec,2022/8/1,Manufacturing,,,,,14.25,,,
Quebec,2022/9/1,Manufacturing,,,,,14.25,,,
Quebec,2022/10/1,Manufacturing,,,,,14.25,,,
Quebec,2022/11/1,Manufacturing,,,,,14.25,,,
Quebec,2022/12/1,Manufacturing,,,,,14.25,,,
Quebec,2023/1/1,Manufacturing,504.8,476.6,32.19,0.944136291600634,14.25,14649667,149.9,8742975
Quebec,2023/2/1,Manufacturing,509,479.3,33.16,0.9416502946954812,14.25,14751498,150.6,8742975
Quebec,2023/3/1,Manufacturing,513.5,486.4,32.3,0.9472249269717624,14.25,14668826,151.3,8742975
Quebec,2023/4/1,Manufacturing,516.3,488.9,32.83,0.9469300794111952,14.25,14611776,152.5,8772140
Quebec,2023/5/1,Manufacturing,526.3,504.7,32.3,0.958958768763063,15.25,14400285,153.5,8772140
Quebec,2023/6/1,Manufacturing,541.7,519.2,31.95,0.9584640945172604,15.25,14688951,154.1,8772140
Quebec,2023/7/1,Manufacturing,546.8,520,31.93,0.9509875640087784,15.25,14855393,154.4,8821696
Quebec,2023/8/1,Manufacturing,532.9,495.9,32.34,0.9305685869769188,15.25,14797177,155.4,8821696
Quebec,2023/9/1,Manufacturing,530.7,497.9,33.28,0.9381948370077255,15.25,14947024,155.4,8821696
Quebec,2023/10/1,Manufacturing,511.7,479.5,33.84,0.9370725034199726,15.25,14989091,155.4,8882501
Quebec,2023/11/1,Manufacturing,522,488.2,34.56,0.935249042145594,15.25,14947378,155.5,8882501
Quebec,2023/12/1,Manufacturing,520.4,489,33.95,0.9396617986164488,15.25,14773279,155,8882501
Quebec,2024/1/1,Manufacturing,520.4,485.4,33.86,0.9327440430438124,15.25,14778250,154.8,8909038
Quebec,2024/2/1,Manufacturing,506,474.4,33.49,0.9375494071146244,15.25,14802352,155.5,8909038
Quebec,2024/3/1,Manufacturing,507.7,469.6,33.2,0.9249556824896592,15.25,14786877,156.7,8909038
Quebec,2024/4/1,Manufacturing,503.8,471.6,32.88,0.9360857483128224,15.25,15009915,157,8945468
Quebec,2024/5/1,Manufacturing,514.8,490.7,33.02,0.9531857031857032,15.75,14812545,158.2,8945468
Quebec,2024/6/1,Manufacturing,524.4,499.4,33.42,0.952326468344775,15.75,14784594,157.5,8945468
Quebec,2024/7/1,Manufacturing,528.9,506.9,33.52,0.9584042352051428,15.75,15035641,157.9,8995474
Quebec,2024/8/1,Manufacturing,533.3,505.8,33.76,0.9484342771423216,15.75,15118060,157.7,8995474
Quebec,2024/9/1,Manufacturing,517.5,487.7,34.54,0.942415458937198,15.75,15192136,157.4,8995474
Quebec,2024/10/1,Manufacturing,523.4,491.5,34.52,0.939052350019106,15.75,15327795,157.9,9038268
Quebec,2024/11/1,Manufacturing,520.8,494.3,34.49,0.9491167434715824,15.75,15302483,157.8,9038268
Quebec,2024/12/1,Manufacturing,520,484.2,34.66,0.931153846153846,15.75,15846569,157.5,9038268
Quebec,2025/1/1,Manufacturing,525.3,486.5,35.16,0.92613744526937,15.75,15417535,157.6,9043463
Quebec,2025/2/1,Manufacturing,516.7,487.1,35.18,0.9427133733307528,15.75,15225881,158.6,9043463
Quebec,2025/3/1,Manufacturing,520.5,486.7,35.45,0.9350624399615752,15.75,15450837,159.7,9043463
Quebec,2025/4/1,Manufacturing,510.4,482.7,35.76,0.9457288401253918,15.75,15527303,160.4,9041123
Quebec,2025/5/1,Manufacturing,514.4,482.3,35.23,0.937597200622084,16.1,15493907,160.9,9041123
Quebec,2025/6/1,Manufacturing,530.5,501.1,35.09,0.9445805843543827,16.1,15511370,161,9041123
Quebec,2025/7/1,Manufacturing,524.6,501.1,35.44,0.9552039649256576,16.1,15576628,161.6,9058297
Quebec,2025/8/1,Manufacturing,523.7,503.9,35.87,0.962192094710712,16.1,15852022,161.9,9058297
Quebec,2025/9/1,Manufacturing,513.7,488,36.41,0.9499708000778664,16.1,,162.6,9058297
Quebec,2022/1/1,Other services (except public administration),,,,,13.5,,,
Quebec,2022/2/1,Other services (except public administration),,,,,13.5,,,
Quebec,2022/3/1,Other services (except public administration),,,,,13.5,,,
Quebec,2022/4/1,Other services (except public administration),,,,,13.5,,,
Quebec,2022/5/1,Other services (except public administration),,,,,14.25,,,
Quebec,2022/6/1,Other services (except public administration),,,,,14.25,,,
Quebec,2022/7/1,Other services (except public administration),,,,,14.25,,,
Quebec,2022/8/1,Other services (except public administration),,,,,14.25,,,
Quebec,2022/9/1,Other services (except public administration),,,,,14.25,,,
Quebec,2022/10/1,Other services (except public administration),,,,,14.25,,,
Quebec,2022/11/1,Other services (except public administration),,,,,14.25,,,
Quebec,2022/12/1,Other services (except public administration),,,,,14.25,,,
Quebec,2023/1/1,Other services (except public administration),175.7,122.5,27.92,0.6972111553784861,14.25,14649667,149.9,8742975
Quebec,2023/2/1,Other services (except public administration),187.7,127.3,27.39,0.6782099094299414,14.25,14751498,150.6,8742975
Quebec,2023/3/1,Other services (except public administration),192.1,122.7,26.98,0.6387298282144717,14.25,14668826,151.3,8742975
Quebec,2023/4/1,Other services (except public administration),191,118.6,28.47,0.6209424083769634,14.25,14611776,152.5,8772140
Quebec,2023/5/1,Other services (except public administration),186.5,118.3,30.13,0.6343163538873995,15.25,14400285,153.5,8772140
Quebec,2023/6/1,Other services (except public administration),179,113.1,28.57,0.6318435754189944,15.25,14688951,154.1,8772140
Quebec,2023/7/1,Other services (except public administration),187.3,122.4,29.36,0.6534970635344367,15.25,14855393,154.4,8821696
Quebec,2023/8/1,Other services (except public administration),190.7,124.7,29.24,0.653906659674882,15.25,14797177,155.4,8821696
Quebec,2023/9/1,Other services (except public administration),185.4,123.2,29.08,0.6645091693635383,15.25,14947024,155.4,8821696
Quebec,2023/10/1,Other services (except public administration),187.9,123.3,28.41,0.6562001064395955,15.25,14989091,155.4,8882501
Quebec,2023/11/1,Other services (except public administration),186.2,120.1,28.16,0.6450053705692803,15.25,14947378,155.5,8882501
Quebec,2023/12/1,Other services (except public administration),189,124.5,28.42,0.6587301587301587,15.25,14773279,155,8882501
Quebec,2024/1/1,Other services (except public administration),180.1,117.8,28.78,0.6540810660744031,15.25,14778250,154.8,8909038
Quebec,2024/2/1,Other services (except public administration),188,124.3,28.4,0.6611702127659574,15.25,14802352,155.5,8909038
Quebec,2024/3/1,Other services (except public administration),191.2,124.2,27.43,0.6495815899581591,15.25,14786877,156.7,8909038
Quebec,2024/4/1,Other services (except public administration),184.8,125.1,27.67,0.6769480519480519,15.25,15009915,157,8945468
Quebec,2024/5/1,Other services (except public administration),187.2,125.8,28.61,0.6720085470085471,15.75,14812545,158.2,8945468
Quebec,2024/6/1,Other services (except public administration),186,125.2,28.8,0.6731182795698925,15.75,14784594,157.5,8945468
Quebec,2024/7/1,Other services (except public administration),195.6,129.3,29.78,0.6610429447852761,15.75,15035641,157.9,8995474
Quebec,2024/8/1,Other services (except public administration),183.3,126,30.56,0.6873977086743044,15.75,15118060,157.7,8995474
Quebec,2024/9/1,Other services (except public administration),180.9,127.4,31.81,0.7042564953012714,15.75,15192136,157.4,8995474
Quebec,2024/10/1,Other services (except public administration),182.2,128.4,31.42,0.7047200878155874,15.75,15327795,157.9,9038268
Quebec,2024/11/1,Other services (except public administration),188.5,136.7,30.84,0.7251989389920424,15.75,15302483,157.8,9038268
Quebec,2024/12/1,Other services (except public administration),181.8,131.3,31.92,0.7222222222222222,15.75,15846569,157.5,9038268
Quebec,2025/1/1,Other services (except public administration),183,130.1,30.13,0.7109289617486338,15.75,15417535,157.6,9043463
Quebec,2025/2/1,Other services (except public administration),178,124.5,30.3,0.699438202247191,15.75,15225881,158.6,9043463
Quebec,2025/3/1,Other services (except public administration),182.6,132.8,31.27,0.7272727272727274,15.75,15450837,159.7,9043463
Quebec,2025/4/1,Other services (except public administration),179.3,123.9,30.59,0.6910206358059119,15.75,15527303,160.4,9041123
Quebec,2025/5/1,Other services (except public administration),183,130.9,29.73,0.7153005464480875,16.1,15493907,160.9,9041123
Quebec,2025/6/1,Other services (except public administration),180.9,127.5,29.22,0.7048092868988391,16.1,15511370,161,9041123
Quebec,2025/7/1,Other services (except public administration),169.7,115,30.26,0.6776664702416029,16.1,15576628,161.6,9058297
Quebec,2025/8/1,Other services (except public administration),166.8,113.8,32.12,0.6822541966426858,16.1,15852022,161.9,9058297
Quebec,2025/9/1,Other services (except public administration),170.2,113.1,32.26,0.6645123384253819,16.1,,162.6,9058297
Quebec,2022/1/1,"Professional, scientific and technical services",,,,,13.5,,,
Quebec,2022/2/1,"Professional, scientific and technical services",,,,,13.5,,,
Quebec,2022/3/1,"Professional, scientific and technical services",,,,,13.5,,,
Quebec,2022/4/1,"Professional, scientific and technical services",,,,,13.5,,,
Quebec,2022/5/1,"Professional, scientific and technical services",,,,,14.25,,,
Quebec,2022/6/1,"Professional, scientific and technical services",,,,,14.25,,,
Quebec,2022/7/1,"Professional, scientific and technical services",,,,,14.25,,,
Quebec,2022/8/1,"Professional, scientific and technical services",,,,,14.25,,,
Quebec,2022/9/1,"Professional, scientific and technical services",,,,,14.25,,,
Quebec,2022/10/1,"Professional, scientific and technical services",,,,,14.25,,,
Quebec,2022/11/1,"Professional, scientific and technical services",,,,,14.25,,,
Quebec,2022/12/1,"Professional, scientific and technical services",,,,,14.25,,,
Quebec,2023/1/1,"Professional, scientific and technical services",383.4,284.9,40.95,0.7430881585811163,14.25,14649667,149.9,8742975
Quebec,2023/2/1,"Professional, scientific and technical services",375.7,291.8,40.26,0.7766835240883684,14.25,14751498,150.6,8742975
Quebec,2023/3/1,"Professional, scientific and technical services",388.9,299.3,39.71,0.7696065826690667,14.25,14668826,151.3,8742975
Quebec,2023/4/1,"Professional, scientific and technical services",385.1,295.7,39.43,0.7678525058426382,14.25,14611776,152.5,8772140
Quebec,2023/5/1,"Professional, scientific and technical services",397.1,296.9,39.22,0.7476706119365398,15.25,14400285,153.5,8772140
Quebec,2023/6/1,"Professional, scientific and technical services",390.6,311.6,39.63,0.7977470558115719,15.25,14688951,154.1,8772140
Quebec,2023/7/1,"Professional, scientific and technical services",385.9,301.9,39.34,0.7823270277273905,15.25,14855393,154.4,8821696
Quebec,2023/8/1,"Professional, scientific and technical services",395.9,314.2,40.81,0.7936347562515786,15.25,14797177,155.4,8821696
Quebec,2023/9/1,"Professional, scientific and technical services",384.4,307.2,40.22,0.7991675338189386,15.25,14947024,155.4,8821696
Quebec,2023/10/1,"Professional, scientific and technical services",380.9,306.6,40.79,0.8049356786558153,15.25,14989091,155.4,8882501
Quebec,2023/11/1,"Professional, scientific and technical services",387,312.4,40.75,0.8072351421188629,15.25,14947378,155.5,8882501
Quebec,2023/12/1,"Professional, scientific and technical services",391.7,311.4,41.31,0.7949961705386775,15.25,14773279,155,8882501
Quebec,2024/1/1,"Professional, scientific and technical services",389,308.7,40.92,0.7935732647814909,15.25,14778250,154.8,8909038
Quebec,2024/2/1,"Professional, scientific and technical services",399.5,307.1,41.77,0.7687108886107635,15.25,14802352,155.5,8909038
Quebec,2024/3/1,"Professional, scientific and technical services",400.2,307.4,42.68,0.7681159420289855,15.25,14786877,156.7,8909038
Quebec,2024/4/1,"Professional, scientific and technical services",396.7,311.8,43.46,0.7859843710612554,15.25,15009915,157,8945468
Quebec,2024/5/1,"Professional, scientific and technical services",396.2,300.5,43.95,0.7584553255931348,15.75,14812545,158.2,8945468
Quebec,2024/6/1,"Professional, scientific and technical services",399.5,304.3,43.37,0.7617021276595745,15.75,14784594,157.5,8945468
Quebec,2024/7/1,"Professional, scientific and technical services",406.9,308,44.47,0.7569427377734087,15.75,15035641,157.9,8995474
Quebec,2024/8/1,"Professional, scientific and technical services",412.5,309.1,43.89,0.7493333333333334,15.75,15118060,157.7,8995474
Quebec,2024/9/1,"Professional, scientific and technical services",399.8,295.4,42.42,0.7388694347173586,15.75,15192136,157.4,8995474
Quebec,2024/10/1,"Professional, scientific and technical services",412.2,302.4,43.41,0.7336244541484715,15.75,15327795,157.9,9038268
Quebec,2024/11/1,"Professional, scientific and technical services",417.1,306.4,42.78,0.7345960201390553,15.75,15302483,157.8,9038268
Quebec,2024/12/1,"Professional, scientific and technical services",410.3,311.5,43.33,0.7592005849378504,15.75,15846569,157.5,9038268
Quebec,2025/1/1,"Professional, scientific and technical services",402.5,294,45.2,0.7304347826086957,15.75,15417535,157.6,9043463
Quebec,2025/2/1,"Professional, scientific and technical services",402.7,302.6,43.89,0.7514278619319593,15.75,15225881,158.6,9043463
Quebec,2025/3/1,"Professional, scientific and technical services",414.2,310.9,44.57,0.7506035731530661,15.75,15450837,159.7,9043463
Quebec,2025/4/1,"Professional, scientific and technical services",400,298.2,43.92,0.7454999999999999,15.75,15527303,160.4,9041123
Quebec,2025/5/1,"Professional, scientific and technical services",403.7,302.5,44.92,0.7493188010899183,16.1,15493907,160.9,9041123
Quebec,2025/6/1,"Professional, scientific and technical services",416.6,308.7,43.94,0.7409985597695631,16.1,15511370,161,9041123
Quebec,2025/7/1,"Professional, scientific and technical services",408.7,312.1,44.16,0.7636408123317838,16.1,15576628,161.6,9058297
Quebec,2025/8/1,"Professional, scientific and technical services",398.5,300.7,43.79,0.7545796737766625,16.1,15852022,161.9,9058297
Quebec,2025/9/1,"Professional, scientific and technical services",397.8,293.9,45.06,0.7388134741075917,16.1,,162.6,9058297
Quebec,2022/1/1,Public administration,,,,,13.5,,,
Quebec,2022/2/1,Public administration,,,,,13.5,,,
Quebec,2022/3/1,Public administration,,,,,13.5,,,
Quebec,2022/4/1,Public administration,,,,,13.5,,,
Quebec,2022/5/1,Public administration,,,,,14.25,,,
Quebec,2022/6/1,Public administration,,,,,14.25,,,
Quebec,2022/7/1,Public administration,,,,,14.25,,,
Quebec,2022/8/1,Public administration,,,,,14.25,,,
Quebec,2022/9/1,Public administration,,,,,14.25,,,
Quebec,2022/10/1,Public administration,,,,,14.25,,,
Quebec,2022/11/1,Public administration,,,,,14.25,,,
Quebec,2022/12/1,Public administration,,,,,14.25,,,
Quebec,2023/1/1,Public administration,286.3,279.8,41.01,0.977296542088718,14.25,14649667,149.9,8742975
Quebec,2023/2/1,Public administration,286.1,280.9,40.79,0.9818245368752184,14.25,14751498,150.6,8742975
Quebec,2023/3/1,Public administration,289,285.6,40.53,0.9882352941176472,14.25,14668826,151.3,8742975
Quebec,2023/4/1,Public administration,283.2,277.8,40.81,0.9809322033898306,14.25,14611776,152.5,8772140
Quebec,2023/5/1,Public administration,292.1,290.6,40.31,0.9948647723382404,15.25,14400285,153.5,8772140
Quebec,2023/6/1,Public administration,291.6,290.9,41.37,0.9975994513031547,15.25,14688951,154.1,8772140
Quebec,2023/7/1,Public administration,292.5,291,39.46,0.9948717948717948,15.25,14855393,154.4,8821696
Quebec,2023/8/1,Public administration,292.8,290.4,39.93,0.9918032786885244,15.25,14797177,155.4,8821696
Quebec,2023/9/1,Public administration,300.2,296.3,40.86,0.9870086608927382,15.25,14947024,155.4,8821696
Quebec,2023/10/1,Public administration,295.3,292.3,42.66,0.989840839823908,15.25,14989091,155.4,8882501
Quebec,2023/11/1,Public administration,293,287.1,42.93,0.9798634812286692,15.25,14947378,155.5,8882501
Quebec,2023/12/1,Public administration,290.4,288,43.35,0.9917355371900828,15.25,14773279,155,8882501
Quebec,2024/1/1,Public administration,293.5,292.8,43.14,0.9976149914821124,15.25,14778250,154.8,8909038
Quebec,2024/2/1,Public administration,296.8,294.6,42.69,0.9925876010781672,15.25,14802352,155.5,8909038
Quebec,2024/3/1,Public administration,297,294.1,43.78,0.9902356902356904,15.25,14786877,156.7,8909038
Quebec,2024/4/1,Public administration,295.2,290.7,43.43,0.9847560975609756,15.25,15009915,157,8945468
Quebec,2024/5/1,Public administration,292.5,290.3,42.61,0.9924786324786324,15.75,14812545,158.2,8945468
Quebec,2024/6/1,Public administration,298.4,294.8,41.43,0.9879356568364612,15.75,14784594,157.5,8945468
Quebec,2024/7/1,Public administration,305.2,303,41.49,0.9927916120576672,15.75,15035641,157.9,8995474
Quebec,2024/8/1,Public administration,300.6,298.2,41.97,0.9920159680638722,15.75,15118060,157.7,8995474
Quebec,2024/9/1,Public administration,290,284.6,42.74,0.9813793103448276,15.75,15192136,157.4,8995474
Quebec,2024/10/1,Public administration,289.5,285.5,41.31,0.9861830742659758,15.75,15327795,157.9,9038268
Quebec,2024/11/1,Public administration,291.5,286.6,42.46,0.9831903945111492,15.75,15302483,157.8,9038268
Quebec,2024/12/1,Public administration,287,283.8,41.78,0.988850174216028,15.75,15846569,157.5,9038268
Quebec,2025/1/1,Public administration,290.6,283.4,42.23,0.975223675154852,15.75,15417535,157.6,9043463
Quebec,2025/2/1,Public administration,295.1,290.9,43.08,0.9857675364283291,15.75,15225881,158.6,9043463
Quebec,2025/3/1,Public administration,292.5,284.4,43.57,0.9723076923076922,15.75,15450837,159.7,9043463
Quebec,2025/4/1,Public administration,308,299.3,42.73,0.9717532467532468,15.75,15527303,160.4,9041123
Quebec,2025/5/1,Public administration,297,293.3,43.62,0.9875420875420876,16.1,15493907,160.9,9041123
Quebec,2025/6/1,Public administration,313.5,307.4,42.74,0.980542264752791,16.1,15511370,161,9041123
Quebec,2025/7/1,Public administration,307.3,301.1,43.73,0.9798242759518386,16.1,15576628,161.6,9058297
Quebec,2025/8/1,Public administration,312.9,306.1,43.82,0.9782678171939918,16.1,15852022,161.9,9058297
Quebec,2025/9/1,Public administration,308.7,302.5,43.79,0.9799157758341432,16.1,,162.6,9058297
Quebec,2022/1/1,Services-producing sector,,,,,13.5,,,
Quebec,2022/2/1,Services-producing sector,,,,,13.5,,,
Quebec,2022/3/1,Services-producing sector,,,,,13.5,,,
Quebec,2022/4/1,Services-producing sector,,,,,13.5,,,
Quebec,2022/5/1,Services-producing sector,,,,,14.25,,,
Quebec,2022/6/1,Services-producing sector,,,,,14.25,,,
Quebec,2022/7/1,Services-producing sector,,,,,14.25,,,
Quebec,2022/8/1,Services-producing sector,,,,,14.25,,,
Quebec,2022/9/1,Services-producing sector,,,,,14.25,,,
Quebec,2022/10/1,Services-producing sector,,,,,14.25,,,
Quebec,2022/11/1,Services-producing sector,,,,,14.25,,,
Quebec,2022/12/1,Services-producing sector,,,,,14.25,,,
Quebec,2023/1/1,Services-producing sector,3612.2,3114.1,31.75,0.8621061956702287,14.25,14649667,149.9,8742975
Quebec,2023/2/1,Services-producing sector,3602.1,3111.3,31.72,0.8637461480802866,14.25,14751498,150.6,8742975
Quebec,2023/3/1,Services-producing sector,3631.7,3122.6,31.54,0.8598177162210535,14.25,14668826,151.3,8742975
Quebec,2023/4/1,Services-producing sector,3621.5,3133.7,31.58,0.8653044318652492,14.25,14611776,152.5,8772140
Quebec,2023/5/1,Services-producing sector,3668.3,3173.5,31.66,0.8651146307553907,15.25,14400285,153.5,8772140
Quebec,2023/6/1,Services-producing sector,3703.2,3208.6,31.69,0.8664398358176713,15.25,14688951,154.1,8772140
Quebec,2023/7/1,Services-producing sector,3724.9,3188.1,31.3,0.85588874869124,15.25,14855393,154.4,8821696
Quebec,2023/8/1,Services-producing sector,3720.8,3172.4,31.72,0.8526123414319501,15.25,14797177,155.4,8821696
Quebec,2023/9/1,Services-producing sector,3702.6,3207.6,32.07,0.8663101604278075,15.25,14947024,155.4,8821696
Quebec,2023/10/1,Services-producing sector,3724,3197.2,32.2,0.8585392051557464,15.25,14989091,155.4,8882501
Quebec,2023/11/1,Services-producing sector,3711.4,3205.9,32.14,0.8637980276984426,15.25,14947378,155.5,8882501
Quebec,2023/12/1,Services-producing sector,3701,3192.5,32.37,0.8626047014320454,15.25,14773279,155,8882501
Quebec,2024/1/1,Services-producing sector,3673.4,3172.6,32.77,0.8636685359612348,15.25,14778250,154.8,8909038
Quebec,2024/2/1,Services-producing sector,3706.8,3174.6,33.02,0.8564260278407251,15.25,14802352,155.5,8909038
Quebec,2024/3/1,Services-producing sector,3707.7,3181,33.23,0.8579442781239044,15.25,14786877,156.7,8909038
Quebec,2024/4/1,Services-producing sector,3713.6,3182.9,33.41,0.8570928479103835,15.25,15009915,157,8945468
Quebec,2024/5/1,Services-producing sector,3757.7,3211.1,33.67,0.8545386805758842,15.75,14812545,158.2,8945468
Quebec,2024/6/1,Services-producing sector,3776.9,3223.2,33.43,0.853398289602584,15.75,14784594,157.5,8945468
Quebec,2024/7/1,Services-producing sector,3731.8,3180.9,33.41,0.8523768690712257,15.75,15035641,157.9,8995474
Quebec,2024/8/1,Services-producing sector,3766.5,3180.7,33.4,0.8444709942917827,15.75,15118060,157.7,8995474
Quebec,2024/9/1,Services-producing sector,3743.6,3215.4,33.77,0.858905866011326,15.75,15192136,157.4,8995474
Quebec,2024/10/1,Services-producing sector,3755.7,3222.4,33.66,0.858002502862316,15.75,15327795,157.9,9038268
Quebec,2024/11/1,Services-producing sector,3787.4,3248,33.6,0.8575803981623277,15.75,15302483,157.8,9038268
Quebec,2024/12/1,Services-producing sector,3790.7,3245.5,33.82,0.856174321365447,15.75,15846569,157.5,9038268
Quebec,2025/1/1,Services-producing sector,3762.4,3198.7,34.09,0.850175419944716,15.75,15417535,157.6,9043463
Quebec,2025/2/1,Services-producing sector,3772.1,3220.7,34.13,0.8538214787518889,15.75,15225881,158.6,9043463
Quebec,2025/3/1,Services-producing sector,3788,3234.7,34.04,0.8539334741288278,15.75,15450837,159.7,9043463
Quebec,2025/4/1,Services-producing sector,3815.8,3242.3,34.1,0.8497038628858955,15.75,15527303,160.4,9041123
Quebec,2025/5/1,Services-producing sector,3840.9,3308.8,34.29,0.8614647608633393,16.1,15493907,160.9,9041123
Quebec,2025/6/1,Services-producing sector,3892.3,3348.6,34.04,0.8603139531896308,16.1,15511370,161,9041123
Quebec,2025/7/1,Services-producing sector,3834.9,3288.5,34.29,0.8575191008892018,16.1,15576628,161.6,9058297
Quebec,2025/8/1,Services-producing sector,3845.7,3270.4,34.5,0.8504043477130302,16.1,15852022,161.9,9058297
Quebec,2025/9/1,Services-producing sector,3809.8,3268.3,34.94,0.8578665546747861,16.1,,162.6,9058297
Quebec,2022/1/1,"Total, all industries",,,,,13.5,,,
Quebec,2022/2/1,"Total, all industries",,,,,13.5,,,
Quebec,2022/3/1,"Total, all industries",,,,,13.5,,,
Quebec,2022/4/1,"Total, all industries",,,,,13.5,,,
Quebec,2022/5/1,"Total, all industries",,,,,14.25,,,
Quebec,2022/6/1,"Total, all industries",,,,,14.25,,,
Quebec,2022/7/1,"Total, all industries",,,,,14.25,,,
Quebec,2022/8/1,"Total, all industries",,,,,14.25,,,
Quebec,2022/9/1,"Total, all industries",,,,,14.25,,,
Quebec,2022/10/1,"Total, all industries",,,,,14.25,,,
Quebec,2022/11/1,"Total, all industries",,,,,14.25,,,
Quebec,2022/12/1,"Total, all industries",,,,,14.25,,,
Quebec,2023/1/1,"Total, all industries",4654.3,3929.4,32.25,0.8442515523279548,14.25,14649667,149.9,8742975
Quebec,2023/2/1,"Total, all industries",4632.8,3939.5,32.38,0.850349680538767,14.25,14751498,150.6,8742975
Quebec,2023/3/1,"Total, all industries",4657,3952.6,32.11,0.8487438264977453,14.25,14668826,151.3,8742975
Quebec,2023/4/1,"Total, all industries",4662.5,3964.1,32.23,0.8502091152815013,14.25,14611776,152.5,8772140
Quebec,2023/5/1,"Total, all industries",4732.1,4042.1,32.24,0.8541873586779652,15.25,14400285,153.5,8772140
Quebec,2023/6/1,"Total, all industries",4788.1,4093.6,32.17,0.854952904074685,15.25,14688951,154.1,8772140
Quebec,2023/7/1,"Total, all industries",4814.5,4083,31.86,0.8480631425900924,15.25,14855393,154.4,8821696
Quebec,2023/8/1,"Total, all industries",4798.2,4043.2,32.24,0.8426493268308949,15.25,14797177,155.4,8821696
Quebec,2023/9/1,"Total, all industries",4766.9,4076.6,32.59,0.8551889068367283,15.25,14947024,155.4,8821696
Quebec,2023/10/1,"Total, all industries",4783.8,4051.5,32.76,0.846920857895397,15.25,14989091,155.4,8882501
Quebec,2023/11/1,"Total, all industries",4773.6,4052.9,32.81,0.8490237975532092,15.25,14947378,155.5,8882501
Quebec,2023/12/1,"Total, all industries",4749.2,4040.5,33.02,0.8507748673460793,15.25,14773279,155,8882501
Quebec,2024/1/1,"Total, all industries",4714.7,3982.2,33.32,0.8446348654209176,15.25,14778250,154.8,8909038
Quebec,2024/2/1,"Total, all industries",4730.2,3995.3,33.44,0.8446365904190098,15.25,14802352,155.5,8909038
Quebec,2024/3/1,"Total, all industries",4741.4,4009.6,33.57,0.8456574007677058,15.25,14786877,156.7,8909038
Quebec,2024/4/1,"Total, all industries",4761.7,4022.8,33.67,0.8448243274460803,15.25,15009915,157,8945468
Quebec,2024/5/1,"Total, all industries",4827.7,4092.6,33.9,0.8477328748679496,15.75,14812545,158.2,8945468
Quebec,2024/6/1,"Total, all industries",4870.9,4113.6,33.76,0.8445256523435095,15.75,14784594,157.5,8945468
Quebec,2024/7/1,"Total, all industries",4860.1,4084.5,33.79,0.8404148062797061,15.75,15035641,157.9,8995474
Quebec,2024/8/1,"Total, all industries",4889.6,4083.2,33.82,0.8350785340314135,15.75,15118060,157.7,8995474
Quebec,2024/9/1,"Total, all industries",4844.1,4100.4,34.23,0.846473029045643,15.75,15192136,157.4,8995474
Quebec,2024/10/1,"Total, all industries",4870.7,4096.7,34.17,0.8410906029934095,15.75,15327795,157.9,9038268
Quebec,2024/11/1,"Total, all industries",4895,4116.1,34.1,0.8408784473953014,15.75,15302483,157.8,9038268
Quebec,2024/12/1,"Total, all industries",4865.4,4098.3,34.3,0.8423356764089285,15.75,15846569,157.5,9038268
Quebec,2025/1/1,"Total, all industries",4853.2,4036,34.63,0.8316162531937691,15.75,15417535,157.6,9043463
Quebec,2025/2/1,"Total, all industries",4848.1,4059.3,34.69,0.8372970854561581,15.75,15225881,158.6,9043463
Quebec,2025/3/1,"Total, all industries",4885.2,4067.2,34.54,0.8325554736755916,15.75,15450837,159.7,9043463
Quebec,2025/4/1,"Total, all industries",4916.8,4084.8,34.68,0.8307842499186463,15.75,15527303,160.4,9041123
Quebec,2025/5/1,"Total, all industries",4941.1,4165,34.77,0.8429297120074477,16.1,15493907,160.9,9041123
Quebec,2025/6/1,"Total, all industries",5031.2,4232.7,34.54,0.8412903482270632,16.1,15511370,161,9041123
Quebec,2025/7/1,"Total, all industries",4960.7,4188.7,34.78,0.8443768016610559,16.1,15576628,161.6,9058297
Quebec,2025/8/1,"Total, all industries",5000.3,4181.6,35.07,0.8362698238105714,16.1,15852022,161.9,9058297
Quebec,2025/9/1,"Total, all industries",4912.9,4150.1,35.55,0.844735288729671,16.1,,162.6,9058297
Quebec,2022/1/1,Transportation and warehousing,,,,,13.5,,,
Quebec,2022/2/1,Transportation and warehousing,,,,,13.5,,,
Quebec,2022/3/1,Transportation and warehousing,,,,,13.5,,,
Quebec,2022/4/1,Transportation and warehousing,,,,,13.5,,,
Quebec,2022/5/1,Transportation and warehousing,,,,,14.25,,,
Quebec,2022/6/1,Transportation and warehousing,,,,,14.25,,,
Quebec,2022/7/1,Transportation and warehousing,,,,,14.25,,,
Quebec,2022/8/1,Transportation and warehousing,,,,,14.25,,,
Quebec,2022/9/1,Transportation and warehousing,,,,,14.25,,,
Quebec,2022/10/1,Transportation and warehousing,,,,,14.25,,,
Quebec,2022/11/1,Transportation and warehousing,,,,,14.25,,,
Quebec,2022/12/1,Transportation and warehousing,,,,,14.25,,,
Quebec,2023/1/1,Transportation and warehousing,222,181.8,29.49,0.818918918918919,14.25,14649667,149.9,8742975
Quebec,2023/2/1,Transportation and warehousing,227.5,182.7,29.21,0.803076923076923,14.25,14751498,150.6,8742975
Quebec,2023/3/1,Transportation and warehousing,225.4,177.8,30.01,0.7888198757763976,14.25,14668826,151.3,8742975
Quebec,2023/4/1,Transportation and warehousing,223.4,179.2,30.19,0.802148612354521,14.25,14611776,152.5,8772140
Quebec,2023/5/1,Transportation and warehousing,229.7,192.1,29.8,0.8363082281236396,15.25,14400285,153.5,8772140
Quebec,2023/6/1,Transportation and warehousing,236,197.5,28.68,0.836864406779661,15.25,14688951,154.1,8772140
Quebec,2023/7/1,Transportation and warehousing,228.2,183.9,29.49,0.8058720420683612,15.25,14855393,154.4,8821696
Quebec,2023/8/1,Transportation and warehousing,224.8,178.5,31.1,0.7940391459074733,15.25,14797177,155.4,8821696
Quebec,2023/9/1,Transportation and warehousing,217.8,172.2,31.03,0.7906336088154269,15.25,14947024,155.4,8821696
Quebec,2023/10/1,Transportation and warehousing,217.7,173.3,30.42,0.7960496095544328,15.25,14989091,155.4,8882501
Quebec,2023/11/1,Transportation and warehousing,220.3,177.9,29.79,0.8075351793009532,15.25,14947378,155.5,8882501
Quebec,2023/12/1,Transportation and warehousing,222.7,183.8,30.86,0.8253255500673553,15.25,14773279,155,8882501
Quebec,2024/1/1,Transportation and warehousing,231.1,192.3,30.91,0.8321073128515795,15.25,14778250,154.8,8909038
Quebec,2024/2/1,Transportation and warehousing,239.7,200.2,30.96,0.8352106800166875,15.25,14802352,155.5,8909038
Quebec,2024/3/1,Transportation and warehousing,235,192.7,31.19,0.82,15.25,14786877,156.7,8909038
Quebec,2024/4/1,Transportation and warehousing,230.8,191.2,30.66,0.8284228769497399,15.25,15009915,157,8945468
Quebec,2024/5/1,Transportation and warehousing,231.6,185.8,31.64,0.802245250431779,15.75,14812545,158.2,8945468
Quebec,2024/6/1,Transportation and warehousing,232.5,183,31.74,0.7870967741935484,15.75,14784594,157.5,8945468
Quebec,2024/7/1,Transportation and warehousing,234.4,182.6,30.89,0.7790102389078498,15.75,15035641,157.9,8995474
Quebec,2024/8/1,Transportation and warehousing,232.8,177.3,31.44,0.7615979381443299,15.75,15118060,157.7,8995474
Quebec,2024/9/1,Transportation and warehousing,233.6,188,32.59,0.8047945205479452,15.75,15192136,157.4,8995474
Quebec,2024/10/1,Transportation and warehousing,238.7,196.2,31.4,0.82195224130708,15.75,15327795,157.9,9038268
Quebec,2024/11/1,Transportation and warehousing,231,181.1,31.65,0.783982683982684,15.75,15302483,157.8,9038268
Quebec,2024/12/1,Transportation and warehousing,237.8,181.9,32.66,0.764928511354079,15.75,15846569,157.5,9038268
Quebec,2025/1/1,Transportation and warehousing,234,185.8,32.57,0.7940170940170941,15.75,15417535,157.6,9043463
Quebec,2025/2/1,Transportation and warehousing,225.9,183.3,31.37,0.8114209827357238,15.75,15225881,158.6,9043463
Quebec,2025/3/1,Transportation and warehousing,228.5,185.3,30.23,0.8109409190371992,15.75,15450837,159.7,9043463
Quebec,2025/4/1,Transportation and warehousing,241.2,187.3,30.7,0.7765339966832505,15.75,15527303,160.4,9041123
Quebec,2025/5/1,Transportation and warehousing,236.2,192.7,31.12,0.8158340389500424,16.1,15493907,160.9,9041123
Quebec,2025/6/1,Transportation and warehousing,236.7,199.7,30.44,0.8436839881706801,16.1,15511370,161,9041123
Quebec,2025/7/1,Transportation and warehousing,236,188.4,31.93,0.7983050847457628,16.1,15576628,161.6,9058297
Quebec,2025/8/1,Transportation and warehousing,229.4,188.4,31.39,0.8212728857890148,16.1,15852022,161.9,9058297
Quebec,2025/9/1,Transportation and warehousing,232.6,192.9,32.1,0.8293207222699914,16.1,,162.6,9058297
Quebec,2022/1/1,Utilities,,,,,13.5,,,
Quebec,2022/2/1,Utilities,,,,,13.5,,,
Quebec,2022/3/1,Utilities,,,,,13.5,,,
Quebec,2022/4/1,Utilities,,,,,13.5,,,
Quebec,2022/5/1,Utilities,,,,,14.25,,,
Quebec,2022/6/1,Utilities,,,,,14.25,,,
Quebec,2022/7/1,Utilities,,,,,14.25,,,
Quebec,2022/8/1,Utilities,,,,,14.25,,,
Quebec,2022/9/1,Utilities,,,,,14.25,,,
Quebec,2022/10/1,Utilities,,,,,14.25,,,
Quebec,2022/11/1,Utilities,,,,,14.25,,,
Quebec,2022/12/1,Utilities,,,,,14.25,,,
Quebec,2023/1/1,Utilities,32.8,32.7,53.18,0.9969512195121952,14.25,14649667,149.9,8742975
Quebec,2023/2/1,Utilities,35.1,34.5,50.23,0.9829059829059827,14.25,14751498,150.6,8742975
Quebec,2023/3/1,Utilities,33.4,33.1,52.3,0.9910179640718564,14.25,14668826,151.3,8742975
Quebec,2023/4/1,Utilities,34.6,34.1,52.89,0.9855491329479767,14.25,14611776,152.5,8772140
Quebec,2023/5/1,Utilities,32.2,32.1,51.22,0.996894409937888,15.25,14400285,153.5,8772140
Quebec,2023/6/1,Utilities,30.9,30.3,51.28,0.9805825242718448,15.25,14688951,154.1,8772140
Quebec,2023/7/1,Utilities,31.2,31,52.85,0.9935897435897436,15.25,14855393,154.4,8821696
Quebec,2023/8/1,Utilities,30.8,30.8,51.86,1,15.25,14797177,155.4,8821696
Quebec,2023/9/1,Utilities,29.7,29.7,51.39,1,15.25,14947024,155.4,8821696
Quebec,2023/10/1,Utilities,30,30,51.98,1,15.25,14989091,155.4,8882501
Quebec,2023/11/1,Utilities,29.7,29.7,52.7,1,15.25,14947378,155.5,8882501
Quebec,2023/12/1,Utilities,34,34,52.97,1,15.25,14773279,155,8882501
Quebec,2024/1/1,Utilities,33.2,33.2,52.32,1,15.25,14778250,154.8,8909038
Quebec,2024/2/1,Utilities,34.7,34.3,53.22,0.988472622478386,15.25,14802352,155.5,8909038
Quebec,2024/3/1,Utilities,35,34.7,52.19,0.9914285714285715,15.25,14786877,156.7,8909038
Quebec,2024/4/1,Utilities,33.8,33.2,50.01,0.9822485207100592,15.25,15009915,157,8945468
Quebec,2024/5/1,Utilities,33.7,33.6,51.73,0.9970326409495548,15.75,14812545,158.2,8945468
Quebec,2024/6/1,Utilities,29.5,29.4,56.55,0.9966101694915254,15.75,14784594,157.5,8945468
Quebec,2024/7/1,Utilities,28.9,28.5,53.76,0.986159169550173,15.75,15035641,157.9,8995474
Quebec,2024/8/1,Utilities,28.4,28.2,53.82,0.9929577464788732,15.75,15118060,157.7,8995474
Quebec,2024/9/1,Utilities,27.2,27.2,52.97,1,15.75,15192136,157.4,8995474
Quebec,2024/10/1,Utilities,27.5,27.5,52.66,1,15.75,15327795,157.9,9038268
Quebec,2024/11/1,Utilities,27.7,26.4,53.12,0.9530685920577616,15.75,15302483,157.8,9038268
Quebec,2024/12/1,Utilities,30,30,51.33,1,15.75,15846569,157.5,9038268
Quebec,2025/1/1,Utilities,29.7,28.7,56.95,0.9663299663299664,15.75,15417535,157.6,9043463
Quebec,2025/2/1,Utilities,30.9,29.5,56.26,0.9546925566343044,15.75,15225881,158.6,9043463
Quebec,2025/3/1,Utilities,30.4,30.1,55.47,0.9901315789473684,15.75,15450837,159.7,9043463
Quebec,2025/4/1,Utilities,29.4,29.2,53.74,0.9931972789115646,15.75,15527303,160.4,9041123
Quebec,2025/5/1,Utilities,34.5,34.3,56.43,0.9942028985507244,16.1,15493907,160.9,9041123
Quebec,2025/6/1,Utilities,33.6,33.2,55.14,0.988095238095238,16.1,15511370,161,9041123
Quebec,2025/7/1,Utilities,34.7,34.7,54.13,1,16.1,15576628,161.6,9058297
Quebec,2025/8/1,Utilities,34.2,34.2,53.26,1,16.1,15852022,161.9,9058297
Quebec,2025/9/1,Utilities,36.1,36,54.73,0.9972299168975068,16.1,,162.6,9058297
Quebec,2022/1/1,Wholesale and retail trade,,,,,13.5,,,
Quebec,2022/2/1,Wholesale and retail trade,,,,,13.5,,,
Quebec,2022/3/1,Wholesale and retail trade,,,,,13.5,,,
Quebec,2022/4/1,Wholesale and retail trade,,,,,13.5,,,
Quebec,2022/5/1,Wholesale and retail trade,,,,,14.25,,,
Quebec,2022/6/1,Wholesale and retail trade,,,,,14.25,,,
Quebec,2022/7/1,Wholesale and retail trade,,,,,14.25,,,
Quebec,2022/8/1,Wholesale and retail trade,,,,,14.25,,,
Quebec,2022/9/1,Wholesale and retail trade,,,,,14.25,,,
Quebec,2022/10/1,Wholesale and retail trade,,,,,14.25,,,
Quebec,2022/11/1,Wholesale and retail trade,,,,,14.25,,,
Quebec,2022/12/1,Wholesale and retail trade,,,,,14.25,,,
Quebec,2023/1/1,Wholesale and retail trade,665.3,612.4,25.18,0.9204869983466106,14.25,14649667,149.9,8742975
Quebec,2023/2/1,Wholesale and retail trade,660.9,596.4,25.44,0.902405810258738,14.25,14751498,150.6,8742975
Quebec,2023/3/1,Wholesale and retail trade,660.3,598.7,24.29,0.906709071634106,14.25,14668826,151.3,8742975
Quebec,2023/4/1,Wholesale and retail trade,671.4,613,24.8,0.9130175752159668,14.25,14611776,152.5,8772140
Quebec,2023/5/1,Wholesale and retail trade,685,624,24.63,0.910948905109489,15.25,14400285,153.5,8772140
Quebec,2023/6/1,Wholesale and retail trade,693.8,624.8,24.56,0.9005477082732776,15.25,14688951,154.1,8772140
Quebec,2023/7/1,Wholesale and retail trade,719.3,640.1,24.79,0.8898929514806062,15.25,14855393,154.4,8821696
Quebec,2023/8/1,Wholesale and retail trade,690.9,617.3,24.89,0.8934722825300333,15.25,14797177,155.4,8821696
Quebec,2023/9/1,Wholesale and retail trade,703.9,634.2,25.24,0.9009802528768291,15.25,14947024,155.4,8821696
Quebec,2023/10/1,Wholesale and retail trade,703.3,630.9,24.93,0.8970567325465663,15.25,14989091,155.4,8882501
Quebec,2023/11/1,Wholesale and retail trade,700.3,630,25,0.8996144509495931,15.25,14947378,155.5,8882501
Quebec,2023/12/1,Wholesale and retail trade,689,613.9,24.97,0.8910014513788098,15.25,14773279,155,8882501
Quebec,2024/1/1,Wholesale and retail trade,691.7,615.7,25.57,0.8901257770709845,15.25,14778250,154.8,8909038
Quebec,2024/2/1,Wholesale and retail trade,675.2,602.4,25.91,0.8921800947867298,15.25,14802352,155.5,8909038
Quebec,2024/3/1,Wholesale and retail trade,673.7,599.4,25.37,0.8897135223393201,15.25,14786877,156.7,8909038
Quebec,2024/4/1,Wholesale and retail trade,695,619.1,25.83,0.8907913669064749,15.25,15009915,157,8945468
Quebec,2024/5/1,Wholesale and retail trade,686.6,616.4,26.28,0.8977570637926011,15.75,14812545,158.2,8945468
Quebec,2024/6/1,Wholesale and retail trade,678.5,607.1,26.31,0.8947678703021371,15.75,14784594,157.5,8945468
Quebec,2024/7/1,Wholesale and retail trade,653.7,592.8,26.2,0.9068379990821476,15.75,15035641,157.9,8995474
Quebec,2024/8/1,Wholesale and retail trade,662.8,596.6,26.21,0.9001207000603502,15.75,15118060,157.7,8995474
Quebec,2024/9/1,Wholesale and retail trade,661.9,596.9,26.81,0.9017978546608248,15.75,15192136,157.4,8995474
Quebec,2024/10/1,Wholesale and retail trade,670.1,601.4,26.8,0.8974779883599462,15.75,15327795,157.9,9038268
Quebec,2024/11/1,Wholesale and retail trade,673.1,606,26.18,0.9003119893032239,15.75,15302483,157.8,9038268
Quebec,2024/12/1,Wholesale and retail trade,681.5,614.1,26,0.9011005135730008,15.75,15846569,157.5,9038268
Quebec,2025/1/1,Wholesale and retail trade,669.5,603.8,25.83,0.901867064973861,15.75,15417535,157.6,9043463
Quebec,2025/2/1,Wholesale and retail trade,695,613.5,25.74,0.8827338129496403,15.75,15225881,158.6,9043463
Quebec,2025/3/1,Wholesale and retail trade,669.1,597.4,25.36,0.8928411298759527,15.75,15450837,159.7,9043463
Quebec,2025/4/1,Wholesale and retail trade,665,604.1,26.04,0.908421052631579,15.75,15527303,160.4,9041123
Quebec,2025/5/1,Wholesale and retail trade,684.7,618,25.95,0.9025850737549292,16.1,15493907,160.9,9041123
Quebec,2025/6/1,Wholesale and retail trade,697.4,624,26.3,0.8947519357613996,16.1,15511370,161,9041123
Quebec,2025/7/1,Wholesale and retail trade,710.8,638.8,26.77,0.8987056837366347,16.1,15576628,161.6,9058297
Quebec,2025/8/1,Wholesale and retail trade,704.2,637.7,26.85,0.9055666003976144,16.1,15852022,161.9,9058297
Quebec,2025/9/1,Wholesale and retail trade,713,640.3,26.78,0.8980364656381487,16.1,,162.6,9058297
Saskatchewan,2022/1/1,Accommodation and food services,,,,,11.81,,,
Saskatchewan,2022/2/1,Accommodation and food services,,,,,11.81,,,
Saskatchewan,2022/3/1,Accommodation and food services,,,,,11.81,,,
Saskatchewan,2022/4/1,Accommodation and food services,,,,,11.81,,,
Saskatchewan,2022/5/1,Accommodation and food services,,,,,11.81,,,
Saskatchewan,2022/6/1,Accommodation and food services,,,,,11.81,,,
Saskatchewan,2022/7/1,Accommodation and food services,,,,,11.81,,,
Saskatchewan,2022/8/1,Accommodation and food services,,,,,11.81,,,
Saskatchewan,2022/9/1,Accommodation and food services,,,,,11.81,,,
Saskatchewan,2022/10/1,Accommodation and food services,,,,,13,,,
Saskatchewan,2022/11/1,Accommodation and food services,,,,,13,,,
Saskatchewan,2022/12/1,Accommodation and food services,,,,,13,,,
Saskatchewan,2023/1/1,Accommodation and food services,30.9,26.5,15.89,0.8576051779935275,13,2157348,156.7,1195840
Saskatchewan,2023/2/1,Accommodation and food services,32.2,28.3,16.21,0.8788819875776397,13,2035345,157.6,1195840
Saskatchewan,2023/3/1,Accommodation and food services,31.8,26.3,16.05,0.8270440251572327,13,2070385,158.8,1195840
Saskatchewan,2023/4/1,Accommodation and food services,31,26.5,15.99,0.8548387096774194,13,2050852,160.4,1201624
Saskatchewan,2023/5/1,Accommodation and food services,32.1,28.7,17.51,0.8940809968847352,13,2034091,160.4,1201624
Saskatchewan,2023/6/1,Accommodation and food services,34.5,29.4,16.34,0.8521739130434782,13,2082750,160.5,1201624
Saskatchewan,2023/7/1,Accommodation and food services,36.4,29.3,16.73,0.804945054945055,13,2060290,161.1,1210257
Saskatchewan,2023/8/1,Accommodation and food services,35.2,30.5,16.15,0.8664772727272727,13,2087323,161.6,1210257
Saskatchewan,2023/9/1,Accommodation and food services,31.8,27.9,16.28,0.8773584905660377,13,2146006,161.2,1210257
Saskatchewan,2023/10/1,Accommodation and food services,29.8,27.2,16.07,0.9127516778523488,13,2249660,160.6,1222152
Saskatchewan,2023/11/1,Accommodation and food services,31.6,28.6,16.28,0.9050632911392406,13,2097789,160.6,1222152
Saskatchewan,2023/12/1,Accommodation and food services,30.2,28.1,16.45,0.9304635761589404,13,2109309,159.9,1222152
Saskatchewan,2024/1/1,Accommodation and food services,30.6,28.5,17.15,0.9313725490196078,13,2084336,159.7,1230316
Saskatchewan,2024/2/1,Accommodation and food services,31.1,29.1,17.05,0.9356913183279744,13,2108113,160.3,1230316
Saskatchewan,2024/3/1,Accommodation and food services,31.2,29,17.02,0.9294871794871796,13,2056990,161.2,1230316
Saskatchewan,2024/4/1,Accommodation and food services,33.9,30.7,17.59,0.9056047197640118,13,2161211,162,1238591
Saskatchewan,2024/5/1,Accommodation and food services,35.1,32.4,17.35,0.923076923076923,13,2121984,162.8,1238591
Saskatchewan,2024/6/1,Accommodation and food services,35.6,32.8,17.36,0.9213483146067416,13,2107721,162.8,1238591
Saskatchewan,2024/7/1,Accommodation and food services,35.5,31.4,16.79,0.8845070422535211,13,2209739,163.6,1247868
Saskatchewan,2024/8/1,Accommodation and food services,33.5,28.4,18.47,0.8477611940298507,13,2154778,163.4,1247868
Saskatchewan,2024/9/1,Accommodation and food services,34.9,29.5,17.65,0.845272206303725,13,2161744,162.3,1247868
Saskatchewan,2024/10/1,Accommodation and food services,35.1,31.3,17.74,0.8917378917378918,15,2160792,163.1,1256983
Saskatchewan,2024/11/1,Accommodation and food services,33.7,30.5,17.25,0.9050445103857566,15,2169604,163.2,1256983
Saskatchewan,2024/12/1,Accommodation and food services,31.9,28.6,17.3,0.8965517241379312,15,2201418,162.8,1256983
Saskatchewan,2025/1/1,Accommodation and food services,31.9,27.8,17.69,0.871473354231975,15,2236200,163.5,1261524
Saskatchewan,2025/2/1,Accommodation and food services,32.5,29.5,17.62,0.9076923076923076,15,2235775,165.2,1261524
Saskatchewan,2025/3/1,Accommodation and food services,34,30.3,18.03,0.8911764705882353,15,2215667,165.2,1261524
Saskatchewan,2025/4/1,Accommodation and food services,33.7,30,17.66,0.890207715133531,15,2252227,165,1264537
Saskatchewan,2025/5/1,Accommodation and food services,35.2,31,17.77,0.8806818181818181,15,2238096,165.4,1264537
Saskatchewan,2025/6/1,Accommodation and food services,34.3,30.9,18.14,0.9008746355685132,15,2197669,165.5,1264537
Saskatchewan,2025/7/1,Accommodation and food services,35.4,32.4,18.04,0.9152542372881356,15,2196955,165.9,1266959
Saskatchewan,2025/8/1,Accommodation and food services,36.1,32.8,18.67,0.9085872576177284,15,2196049,166.2,1266959
Saskatchewan,2025/9/1,Accommodation and food services,34.9,30.2,18.36,0.8653295128939829,15,,166.5,1266959
Saskatchewan,2022/1/1,Agriculture,,,,,11.81,,,
Saskatchewan,2022/2/1,Agriculture,,,,,11.81,,,
Saskatchewan,2022/3/1,Agriculture,,,,,11.81,,,
Saskatchewan,2022/4/1,Agriculture,,,,,11.81,,,
Saskatchewan,2022/5/1,Agriculture,,,,,11.81,,,
Saskatchewan,2022/6/1,Agriculture,,,,,11.81,,,
Saskatchewan,2022/7/1,Agriculture,,,,,11.81,,,
Saskatchewan,2022/8/1,Agriculture,,,,,11.81,,,
Saskatchewan,2022/9/1,Agriculture,,,,,11.81,,,
Saskatchewan,2022/10/1,Agriculture,,,,,13,,,
Saskatchewan,2022/11/1,Agriculture,,,,,13,,,
Saskatchewan,2022/12/1,Agriculture,,,,,13,,,
Saskatchewan,2023/1/1,Agriculture,29.1,8.7,24.46,0.2989690721649484,13,2157348,156.7,1195840
Saskatchewan,2023/2/1,Agriculture,27.1,8.7,24.08,0.3210332103321033,13,2035345,157.6,1195840
Saskatchewan,2023/3/1,Agriculture,26.5,9.4,24.37,0.3547169811320755,13,2070385,158.8,1195840
Saskatchewan,2023/4/1,Agriculture,27.1,10.5,26.38,0.3874538745387453,13,2050852,160.4,1201624
Saskatchewan,2023/5/1,Agriculture,27.1,9.6,26.09,0.3542435424354243,13,2034091,160.4,1201624
Saskatchewan,2023/6/1,Agriculture,26,9.4,29.35,0.3615384615384615,13,2082750,160.5,1201624
Saskatchewan,2023/7/1,Agriculture,26.2,11,29.06,0.4198473282442748,13,2060290,161.1,1210257
Saskatchewan,2023/8/1,Agriculture,26.4,8.9,28.87,0.3371212121212121,13,2087323,161.6,1210257
Saskatchewan,2023/9/1,Agriculture,26.9,9.3,27.26,0.3457249070631971,13,2146006,161.2,1210257
Saskatchewan,2023/10/1,Agriculture,25.7,8.5,26.75,0.3307392996108949,13,2249660,160.6,1222152
Saskatchewan,2023/11/1,Agriculture,25.5,9.1,29.53,0.3568627450980392,13,2097789,160.6,1222152
Saskatchewan,2023/12/1,Agriculture,25.4,8.6,27.82,0.3385826771653543,13,2109309,159.9,1222152
Saskatchewan,2024/1/1,Agriculture,23.6,8,27.86,0.3389830508474576,13,2084336,159.7,1230316
Saskatchewan,2024/2/1,Agriculture,23.8,6.5,31.67,0.2731092436974789,13,2108113,160.3,1230316
Saskatchewan,2024/3/1,Agriculture,24.9,7.5,30.45,0.3012048192771084,13,2056990,161.2,1230316
Saskatchewan,2024/4/1,Agriculture,25.4,6,30.1,0.2362204724409449,13,2161211,162,1238591
Saskatchewan,2024/5/1,Agriculture,28.5,8.5,25.19,0.2982456140350877,13,2121984,162.8,1238591
Saskatchewan,2024/6/1,Agriculture,28.5,8.3,26.42,0.2912280701754386,13,2107721,162.8,1238591
Saskatchewan,2024/7/1,Agriculture,29.8,9.3,31.44,0.3120805369127516,13,2209739,163.6,1247868
Saskatchewan,2024/8/1,Agriculture,30.9,9.7,26.15,0.313915857605178,13,2154778,163.4,1247868
Saskatchewan,2024/9/1,Agriculture,31.3,11.1,27.28,0.3546325878594249,13,2161744,162.3,1247868
Saskatchewan,2024/10/1,Agriculture,30.7,12.3,28.67,0.4006514657980456,15,2160792,163.1,1256983
Saskatchewan,2024/11/1,Agriculture,27.1,10.2,29.4,0.3763837638376383,15,2169604,163.2,1256983
Saskatchewan,2024/12/1,Agriculture,27.6,8.7,28.82,0.3152173913043478,15,2201418,162.8,1256983
Saskatchewan,2025/1/1,Agriculture,27.3,10.3,28.84,0.3772893772893773,15,2236200,163.5,1261524
Saskatchewan,2025/2/1,Agriculture,27.3,9.3,29.21,0.3406593406593406,15,2235775,165.2,1261524
Saskatchewan,2025/3/1,Agriculture,26.1,8.9,27.89,0.3409961685823754,15,2215667,165.2,1261524
Saskatchewan,2025/4/1,Agriculture,28,9.4,26.02,0.3357142857142857,15,2252227,165,1264537
Saskatchewan,2025/5/1,Agriculture,30.7,11.8,26.96,0.3843648208469056,15,2238096,165.4,1264537
Saskatchewan,2025/6/1,Agriculture,29.5,9.5,26.5,0.3220338983050847,15,2197669,165.5,1264537
Saskatchewan,2025/7/1,Agriculture,30.8,9.8,26.82,0.3181818181818182,15,2196955,165.9,1266959
Saskatchewan,2025/8/1,Agriculture,31,11.3,28.73,0.3645161290322581,15,2196049,166.2,1266959
Saskatchewan,2025/9/1,Agriculture,31.5,10.8,28.94,0.3428571428571428,15,,166.5,1266959
Saskatchewan,2022/1/1,"Business, building and other support services",,,,,11.81,,,
Saskatchewan,2022/2/1,"Business, building and other support services",,,,,11.81,,,
Saskatchewan,2022/3/1,"Business, building and other support services",,,,,11.81,,,
Saskatchewan,2022/4/1,"Business, building and other support services",,,,,11.81,,,
Saskatchewan,2022/5/1,"Business, building and other support services",,,,,11.81,,,
Saskatchewan,2022/6/1,"Business, building and other support services",,,,,11.81,,,
Saskatchewan,2022/7/1,"Business, building and other support services",,,,,11.81,,,
Saskatchewan,2022/8/1,"Business, building and other support services",,,,,11.81,,,
Saskatchewan,2022/9/1,"Business, building and other support services",,,,,11.81,,,
Saskatchewan,2022/10/1,"Business, building and other support services",,,,,13,,,
Saskatchewan,2022/11/1,"Business, building and other support services",,,,,13,,,
Saskatchewan,2022/12/1,"Business, building and other support services",,,,,13,,,
Saskatchewan,2023/1/1,"Business, building and other support services",12.7,8.3,23.35,0.6535433070866142,13,2157348,156.7,1195840
Saskatchewan,2023/2/1,"Business, building and other support services",12.2,7.2,22.79,0.5901639344262296,13,2035345,157.6,1195840
Saskatchewan,2023/3/1,"Business, building and other support services",12.4,7.2,24.14,0.5806451612903226,13,2070385,158.8,1195840
Saskatchewan,2023/4/1,"Business, building and other support services",12.9,7.3,22.89,0.5658914728682171,13,2050852,160.4,1201624
Saskatchewan,2023/5/1,"Business, building and other support services",15.2,9.6,24.05,0.631578947368421,13,2034091,160.4,1201624
Saskatchewan,2023/6/1,"Business, building and other support services",15.2,9.3,22.93,0.611842105263158,13,2082750,160.5,1201624
Saskatchewan,2023/7/1,"Business, building and other support services",15.3,10.6,23.21,0.6928104575163399,13,2060290,161.1,1210257
Saskatchewan,2023/8/1,"Business, building and other support services",16.2,9.5,22.55,0.5864197530864198,13,2087323,161.6,1210257
Saskatchewan,2023/9/1,"Business, building and other support services",17.2,11,23.79,0.6395348837209303,13,2146006,161.2,1210257
Saskatchewan,2023/10/1,"Business, building and other support services",16.7,11.2,24.88,0.6706586826347305,13,2249660,160.6,1222152
Saskatchewan,2023/11/1,"Business, building and other support services",16.4,11.4,26.89,0.6951219512195123,13,2097789,160.6,1222152
Saskatchewan,2023/12/1,"Business, building and other support services",15.5,10.1,27.19,0.6516129032258065,13,2109309,159.9,1222152
Saskatchewan,2024/1/1,"Business, building and other support services",15.1,10.4,26.64,0.6887417218543047,13,2084336,159.7,1230316
Saskatchewan,2024/2/1,"Business, building and other support services",15.2,11.4,26.56,0.7500000000000001,13,2108113,160.3,1230316
Saskatchewan,2024/3/1,"Business, building and other support services",15.7,11.6,25.3,0.7388535031847134,13,2056990,161.2,1230316
Saskatchewan,2024/4/1,"Business, building and other support services",15.5,11.3,24.28,0.7290322580645162,13,2161211,162,1238591
Saskatchewan,2024/5/1,"Business, building and other support services",15.6,9.7,24.61,0.6217948717948718,13,2121984,162.8,1238591
Saskatchewan,2024/6/1,"Business, building and other support services",14.3,10.2,24.57,0.7132867132867132,13,2107721,162.8,1238591
Saskatchewan,2024/7/1,"Business, building and other support services",15.1,10.2,24.68,0.6754966887417219,13,2209739,163.6,1247868
Saskatchewan,2024/8/1,"Business, building and other support services",14.9,9,25.89,0.6040268456375839,13,2154778,163.4,1247868
Saskatchewan,2024/9/1,"Business, building and other support services",13,7.9,24.2,0.6076923076923078,13,2161744,162.3,1247868
Saskatchewan,2024/10/1,"Business, building and other support services",11.6,8.6,25.45,0.7413793103448276,15,2160792,163.1,1256983
Saskatchewan,2024/11/1,"Business, building and other support services",11.5,7.9,24.32,0.6869565217391305,15,2169604,163.2,1256983
Saskatchewan,2024/12/1,"Business, building and other support services",11.3,8.1,22.39,0.7168141592920353,15,2201418,162.8,1256983
Saskatchewan,2025/1/1,"Business, building and other support services",11.7,7.4,23.08,0.6324786324786326,15,2236200,163.5,1261524
Saskatchewan,2025/2/1,"Business, building and other support services",12.6,8.3,24.58,0.6587301587301588,15,2235775,165.2,1261524
Saskatchewan,2025/3/1,"Business, building and other support services",13.8,9.3,22.84,0.6739130434782609,15,2215667,165.2,1261524
Saskatchewan,2025/4/1,"Business, building and other support services",14.6,9.8,22.23,0.6712328767123288,15,2252227,165,1264537
Saskatchewan,2025/5/1,"Business, building and other support services",14.7,10.2,22.09,0.6938775510204082,15,2238096,165.4,1264537
Saskatchewan,2025/6/1,"Business, building and other support services",17.9,12.7,23.74,0.7094972067039106,15,2197669,165.5,1264537
Saskatchewan,2025/7/1,"Business, building and other support services",16.2,10.6,22.46,0.654320987654321,15,2196955,165.9,1266959
Saskatchewan,2025/8/1,"Business, building and other support services",15.4,10.3,23.81,0.6688311688311689,15,2196049,166.2,1266959
Saskatchewan,2025/9/1,"Business, building and other support services",14.8,9.4,24.39,0.6351351351351351,15,,166.5,1266959
Saskatchewan,2022/1/1,Construction,,,,,11.81,,,
Saskatchewan,2022/2/1,Construction,,,,,11.81,,,
Saskatchewan,2022/3/1,Construction,,,,,11.81,,,
Saskatchewan,2022/4/1,Construction,,,,,11.81,,,
Saskatchewan,2022/5/1,Construction,,,,,11.81,,,
Saskatchewan,2022/6/1,Construction,,,,,11.81,,,
Saskatchewan,2022/7/1,Construction,,,,,11.81,,,
Saskatchewan,2022/8/1,Construction,,,,,11.81,,,
Saskatchewan,2022/9/1,Construction,,,,,11.81,,,
Saskatchewan,2022/10/1,Construction,,,,,13,,,
Saskatchewan,2022/11/1,Construction,,,,,13,,,
Saskatchewan,2022/12/1,Construction,,,,,13,,,
Saskatchewan,2023/1/1,Construction,43.8,30.2,32.38,0.6894977168949772,13,2157348,156.7,1195840
Saskatchewan,2023/2/1,Construction,43,29.3,31.63,0.6813953488372093,13,2035345,157.6,1195840
Saskatchewan,2023/3/1,Construction,43.7,30.1,32.19,0.6887871853546911,13,2070385,158.8,1195840
Saskatchewan,2023/4/1,Construction,43.4,29.6,32.55,0.6820276497695853,13,2050852,160.4,1201624
Saskatchewan,2023/5/1,Construction,45.2,33.7,31.56,0.745575221238938,13,2034091,160.4,1201624
Saskatchewan,2023/6/1,Construction,46.5,35.1,31.6,0.7548387096774194,13,2082750,160.5,1201624
Saskatchewan,2023/7/1,Construction,47,35.4,31.55,0.7531914893617021,13,2060290,161.1,1210257
Saskatchewan,2023/8/1,Construction,48.2,36,33.11,0.7468879668049793,13,2087323,161.6,1210257
Saskatchewan,2023/9/1,Construction,45.4,35.2,33.77,0.7753303964757711,13,2146006,161.2,1210257
Saskatchewan,2023/10/1,Construction,45.8,35.4,32.68,0.7729257641921398,13,2249660,160.6,1222152
Saskatchewan,2023/11/1,Construction,46.3,33.7,34.17,0.7278617710583154,13,2097789,160.6,1222152
Saskatchewan,2023/12/1,Construction,45.4,30.9,34.9,0.6806167400881057,13,2109309,159.9,1222152
Saskatchewan,2024/1/1,Construction,42.5,28.5,35.18,0.6705882352941176,13,2084336,159.7,1230316
Saskatchewan,2024/2/1,Construction,43,29.4,34,0.6837209302325581,13,2108113,160.3,1230316
Saskatchewan,2024/3/1,Construction,42.6,26,35.92,0.6103286384976525,13,2056990,161.2,1230316
Saskatchewan,2024/4/1,Construction,44,30.5,35.5,0.6931818181818182,13,2161211,162,1238591
Saskatchewan,2024/5/1,Construction,46.8,32.6,35.3,0.6965811965811967,13,2121984,162.8,1238591
Saskatchewan,2024/6/1,Construction,47.8,33.8,34.1,0.7071129707112971,13,2107721,162.8,1238591
Saskatchewan,2024/7/1,Construction,47.1,33.1,35.68,0.70276008492569,13,2209739,163.6,1247868
Saskatchewan,2024/8/1,Construction,47.4,34.7,33.44,0.7320675105485233,13,2154778,163.4,1247868
Saskatchewan,2024/9/1,Construction,47.3,35.7,32.77,0.7547568710359409,13,2161744,162.3,1247868
Saskatchewan,2024/10/1,Construction,46.8,36.5,33.19,0.7799145299145299,15,2160792,163.1,1256983
Saskatchewan,2024/11/1,Construction,48.7,36.1,32.92,0.7412731006160164,15,2169604,163.2,1256983
Saskatchewan,2024/12/1,Construction,51,34.9,35.19,0.6843137254901961,15,2201418,162.8,1256983
Saskatchewan,2025/1/1,Construction,48.8,33,34.35,0.6762295081967213,15,2236200,163.5,1261524
Saskatchewan,2025/2/1,Construction,48,31.5,33.06,0.65625,15,2235775,165.2,1261524
Saskatchewan,2025/3/1,Construction,49.7,32.4,33.18,0.6519114688128772,15,2215667,165.2,1261524
Saskatchewan,2025/4/1,Construction,48.3,31.1,33.22,0.6438923395445135,15,2252227,165,1264537
Saskatchewan,2025/5/1,Construction,52.3,38.5,32.67,0.7361376673040153,15,2238096,165.4,1264537
Saskatchewan,2025/6/1,Construction,52.6,39.3,32.07,0.7471482889733839,15,2197669,165.5,1264537
Saskatchewan,2025/7/1,Construction,53.4,38.4,32.07,0.7191011235955056,15,2196955,165.9,1266959
Saskatchewan,2025/8/1,Construction,52.2,38.1,31.84,0.7298850574712643,15,2196049,166.2,1266959
Saskatchewan,2025/9/1,Construction,51,37.4,32.86,0.7333333333333333,15,,166.5,1266959
Saskatchewan,2022/1/1,Educational services,,,,,11.81,,,
Saskatchewan,2022/2/1,Educational services,,,,,11.81,,,
Saskatchewan,2022/3/1,Educational services,,,,,11.81,,,
Saskatchewan,2022/4/1,Educational services,,,,,11.81,,,
Saskatchewan,2022/5/1,Educational services,,,,,11.81,,,
Saskatchewan,2022/6/1,Educational services,,,,,11.81,,,
Saskatchewan,2022/7/1,Educational services,,,,,11.81,,,
Saskatchewan,2022/8/1,Educational services,,,,,11.81,,,
Saskatchewan,2022/9/1,Educational services,,,,,11.81,,,
Saskatchewan,2022/10/1,Educational services,,,,,13,,,
Saskatchewan,2022/11/1,Educational services,,,,,13,,,
Saskatchewan,2022/12/1,Educational services,,,,,13,,,
Saskatchewan,2023/1/1,Educational services,53.7,50.9,35.28,0.9478584729981376,13,2157348,156.7,1195840
Saskatchewan,2023/2/1,Educational services,54.4,51,35.25,0.9375,13,2035345,157.6,1195840
Saskatchewan,2023/3/1,Educational services,52.2,49.1,35.35,0.9406130268199232,13,2070385,158.8,1195840
Saskatchewan,2023/4/1,Educational services,52.2,48.1,36.92,0.921455938697318,13,2050852,160.4,1201624
Saskatchewan,2023/5/1,Educational services,51.3,47.8,37.02,0.9317738791423,13,2034091,160.4,1201624
Saskatchewan,2023/6/1,Educational services,52.4,49.6,37.65,0.9465648854961832,13,2082750,160.5,1201624
Saskatchewan,2023/7/1,Educational services,42.7,37.2,38.97,0.8711943793911007,13,2060290,161.1,1210257
Saskatchewan,2023/8/1,Educational services,47.9,36.8,39.74,0.7682672233820459,13,2087323,161.6,1210257
Saskatchewan,2023/9/1,Educational services,57.2,54.1,38.27,0.9458041958041958,13,2146006,161.2,1210257
Saskatchewan,2023/10/1,Educational services,59.5,57.2,37.05,0.961344537815126,13,2249660,160.6,1222152
Saskatchewan,2023/11/1,Educational services,57.9,56.4,35.48,0.9740932642487048,13,2097789,160.6,1222152
Saskatchewan,2023/12/1,Educational services,58,56.2,35.87,0.9689655172413794,13,2109309,159.9,1222152
Saskatchewan,2024/1/1,Educational services,57.5,55.7,36.84,0.9686956521739132,13,2084336,159.7,1230316
Saskatchewan,2024/2/1,Educational services,56.5,55.1,36.31,0.9752212389380532,13,2108113,160.3,1230316
Saskatchewan,2024/3/1,Educational services,56.9,54.1,35.81,0.9507908611599296,13,2056990,161.2,1230316
Saskatchewan,2024/4/1,Educational services,58.3,54.2,37.16,0.9296740994854203,13,2161211,162,1238591
Saskatchewan,2024/5/1,Educational services,57.8,53.5,36.11,0.92560553633218,13,2121984,162.8,1238591
Saskatchewan,2024/6/1,Educational services,58.9,54.5,37.98,0.9252971137521224,13,2107721,162.8,1238591
Saskatchewan,2024/7/1,Educational services,50.5,43.1,40.1,0.8534653465346534,13,2209739,163.6,1247868
Saskatchewan,2024/8/1,Educational services,53.3,43.7,40.33,0.8198874296435273,13,2154778,163.4,1247868
Saskatchewan,2024/9/1,Educational services,56.4,54.1,39.76,0.9592198581560284,13,2161744,162.3,1247868
Saskatchewan,2024/10/1,Educational services,59.1,57.1,38.81,0.9661590524534688,15,2160792,163.1,1256983
Saskatchewan,2024/11/1,Educational services,59.8,57.2,36.48,0.9565217391304348,15,2169604,163.2,1256983
Saskatchewan,2024/12/1,Educational services,60.9,59.2,38.19,0.9720853858784894,15,2201418,162.8,1256983
Saskatchewan,2025/1/1,Educational services,59.6,58.3,37.16,0.9781879194630873,15,2236200,163.5,1261524
Saskatchewan,2025/2/1,Educational services,60.7,58.2,37.05,0.9588138385502472,15,2235775,165.2,1261524
Saskatchewan,2025/3/1,Educational services,61.2,59.2,38.62,0.9673202614379084,15,2215667,165.2,1261524
Saskatchewan,2025/4/1,Educational services,58.5,55.6,37.41,0.9504273504273504,15,2252227,165,1264537
Saskatchewan,2025/5/1,Educational services,56.5,53.3,39.47,0.9433628318584072,15,2238096,165.4,1264537
Saskatchewan,2025/6/1,Educational services,56.7,54,37.6,0.9523809523809524,15,2197669,165.5,1264537
Saskatchewan,2025/7/1,Educational services,49.5,43,40.53,0.8686868686868687,15,2196955,165.9,1266959
Saskatchewan,2025/8/1,Educational services,53,44,40.1,0.8301886792452831,15,2196049,166.2,1266959
Saskatchewan,2025/9/1,Educational services,57.7,55.5,38.33,0.9618717504332756,15,,166.5,1266959
Saskatchewan,2022/1/1,"Finance, insurance, real estate, rental and leasing",,,,,11.81,,,
Saskatchewan,2022/2/1,"Finance, insurance, real estate, rental and leasing",,,,,11.81,,,
Saskatchewan,2022/3/1,"Finance, insurance, real estate, rental and leasing",,,,,11.81,,,
Saskatchewan,2022/4/1,"Finance, insurance, real estate, rental and leasing",,,,,11.81,,,
Saskatchewan,2022/5/1,"Finance, insurance, real estate, rental and leasing",,,,,11.81,,,
Saskatchewan,2022/6/1,"Finance, insurance, real estate, rental and leasing",,,,,11.81,,,
Saskatchewan,2022/7/1,"Finance, insurance, real estate, rental and leasing",,,,,11.81,,,
Saskatchewan,2022/8/1,"Finance, insurance, real estate, rental and leasing",,,,,11.81,,,
Saskatchewan,2022/9/1,"Finance, insurance, real estate, rental and leasing",,,,,11.81,,,
Saskatchewan,2022/10/1,"Finance, insurance, real estate, rental and leasing",,,,,13,,,
Saskatchewan,2022/11/1,"Finance, insurance, real estate, rental and leasing",,,,,13,,,
Saskatchewan,2022/12/1,"Finance, insurance, real estate, rental and leasing",,,,,13,,,
Saskatchewan,2023/1/1,"Finance, insurance, real estate, rental and leasing",30.6,23.6,34.26,0.7712418300653595,13,2157348,156.7,1195840
Saskatchewan,2023/2/1,"Finance, insurance, real estate, rental and leasing",29.7,23.7,34.1,0.797979797979798,13,2035345,157.6,1195840
Saskatchewan,2023/3/1,"Finance, insurance, real estate, rental and leasing",31.5,25.8,35.52,0.819047619047619,13,2070385,158.8,1195840
Saskatchewan,2023/4/1,"Finance, insurance, real estate, rental and leasing",30,23.2,38.29,0.7733333333333333,13,2050852,160.4,1201624
Saskatchewan,2023/5/1,"Finance, insurance, real estate, rental and leasing",30.3,23.4,35.43,0.7722772277227722,13,2034091,160.4,1201624
Saskatchewan,2023/6/1,"Finance, insurance, real estate, rental and leasing",30.1,25.3,37.59,0.840531561461794,13,2082750,160.5,1201624
Saskatchewan,2023/7/1,"Finance, insurance, real estate, rental and leasing",32.8,27.2,36.23,0.8292682926829269,13,2060290,161.1,1210257
Saskatchewan,2023/8/1,"Finance, insurance, real estate, rental and leasing",31.3,27,35.95,0.8626198083067093,13,2087323,161.6,1210257
Saskatchewan,2023/9/1,"Finance, insurance, real estate, rental and leasing",27.8,23.7,37.13,0.8525179856115107,13,2146006,161.2,1210257
Saskatchewan,2023/10/1,"Finance, insurance, real estate, rental and leasing",28.1,24.4,36.57,0.8683274021352312,13,2249660,160.6,1222152
Saskatchewan,2023/11/1,"Finance, insurance, real estate, rental and leasing",28.3,23.8,37.79,0.8409893992932862,13,2097789,160.6,1222152
Saskatchewan,2023/12/1,"Finance, insurance, real estate, rental and leasing",28.3,22.2,36.56,0.7844522968197879,13,2109309,159.9,1222152
Saskatchewan,2024/1/1,"Finance, insurance, real estate, rental and leasing",29.6,24.6,39.28,0.8310810810810811,13,2084336,159.7,1230316
Saskatchewan,2024/2/1,"Finance, insurance, real estate, rental and leasing",29.5,24.1,36.88,0.8169491525423729,13,2108113,160.3,1230316
Saskatchewan,2024/3/1,"Finance, insurance, real estate, rental and leasing",27.8,22.6,37.51,0.8129496402877698,13,2056990,161.2,1230316
Saskatchewan,2024/4/1,"Finance, insurance, real estate, rental and leasing",29,24.4,37.85,0.8413793103448275,13,2161211,162,1238591
Saskatchewan,2024/5/1,"Finance, insurance, real estate, rental and leasing",29.2,25.3,38.93,0.8664383561643836,13,2121984,162.8,1238591
Saskatchewan,2024/6/1,"Finance, insurance, real estate, rental and leasing",28.9,25.4,37.97,0.8788927335640139,13,2107721,162.8,1238591
Saskatchewan,2024/7/1,"Finance, insurance, real estate, rental and leasing",27.1,23.6,39.3,0.8708487084870848,13,2209739,163.6,1247868
Saskatchewan,2024/8/1,"Finance, insurance, real estate, rental and leasing",26.5,23.1,38.81,0.8716981132075472,13,2154778,163.4,1247868
Saskatchewan,2024/9/1,"Finance, insurance, real estate, rental and leasing",28.5,25.5,39.68,0.8947368421052632,13,2161744,162.3,1247868
Saskatchewan,2024/10/1,"Finance, insurance, real estate, rental and leasing",27.3,24.1,40.17,0.8827838827838829,15,2160792,163.1,1256983
Saskatchewan,2024/11/1,"Finance, insurance, real estate, rental and leasing",27.6,24.2,39.56,0.8768115942028984,15,2169604,163.2,1256983
Saskatchewan,2024/12/1,"Finance, insurance, real estate, rental and leasing",28.7,25.6,39.96,0.8919860627177701,15,2201418,162.8,1256983
Saskatchewan,2025/1/1,"Finance, insurance, real estate, rental and leasing",27.6,24.4,38.65,0.8840579710144927,15,2236200,163.5,1261524
Saskatchewan,2025/2/1,"Finance, insurance, real estate, rental and leasing",27.6,25.6,39.05,0.927536231884058,15,2235775,165.2,1261524
Saskatchewan,2025/3/1,"Finance, insurance, real estate, rental and leasing",28.2,24.8,38.14,0.8794326241134752,15,2215667,165.2,1261524
Saskatchewan,2025/4/1,"Finance, insurance, real estate, rental and leasing",29.6,25.2,37.91,0.8513513513513513,15,2252227,165,1264537
Saskatchewan,2025/5/1,"Finance, insurance, real estate, rental and leasing",30,25.6,37.38,0.8533333333333334,15,2238096,165.4,1264537
Saskatchewan,2025/6/1,"Finance, insurance, real estate, rental and leasing",30.5,26,37.37,0.8524590163934426,15,2197669,165.5,1264537
Saskatchewan,2025/7/1,"Finance, insurance, real estate, rental and leasing",30.5,24.8,36.52,0.8131147540983606,15,2196955,165.9,1266959
Saskatchewan,2025/8/1,"Finance, insurance, real estate, rental and leasing",30.2,24,36.58,0.794701986754967,15,2196049,166.2,1266959
Saskatchewan,2025/9/1,"Finance, insurance, real estate, rental and leasing",28.9,23,39.97,0.795847750865052,15,,166.5,1266959
Saskatchewan,2022/1/1,"Forestry, fishing, mining, quarrying, oil and gas",,,,,11.81,,,
Saskatchewan,2022/2/1,"Forestry, fishing, mining, quarrying, oil and gas",,,,,11.81,,,
Saskatchewan,2022/3/1,"Forestry, fishing, mining, quarrying, oil and gas",,,,,11.81,,,
Saskatchewan,2022/4/1,"Forestry, fishing, mining, quarrying, oil and gas",,,,,11.81,,,
Saskatchewan,2022/5/1,"Forestry, fishing, mining, quarrying, oil and gas",,,,,11.81,,,
Saskatchewan,2022/6/1,"Forestry, fishing, mining, quarrying, oil and gas",,,,,11.81,,,
Saskatchewan,2022/7/1,"Forestry, fishing, mining, quarrying, oil and gas",,,,,11.81,,,
Saskatchewan,2022/8/1,"Forestry, fishing, mining, quarrying, oil and gas",,,,,11.81,,,
Saskatchewan,2022/9/1,"Forestry, fishing, mining, quarrying, oil and gas",,,,,11.81,,,
Saskatchewan,2022/10/1,"Forestry, fishing, mining, quarrying, oil and gas",,,,,13,,,
Saskatchewan,2022/11/1,"Forestry, fishing, mining, quarrying, oil and gas",,,,,13,,,
Saskatchewan,2022/12/1,"Forestry, fishing, mining, quarrying, oil and gas",,,,,13,,,
Saskatchewan,2023/1/1,"Forestry, fishing, mining, quarrying, oil and gas",21.5,19.4,48.05,0.9023255813953488,13,2157348,156.7,1195840
Saskatchewan,2023/2/1,"Forestry, fishing, mining, quarrying, oil and gas",22,19.6,47.31,0.890909090909091,13,2035345,157.6,1195840
Saskatchewan,2023/3/1,"Forestry, fishing, mining, quarrying, oil and gas",20.6,17.7,48.88,0.8592233009708737,13,2070385,158.8,1195840
Saskatchewan,2023/4/1,"Forestry, fishing, mining, quarrying, oil and gas",21.9,19.7,49.68,0.8995433789954338,13,2050852,160.4,1201624
Saskatchewan,2023/5/1,"Forestry, fishing, mining, quarrying, oil and gas",20.9,19,48.6,0.9090909090909092,13,2034091,160.4,1201624
Saskatchewan,2023/6/1,"Forestry, fishing, mining, quarrying, oil and gas",21.9,19.6,48.55,0.8949771689497719,13,2082750,160.5,1201624
Saskatchewan,2023/7/1,"Forestry, fishing, mining, quarrying, oil and gas",22.3,19.8,47.91,0.8878923766816144,13,2060290,161.1,1210257
Saskatchewan,2023/8/1,"Forestry, fishing, mining, quarrying, oil and gas",21.5,19.1,46.81,0.8883720930232559,13,2087323,161.6,1210257
Saskatchewan,2023/9/1,"Forestry, fishing, mining, quarrying, oil and gas",20.8,18.2,47.8,0.8749999999999999,13,2146006,161.2,1210257
Saskatchewan,2023/10/1,"Forestry, fishing, mining, quarrying, oil and gas",20.4,18.4,47.2,0.9019607843137256,13,2249660,160.6,1222152
Saskatchewan,2023/11/1,"Forestry, fishing, mining, quarrying, oil and gas",20.5,18.1,44.76,0.8829268292682928,13,2097789,160.6,1222152
Saskatchewan,2023/12/1,"Forestry, fishing, mining, quarrying, oil and gas",21,18.8,49.55,0.8952380952380953,13,2109309,159.9,1222152
Saskatchewan,2024/1/1,"Forestry, fishing, mining, quarrying, oil and gas",21.1,18.3,48.78,0.8672985781990521,13,2084336,159.7,1230316
Saskatchewan,2024/2/1,"Forestry, fishing, mining, quarrying, oil and gas",20.9,18.8,47.16,0.8995215311004786,13,2108113,160.3,1230316
Saskatchewan,2024/3/1,"Forestry, fishing, mining, quarrying, oil and gas",22.2,19.2,48.42,0.8648648648648649,13,2056990,161.2,1230316
Saskatchewan,2024/4/1,"Forestry, fishing, mining, quarrying, oil and gas",22.7,19.4,48.04,0.8546255506607929,13,2161211,162,1238591
Saskatchewan,2024/5/1,"Forestry, fishing, mining, quarrying, oil and gas",24.2,21.3,48.47,0.8801652892561984,13,2121984,162.8,1238591
Saskatchewan,2024/6/1,"Forestry, fishing, mining, quarrying, oil and gas",23.6,21.8,47.63,0.923728813559322,13,2107721,162.8,1238591
Saskatchewan,2024/7/1,"Forestry, fishing, mining, quarrying, oil and gas",23.3,21.6,48.59,0.927038626609442,13,2209739,163.6,1247868
Saskatchewan,2024/8/1,"Forestry, fishing, mining, quarrying, oil and gas",23.7,21.2,47.78,0.8945147679324894,13,2154778,163.4,1247868
Saskatchewan,2024/9/1,"Forestry, fishing, mining, quarrying, oil and gas",22,20.1,47.47,0.9136363636363636,13,2161744,162.3,1247868
Saskatchewan,2024/10/1,"Forestry, fishing, mining, quarrying, oil and gas",22.8,19.7,50.09,0.8640350877192982,15,2160792,163.1,1256983
Saskatchewan,2024/11/1,"Forestry, fishing, mining, quarrying, oil and gas",23.4,20.1,48.66,0.8589743589743591,15,2169604,163.2,1256983
Saskatchewan,2024/12/1,"Forestry, fishing, mining, quarrying, oil and gas",25,21.8,47.39,0.872,15,2201418,162.8,1256983
Saskatchewan,2025/1/1,"Forestry, fishing, mining, quarrying, oil and gas",24,21.6,47.84,0.9,15,2236200,163.5,1261524
Saskatchewan,2025/2/1,"Forestry, fishing, mining, quarrying, oil and gas",23.5,20.7,51.41,0.8808510638297872,15,2235775,165.2,1261524
Saskatchewan,2025/3/1,"Forestry, fishing, mining, quarrying, oil and gas",24.4,21.7,51.28,0.889344262295082,15,2215667,165.2,1261524
Saskatchewan,2025/4/1,"Forestry, fishing, mining, quarrying, oil and gas",23.7,21.1,53.05,0.8902953586497891,15,2252227,165,1264537
Saskatchewan,2025/5/1,"Forestry, fishing, mining, quarrying, oil and gas",24.2,21.3,53.22,0.8801652892561984,15,2238096,165.4,1264537
Saskatchewan,2025/6/1,"Forestry, fishing, mining, quarrying, oil and gas",25,21.9,51.6,0.8759999999999999,15,2197669,165.5,1264537
Saskatchewan,2025/7/1,"Forestry, fishing, mining, quarrying, oil and gas",24.4,22.5,51.66,0.9221311475409836,15,2196955,165.9,1266959
Saskatchewan,2025/8/1,"Forestry, fishing, mining, quarrying, oil and gas",23.7,22.5,52.11,0.949367088607595,15,2196049,166.2,1266959
Saskatchewan,2025/9/1,"Forestry, fishing, mining, quarrying, oil and gas",24.2,22.6,53.51,0.9338842975206612,15,,166.5,1266959
Saskatchewan,2022/1/1,Goods-producing sector,,,,,11.81,,,
Saskatchewan,2022/2/1,Goods-producing sector,,,,,11.81,,,
Saskatchewan,2022/3/1,Goods-producing sector,,,,,11.81,,,
Saskatchewan,2022/4/1,Goods-producing sector,,,,,11.81,,,
Saskatchewan,2022/5/1,Goods-producing sector,,,,,11.81,,,
Saskatchewan,2022/6/1,Goods-producing sector,,,,,11.81,,,
Saskatchewan,2022/7/1,Goods-producing sector,,,,,11.81,,,
Saskatchewan,2022/8/1,Goods-producing sector,,,,,11.81,,,
Saskatchewan,2022/9/1,Goods-producing sector,,,,,11.81,,,
Saskatchewan,2022/10/1,Goods-producing sector,,,,,13,,,
Saskatchewan,2022/11/1,Goods-producing sector,,,,,13,,,
Saskatchewan,2022/12/1,Goods-producing sector,,,,,13,,,
Saskatchewan,2023/1/1,Goods-producing sector,134.3,94.7,36.53,0.7051377513030528,13,2157348,156.7,1195840
Saskatchewan,2023/2/1,Goods-producing sector,132.6,94.5,36.11,0.7126696832579186,13,2035345,157.6,1195840
Saskatchewan,2023/3/1,Goods-producing sector,131,94.1,35.51,0.7183206106870229,13,2070385,158.8,1195840
Saskatchewan,2023/4/1,Goods-producing sector,131.3,95.6,35.81,0.728103579588728,13,2050852,160.4,1201624
Saskatchewan,2023/5/1,Goods-producing sector,134.8,101,34.7,0.7492581602373887,13,2034091,160.4,1201624
Saskatchewan,2023/6/1,Goods-producing sector,136.7,104.4,35.23,0.7637161667885882,13,2082750,160.5,1201624
Saskatchewan,2023/7/1,Goods-producing sector,136.7,105.2,35.36,0.7695683979517192,13,2060290,161.1,1210257
Saskatchewan,2023/8/1,Goods-producing sector,134.2,100.5,36.47,0.748882265275708,13,2087323,161.6,1210257
Saskatchewan,2023/9/1,Goods-producing sector,132.6,100.2,36.48,0.7556561085972852,13,2146006,161.2,1210257
Saskatchewan,2023/10/1,Goods-producing sector,132.6,101,35.75,0.7616892911010559,13,2249660,160.6,1222152
Saskatchewan,2023/11/1,Goods-producing sector,133.9,99.9,36.32,0.7460791635548917,13,2097789,160.6,1222152
Saskatchewan,2023/12/1,Goods-producing sector,134.7,98,37.41,0.7275426874536006,13,2109309,159.9,1222152
Saskatchewan,2024/1/1,Goods-producing sector,127.1,92.1,37.07,0.7246262785208497,13,2084336,159.7,1230316
Saskatchewan,2024/2/1,Goods-producing sector,127.9,92.6,37.31,0.724003127443315,13,2108113,160.3,1230316
Saskatchewan,2024/3/1,Goods-producing sector,129.1,89.3,38.44,0.691711851278079,13,2056990,161.2,1230316
Saskatchewan,2024/4/1,Goods-producing sector,129.4,90.7,37.89,0.7009273570324575,13,2161211,162,1238591
Saskatchewan,2024/5/1,Goods-producing sector,139.7,99.8,36.81,0.7143879742304939,13,2121984,162.8,1238591
Saskatchewan,2024/6/1,Goods-producing sector,138.7,100.9,36.37,0.7274693583273253,13,2107721,162.8,1238591
Saskatchewan,2024/7/1,Goods-producing sector,139.8,101.3,37.45,0.7246065808297567,13,2209739,163.6,1247868
Saskatchewan,2024/8/1,Goods-producing sector,142.4,104.7,36.23,0.735252808988764,13,2154778,163.4,1247868
Saskatchewan,2024/9/1,Goods-producing sector,140.3,104.5,36.09,0.7448325017818959,13,2161744,162.3,1247868
Saskatchewan,2024/10/1,Goods-producing sector,141.2,107.5,37.25,0.7613314447592069,15,2160792,163.1,1256983
Saskatchewan,2024/11/1,Goods-producing sector,139.5,103.7,37.03,0.7433691756272401,15,2169604,163.2,1256983
Saskatchewan,2024/12/1,Goods-producing sector,143.5,102.7,38.15,0.7156794425087109,15,2201418,162.8,1256983
Saskatchewan,2025/1/1,Goods-producing sector,140.5,102.4,37.48,0.7288256227758008,15,2236200,163.5,1261524
Saskatchewan,2025/2/1,Goods-producing sector,138.4,98.9,37.93,0.7145953757225434,15,2235775,165.2,1261524
Saskatchewan,2025/3/1,Goods-producing sector,138.6,99.5,38.64,0.7178932178932179,15,2215667,165.2,1261524
Saskatchewan,2025/4/1,Goods-producing sector,138.8,97.6,38.42,0.7031700288184437,15,2252227,165,1264537
Saskatchewan,2025/5/1,Goods-producing sector,146,108.5,37.61,0.7431506849315068,15,2238096,165.4,1264537
Saskatchewan,2025/6/1,Goods-producing sector,147.7,109.5,37.29,0.7413676371022343,15,2197669,165.5,1264537
Saskatchewan,2025/7/1,Goods-producing sector,146.5,106.9,38.16,0.7296928327645051,15,2196955,165.9,1266959
Saskatchewan,2025/8/1,Goods-producing sector,142.8,105.9,38.31,0.7415966386554622,15,2196049,166.2,1266959
Saskatchewan,2025/9/1,Goods-producing sector,141.3,103,38.82,0.7289455060155696,15,,166.5,1266959
Saskatchewan,2022/1/1,Health care and social assistance,,,,,11.81,,,
Saskatchewan,2022/2/1,Health care and social assistance,,,,,11.81,,,
Saskatchewan,2022/3/1,Health care and social assistance,,,,,11.81,,,
Saskatchewan,2022/4/1,Health care and social assistance,,,,,11.81,,,
Saskatchewan,2022/5/1,Health care and social assistance,,,,,11.81,,,
Saskatchewan,2022/6/1,Health care and social assistance,,,,,11.81,,,
Saskatchewan,2022/7/1,Health care and social assistance,,,,,11.81,,,
Saskatchewan,2022/8/1,Health care and social assistance,,,,,11.81,,,
Saskatchewan,2022/9/1,Health care and social assistance,,,,,11.81,,,
Saskatchewan,2022/10/1,Health care and social assistance,,,,,13,,,
Saskatchewan,2022/11/1,Health care and social assistance,,,,,13,,,
Saskatchewan,2022/12/1,Health care and social assistance,,,,,13,,,
Saskatchewan,2023/1/1,Health care and social assistance,91.9,82.5,31.8,0.897714907508161,13,2157348,156.7,1195840
Saskatchewan,2023/2/1,Health care and social assistance,90.5,81,32.61,0.8950276243093923,13,2035345,157.6,1195840
Saskatchewan,2023/3/1,Health care and social assistance,91,80.2,31.59,0.8813186813186813,13,2070385,158.8,1195840
Saskatchewan,2023/4/1,Health care and social assistance,92.7,81.5,31.62,0.8791801510248112,13,2050852,160.4,1201624
Saskatchewan,2023/5/1,Health care and social assistance,95,84.5,31.63,0.8894736842105263,13,2034091,160.4,1201624
Saskatchewan,2023/6/1,Health care and social assistance,94.5,84.4,31.64,0.8931216931216932,13,2082750,160.5,1201624
Saskatchewan,2023/7/1,Health care and social assistance,93,82.5,31.76,0.8870967741935484,13,2060290,161.1,1210257
Saskatchewan,2023/8/1,Health care and social assistance,91.7,79.9,31.68,0.871319520174482,13,2087323,161.6,1210257
Saskatchewan,2023/9/1,Health care and social assistance,86.7,76.7,32.39,0.8846597462514417,13,2146006,161.2,1210257
Saskatchewan,2023/10/1,Health care and social assistance,88.5,80.4,31.4,0.9084745762711866,13,2249660,160.6,1222152
Saskatchewan,2023/11/1,Health care and social assistance,86.6,78.2,31.19,0.9030023094688224,13,2097789,160.6,1222152
Saskatchewan,2023/12/1,Health care and social assistance,88.2,79.8,31.66,0.9047619047619048,13,2109309,159.9,1222152
Saskatchewan,2024/1/1,Health care and social assistance,91.2,83.2,30.29,0.912280701754386,13,2084336,159.7,1230316
Saskatchewan,2024/2/1,Health care and social assistance,92.4,82.5,30.72,0.8928571428571428,13,2108113,160.3,1230316
Saskatchewan,2024/3/1,Health care and social assistance,91.9,81.6,30.75,0.8879216539717083,13,2056990,161.2,1230316
Saskatchewan,2024/4/1,Health care and social assistance,91.6,82.7,31.08,0.9028384279475984,13,2161211,162,1238591
Saskatchewan,2024/5/1,Health care and social assistance,92.5,83,31.56,0.8972972972972973,13,2121984,162.8,1238591
Saskatchewan,2024/6/1,Health care and social assistance,94.4,84.5,31.83,0.8951271186440677,13,2107721,162.8,1238591
Saskatchewan,2024/7/1,Health care and social assistance,96.9,85.8,31.42,0.8854489164086686,13,2209739,163.6,1247868
Saskatchewan,2024/8/1,Health care and social assistance,96.1,85.4,31.12,0.8886576482830386,13,2154778,163.4,1247868
Saskatchewan,2024/9/1,Health care and social assistance,95.6,86.5,32.26,0.9048117154811716,13,2161744,162.3,1247868
Saskatchewan,2024/10/1,Health care and social assistance,97,87.9,32.33,0.9061855670103094,15,2160792,163.1,1256983
Saskatchewan,2024/11/1,Health care and social assistance,98.4,88.5,32.59,0.8993902439024389,15,2169604,163.2,1256983
Saskatchewan,2024/12/1,Health care and social assistance,98.8,89.8,32,0.9089068825910932,15,2201418,162.8,1256983
Saskatchewan,2025/1/1,Health care and social assistance,97.5,88.4,33.42,0.9066666666666668,15,2236200,163.5,1261524
Saskatchewan,2025/2/1,Health care and social assistance,100.5,91.8,32.41,0.9134328358208956,15,2235775,165.2,1261524
Saskatchewan,2025/3/1,Health care and social assistance,100.6,90.6,32.93,0.9005964214711729,15,2215667,165.2,1261524
Saskatchewan,2025/4/1,Health care and social assistance,101.3,90.8,31.91,0.8963474827245804,15,2252227,165,1264537
Saskatchewan,2025/5/1,Health care and social assistance,104,92.4,31.72,0.8884615384615385,15,2238096,165.4,1264537
Saskatchewan,2025/6/1,Health care and social assistance,106.2,93,32.34,0.8757062146892655,15,2197669,165.5,1264537
Saskatchewan,2025/7/1,Health care and social assistance,107,94.1,32.04,0.8794392523364486,15,2196955,165.9,1266959
Saskatchewan,2025/8/1,Health care and social assistance,107.2,94.7,32.23,0.8833955223880597,15,2196049,166.2,1266959
Saskatchewan,2025/9/1,Health care and social assistance,104.9,94.2,32.56,0.897998093422307,15,,166.5,1266959
Saskatchewan,2022/1/1,"Information, culture and recreation",,,,,11.81,,,
Saskatchewan,2022/2/1,"Information, culture and recreation",,,,,11.81,,,
Saskatchewan,2022/3/1,"Information, culture and recreation",,,,,11.81,,,
Saskatchewan,2022/4/1,"Information, culture and recreation",,,,,11.81,,,
Saskatchewan,2022/5/1,"Information, culture and recreation",,,,,11.81,,,
Saskatchewan,2022/6/1,"Information, culture and recreation",,,,,11.81,,,
Saskatchewan,2022/7/1,"Information, culture and recreation",,,,,11.81,,,
Saskatchewan,2022/8/1,"Information, culture and recreation",,,,,11.81,,,
Saskatchewan,2022/9/1,"Information, culture and recreation",,,,,11.81,,,
Saskatchewan,2022/10/1,"Information, culture and recreation",,,,,13,,,
Saskatchewan,2022/11/1,"Information, culture and recreation",,,,,13,,,
Saskatchewan,2022/12/1,"Information, culture and recreation",,,,,13,,,
Saskatchewan,2023/1/1,"Information, culture and recreation",18.4,15.7,27.89,0.8532608695652174,13,2157348,156.7,1195840
Saskatchewan,2023/2/1,"Information, culture and recreation",19.5,16,28.62,0.8205128205128205,13,2035345,157.6,1195840
Saskatchewan,2023/3/1,"Information, culture and recreation",19.4,16.6,27.22,0.8556701030927837,13,2070385,158.8,1195840
Saskatchewan,2023/4/1,"Information, culture and recreation",17.8,14.9,29.34,0.8370786516853932,13,2050852,160.4,1201624
Saskatchewan,2023/5/1,"Information, culture and recreation",19.5,16.7,28.48,0.8564102564102564,13,2034091,160.4,1201624
Saskatchewan,2023/6/1,"Information, culture and recreation",21.6,19,25.9,0.8796296296296295,13,2082750,160.5,1201624
Saskatchewan,2023/7/1,"Information, culture and recreation",22.3,19.9,26.28,0.8923766816143497,13,2060290,161.1,1210257
Saskatchewan,2023/8/1,"Information, culture and recreation",24.4,22.7,25.57,0.930327868852459,13,2087323,161.6,1210257
Saskatchewan,2023/9/1,"Information, culture and recreation",20.5,18.7,29.35,0.9121951219512194,13,2146006,161.2,1210257
Saskatchewan,2023/10/1,"Information, culture and recreation",22.4,19.5,28.45,0.8705357142857143,13,2249660,160.6,1222152
Saskatchewan,2023/11/1,"Information, culture and recreation",22.3,19.3,28.35,0.8654708520179373,13,2097789,160.6,1222152
Saskatchewan,2023/12/1,"Information, culture and recreation",20,17.4,29.81,0.8699999999999999,13,2109309,159.9,1222152
Saskatchewan,2024/1/1,"Information, culture and recreation",20.5,17.5,29.48,0.8536585365853658,13,2084336,159.7,1230316
Saskatchewan,2024/2/1,"Information, culture and recreation",21.6,17.8,28.55,0.8240740740740741,13,2108113,160.3,1230316
Saskatchewan,2024/3/1,"Information, culture and recreation",21.1,18.2,27.07,0.862559241706161,13,2056990,161.2,1230316
Saskatchewan,2024/4/1,"Information, culture and recreation",22.1,17.5,28.24,0.7918552036199095,13,2161211,162,1238591
Saskatchewan,2024/5/1,"Information, culture and recreation",23.3,20.6,26.43,0.8841201716738197,13,2121984,162.8,1238591
Saskatchewan,2024/6/1,"Information, culture and recreation",22.9,20.6,25.62,0.8995633187772927,13,2107721,162.8,1238591
Saskatchewan,2024/7/1,"Information, culture and recreation",24.2,21.8,25.04,0.9008264462809918,13,2209739,163.6,1247868
Saskatchewan,2024/8/1,"Information, culture and recreation",23.9,20.3,27.88,0.8493723849372385,13,2154778,163.4,1247868
Saskatchewan,2024/9/1,"Information, culture and recreation",22.3,19,30.09,0.852017937219731,13,2161744,162.3,1247868
Saskatchewan,2024/10/1,"Information, culture and recreation",21.9,17.8,29.2,0.812785388127854,15,2160792,163.1,1256983
Saskatchewan,2024/11/1,"Information, culture and recreation",23.9,18.7,28.87,0.7824267782426778,15,2169604,163.2,1256983
Saskatchewan,2024/12/1,"Information, culture and recreation",22.9,18.1,29.48,0.7903930131004367,15,2201418,162.8,1256983
Saskatchewan,2025/1/1,"Information, culture and recreation",23.2,18.7,28.1,0.8060344827586207,15,2236200,163.5,1261524
Saskatchewan,2025/2/1,"Information, culture and recreation",22.7,18.4,29.7,0.8105726872246696,15,2235775,165.2,1261524
Saskatchewan,2025/3/1,"Information, culture and recreation",23.3,18.4,30.52,0.7896995708154506,15,2215667,165.2,1261524
Saskatchewan,2025/4/1,"Information, culture and recreation",23,18,31.23,0.782608695652174,15,2252227,165,1264537
Saskatchewan,2025/5/1,"Information, culture and recreation",26.2,22.7,28.18,0.866412213740458,15,2238096,165.4,1264537
Saskatchewan,2025/6/1,"Information, culture and recreation",24.6,22.2,29.64,0.9024390243902438,15,2197669,165.5,1264537
Saskatchewan,2025/7/1,"Information, culture and recreation",25.2,22.9,30.53,0.9087301587301588,15,2196955,165.9,1266959
Saskatchewan,2025/8/1,"Information, culture and recreation",25.9,23.4,31.09,0.9034749034749034,15,2196049,166.2,1266959
Saskatchewan,2025/9/1,"Information, culture and recreation",23.5,20,32.05,0.851063829787234,15,,166.5,1266959
Saskatchewan,2022/1/1,Manufacturing,,,,,11.81,,,
Saskatchewan,2022/2/1,Manufacturing,,,,,11.81,,,
Saskatchewan,2022/3/1,Manufacturing,,,,,11.81,,,
Saskatchewan,2022/4/1,Manufacturing,,,,,11.81,,,
Saskatchewan,2022/5/1,Manufacturing,,,,,11.81,,,
Saskatchewan,2022/6/1,Manufacturing,,,,,11.81,,,
Saskatchewan,2022/7/1,Manufacturing,,,,,11.81,,,
Saskatchewan,2022/8/1,Manufacturing,,,,,11.81,,,
Saskatchewan,2022/9/1,Manufacturing,,,,,11.81,,,
Saskatchewan,2022/10/1,Manufacturing,,,,,13,,,
Saskatchewan,2022/11/1,Manufacturing,,,,,13,,,
Saskatchewan,2022/12/1,Manufacturing,,,,,13,,,
Saskatchewan,2023/1/1,Manufacturing,32.9,29.6,35.76,0.899696048632219,13,2157348,156.7,1195840
Saskatchewan,2023/2/1,Manufacturing,33,29.4,35.43,0.8909090909090909,13,2035345,157.6,1195840
Saskatchewan,2023/3/1,Manufacturing,32.4,29.1,32.94,0.8981481481481483,13,2070385,158.8,1195840
Saskatchewan,2023/4/1,Manufacturing,31,28.2,31.51,0.9096774193548388,13,2050852,160.4,1201624
Saskatchewan,2023/5/1,Manufacturing,33.1,30.2,29.97,0.9123867069486404,13,2034091,160.4,1201624
Saskatchewan,2023/6/1,Manufacturing,34.4,32.4,29.91,0.9418604651162792,13,2082750,160.5,1201624
Saskatchewan,2023/7/1,Manufacturing,33.7,31.6,31.53,0.9376854599406528,13,2060290,161.1,1210257
Saskatchewan,2023/8/1,Manufacturing,30.8,29.1,32.7,0.9448051948051948,13,2087323,161.6,1210257
Saskatchewan,2023/9/1,Manufacturing,32.3,30.2,32.56,0.934984520123839,13,2146006,161.2,1210257
Saskatchewan,2023/10/1,Manufacturing,33.6,31.6,32.26,0.9404761904761904,13,2249660,160.6,1222152
Saskatchewan,2023/11/1,Manufacturing,33.9,31.3,32.86,0.9233038348082596,13,2097789,160.6,1222152
Saskatchewan,2023/12/1,Manufacturing,34.4,32,32.52,0.9302325581395348,13,2109309,159.9,1222152
Saskatchewan,2024/1/1,Manufacturing,32.9,30.6,32.01,0.9300911854103344,13,2084336,159.7,1230316
Saskatchewan,2024/2/1,Manufacturing,33.2,31.3,33.36,0.9427710843373494,13,2108113,160.3,1230316
Saskatchewan,2024/3/1,Manufacturing,32.8,30,33.11,0.9146341463414634,13,2056990,161.2,1230316
Saskatchewan,2024/4/1,Manufacturing,31.4,28.8,32.51,0.9171974522292994,13,2161211,162,1238591
Saskatchewan,2024/5/1,Manufacturing,34,31.3,31.38,0.9205882352941176,13,2121984,162.8,1238591
Saskatchewan,2024/6/1,Manufacturing,32.8,31.1,31.16,0.9481707317073172,13,2107721,162.8,1238591
Saskatchewan,2024/7/1,Manufacturing,33.7,31.6,31.25,0.9376854599406528,13,2209739,163.6,1247868
Saskatchewan,2024/8/1,Manufacturing,34.5,33.4,32.09,0.9681159420289854,13,2154778,163.4,1247868
Saskatchewan,2024/9/1,Manufacturing,34.2,32.1,32.83,0.93859649122807,13,2161744,162.3,1247868
Saskatchewan,2024/10/1,Manufacturing,35,33.2,34.87,0.9485714285714286,15,2160792,163.1,1256983
Saskatchewan,2024/11/1,Manufacturing,33.8,30.9,34.66,0.9142011834319528,15,2169604,163.2,1256983
Saskatchewan,2024/12/1,Manufacturing,32.8,30.4,35.15,0.926829268292683,15,2201418,162.8,1256983
Saskatchewan,2025/1/1,Manufacturing,33.8,31.3,34.15,0.92603550295858,15,2236200,163.5,1261524
Saskatchewan,2025/2/1,Manufacturing,33.1,30.9,33.66,0.9335347432024168,15,2235775,165.2,1261524
Saskatchewan,2025/3/1,Manufacturing,32,30.1,36.08,0.940625,15,2215667,165.2,1261524
Saskatchewan,2025/4/1,Manufacturing,32.6,30,35.4,0.920245398773006,15,2252227,165,1264537
Saskatchewan,2025/5/1,Manufacturing,31.8,30,34.02,0.9433962264150944,15,2238096,165.4,1264537
Saskatchewan,2025/6/1,Manufacturing,33.3,31.5,34.02,0.945945945945946,15,2197669,165.5,1264537
Saskatchewan,2025/7/1,Manufacturing,30,28.6,36.31,0.9533333333333334,15,2196955,165.9,1266959
Saskatchewan,2025/8/1,Manufacturing,27.3,25.6,37.96,0.9377289377289376,15,2196049,166.2,1266959
Saskatchewan,2025/9/1,Manufacturing,27.3,24.7,35.57,0.9047619047619048,15,,166.5,1266959
Saskatchewan,2022/1/1,Other services (except public administration),,,,,11.81,,,
Saskatchewan,2022/2/1,Other services (except public administration),,,,,11.81,,,
Saskatchewan,2022/3/1,Other services (except public administration),,,,,11.81,,,
Saskatchewan,2022/4/1,Other services (except public administration),,,,,11.81,,,
Saskatchewan,2022/5/1,Other services (except public administration),,,,,11.81,,,
Saskatchewan,2022/6/1,Other services (except public administration),,,,,11.81,,,
Saskatchewan,2022/7/1,Other services (except public administration),,,,,11.81,,,
Saskatchewan,2022/8/1,Other services (except public administration),,,,,11.81,,,
Saskatchewan,2022/9/1,Other services (except public administration),,,,,11.81,,,
Saskatchewan,2022/10/1,Other services (except public administration),,,,,13,,,
Saskatchewan,2022/11/1,Other services (except public administration),,,,,13,,,
Saskatchewan,2022/12/1,Other services (except public administration),,,,,13,,,
Saskatchewan,2023/1/1,Other services (except public administration),26.6,18.6,27.41,0.6992481203007519,13,2157348,156.7,1195840
Saskatchewan,2023/2/1,Other services (except public administration),26.8,17.7,25.75,0.6604477611940298,13,2035345,157.6,1195840
Saskatchewan,2023/3/1,Other services (except public administration),26.6,17.2,28.22,0.6466165413533834,13,2070385,158.8,1195840
Saskatchewan,2023/4/1,Other services (except public administration),25.9,18,28.11,0.694980694980695,13,2050852,160.4,1201624
Saskatchewan,2023/5/1,Other services (except public administration),27.4,18.1,25.83,0.6605839416058396,13,2034091,160.4,1201624
Saskatchewan,2023/6/1,Other services (except public administration),25.1,16.5,25.53,0.6573705179282868,13,2082750,160.5,1201624
Saskatchewan,2023/7/1,Other services (except public administration),26.5,17,26,0.6415094339622641,13,2060290,161.1,1210257
Saskatchewan,2023/8/1,Other services (except public administration),26.8,18.8,26.52,0.7014925373134329,13,2087323,161.6,1210257
Saskatchewan,2023/9/1,Other services (except public administration),26.7,18.8,25.41,0.704119850187266,13,2146006,161.2,1210257
Saskatchewan,2023/10/1,Other services (except public administration),26.6,18.2,27.37,0.6842105263157894,13,2249660,160.6,1222152
Saskatchewan,2023/11/1,Other services (except public administration),26.6,18.6,27.46,0.6992481203007519,13,2097789,160.6,1222152
Saskatchewan,2023/12/1,Other services (except public administration),27.7,19.4,27.77,0.7003610108303249,13,2109309,159.9,1222152
Saskatchewan,2024/1/1,Other services (except public administration),27.7,19.5,28.58,0.703971119133574,13,2084336,159.7,1230316
Saskatchewan,2024/2/1,Other services (except public administration),26.4,18.1,30.08,0.6856060606060607,13,2108113,160.3,1230316
Saskatchewan,2024/3/1,Other services (except public administration),26.7,18.6,30.04,0.6966292134831461,13,2056990,161.2,1230316
Saskatchewan,2024/4/1,Other services (except public administration),26.4,18.8,28.98,0.7121212121212122,13,2161211,162,1238591
Saskatchewan,2024/5/1,Other services (except public administration),27.1,19.5,29.33,0.7195571955719556,13,2121984,162.8,1238591
Saskatchewan,2024/6/1,Other services (except public administration),28,19.5,29.71,0.6964285714285714,13,2107721,162.8,1238591
Saskatchewan,2024/7/1,Other services (except public administration),28.8,21.6,27.19,0.75,13,2209739,163.6,1247868
Saskatchewan,2024/8/1,Other services (except public administration),27.2,20.7,27.57,0.7610294117647058,13,2154778,163.4,1247868
Saskatchewan,2024/9/1,Other services (except public administration),26.4,22.1,27.26,0.8371212121212123,13,2161744,162.3,1247868
Saskatchewan,2024/10/1,Other services (except public administration),25.1,20.5,30.15,0.8167330677290836,15,2160792,163.1,1256983
Saskatchewan,2024/11/1,Other services (except public administration),25.3,19.1,28.79,0.7549407114624507,15,2169604,163.2,1256983
Saskatchewan,2024/12/1,Other services (except public administration),24.6,17.2,30.44,0.6991869918699186,15,2201418,162.8,1256983
Saskatchewan,2025/1/1,Other services (except public administration),24.8,17.8,29.26,0.717741935483871,15,2236200,163.5,1261524
Saskatchewan,2025/2/1,Other services (except public administration),24.5,16.4,29.44,0.6693877551020407,15,2235775,165.2,1261524
Saskatchewan,2025/3/1,Other services (except public administration),24.9,17.2,28.39,0.6907630522088354,15,2215667,165.2,1261524
Saskatchewan,2025/4/1,Other services (except public administration),26.3,17.1,28.43,0.6501901140684411,15,2252227,165,1264537
Saskatchewan,2025/5/1,Other services (except public administration),27.8,19,27.62,0.6834532374100719,15,2238096,165.4,1264537
Saskatchewan,2025/6/1,Other services (except public administration),30.6,22.3,29.04,0.7287581699346405,15,2197669,165.5,1264537
Saskatchewan,2025/7/1,Other services (except public administration),31.4,22.9,28.56,0.7292993630573248,15,2196955,165.9,1266959
Saskatchewan,2025/8/1,Other services (except public administration),29.7,19.8,28.37,0.6666666666666667,15,2196049,166.2,1266959
Saskatchewan,2025/9/1,Other services (except public administration),28,18.2,28.97,0.65,15,,166.5,1266959
Saskatchewan,2022/1/1,"Professional, scientific and technical services",,,,,11.81,,,
Saskatchewan,2022/2/1,"Professional, scientific and technical services",,,,,11.81,,,
Saskatchewan,2022/3/1,"Professional, scientific and technical services",,,,,11.81,,,
Saskatchewan,2022/4/1,"Professional, scientific and technical services",,,,,11.81,,,
Saskatchewan,2022/5/1,"Professional, scientific and technical services",,,,,11.81,,,
Saskatchewan,2022/6/1,"Professional, scientific and technical services",,,,,11.81,,,
Saskatchewan,2022/7/1,"Professional, scientific and technical services",,,,,11.81,,,
Saskatchewan,2022/8/1,"Professional, scientific and technical services",,,,,11.81,,,
Saskatchewan,2022/9/1,"Professional, scientific and technical services",,,,,11.81,,,
Saskatchewan,2022/10/1,"Professional, scientific and technical services",,,,,13,,,
Saskatchewan,2022/11/1,"Professional, scientific and technical services",,,,,13,,,
Saskatchewan,2022/12/1,"Professional, scientific and technical services",,,,,13,,,
Saskatchewan,2023/1/1,"Professional, scientific and technical services",30.5,20.4,37.39,0.6688524590163933,13,2157348,156.7,1195840
Saskatchewan,2023/2/1,"Professional, scientific and technical services",30.6,21.9,37.91,0.7156862745098038,13,2035345,157.6,1195840
Saskatchewan,2023/3/1,"Professional, scientific and technical services",31.6,22,36.91,0.6962025316455696,13,2070385,158.8,1195840
Saskatchewan,2023/4/1,"Professional, scientific and technical services",33,23,38.95,0.696969696969697,13,2050852,160.4,1201624
Saskatchewan,2023/5/1,"Professional, scientific and technical services",35,26.2,38.85,0.7485714285714286,13,2034091,160.4,1201624
Saskatchewan,2023/6/1,"Professional, scientific and technical services",36.2,26.9,38.55,0.7430939226519336,13,2082750,160.5,1201624
Saskatchewan,2023/7/1,"Professional, scientific and technical services",36.7,27.9,37.5,0.7602179836512261,13,2060290,161.1,1210257
Saskatchewan,2023/8/1,"Professional, scientific and technical services",35.9,26.8,40.35,0.7465181058495822,13,2087323,161.6,1210257
Saskatchewan,2023/9/1,"Professional, scientific and technical services",37.9,27.2,39.09,0.7176781002638523,13,2146006,161.2,1210257
Saskatchewan,2023/10/1,"Professional, scientific and technical services",38,27.3,40.85,0.718421052631579,13,2249660,160.6,1222152
Saskatchewan,2023/11/1,"Professional, scientific and technical services",38.2,26.5,40.53,0.6937172774869109,13,2097789,160.6,1222152
Saskatchewan,2023/12/1,"Professional, scientific and technical services",40.2,28.6,41.49,0.7114427860696517,13,2109309,159.9,1222152
Saskatchewan,2024/1/1,"Professional, scientific and technical services",40.2,27.4,41.36,0.6815920398009949,13,2084336,159.7,1230316
Saskatchewan,2024/2/1,"Professional, scientific and technical services",39.1,27.9,40.21,0.7135549872122762,13,2108113,160.3,1230316
Saskatchewan,2024/3/1,"Professional, scientific and technical services",38.4,28.5,40.95,0.7421875,13,2056990,161.2,1230316
Saskatchewan,2024/4/1,"Professional, scientific and technical services",38.2,27.7,42.23,0.725130890052356,13,2161211,162,1238591
Saskatchewan,2024/5/1,"Professional, scientific and technical services",40,29.6,39.69,0.74,13,2121984,162.8,1238591
Saskatchewan,2024/6/1,"Professional, scientific and technical services",39.7,27.8,38.5,0.7002518891687657,13,2107721,162.8,1238591
Saskatchewan,2024/7/1,"Professional, scientific and technical services",40.1,29,35.97,0.7231920199501246,13,2209739,163.6,1247868
Saskatchewan,2024/8/1,"Professional, scientific and technical services",39.3,28.4,36.16,0.72264631043257,13,2154778,163.4,1247868
Saskatchewan,2024/9/1,"Professional, scientific and technical services",37.6,25,36.81,0.6648936170212766,13,2161744,162.3,1247868
Saskatchewan,2024/10/1,"Professional, scientific and technical services",35.7,22.8,40.19,0.6386554621848739,15,2160792,163.1,1256983
Saskatchewan,2024/11/1,"Professional, scientific and technical services",33.4,21.5,39.6,0.6437125748502994,15,2169604,163.2,1256983
Saskatchewan,2024/12/1,"Professional, scientific and technical services",33.7,23.1,43.85,0.685459940652819,15,2201418,162.8,1256983
Saskatchewan,2025/1/1,"Professional, scientific and technical services",32.5,22.3,43.47,0.6861538461538462,15,2236200,163.5,1261524
Saskatchewan,2025/2/1,"Professional, scientific and technical services",31.6,21.8,44.77,0.689873417721519,15,2235775,165.2,1261524
Saskatchewan,2025/3/1,"Professional, scientific and technical services",32.4,22,41.09,0.6790123456790124,15,2215667,165.2,1261524
Saskatchewan,2025/4/1,"Professional, scientific and technical services",34.2,23.4,41.04,0.6842105263157894,15,2252227,165,1264537
Saskatchewan,2025/5/1,"Professional, scientific and technical services",33.9,24,42.66,0.7079646017699115,15,2238096,165.4,1264537
Saskatchewan,2025/6/1,"Professional, scientific and technical services",35.3,24.1,41.11,0.6827195467422097,15,2197669,165.5,1264537
Saskatchewan,2025/7/1,"Professional, scientific and technical services",37.8,25.8,39.95,0.6825396825396826,15,2196955,165.9,1266959
Saskatchewan,2025/8/1,"Professional, scientific and technical services",36.8,25.9,41.21,0.7038043478260869,15,2196049,166.2,1266959
Saskatchewan,2025/9/1,"Professional, scientific and technical services",35,24.4,41.65,0.6971428571428571,15,,166.5,1266959
Saskatchewan,2022/1/1,Public administration,,,,,11.81,,,
Saskatchewan,2022/2/1,Public administration,,,,,11.81,,,
Saskatchewan,2022/3/1,Public administration,,,,,11.81,,,
Saskatchewan,2022/4/1,Public administration,,,,,11.81,,,
Saskatchewan,2022/5/1,Public administration,,,,,11.81,,,
Saskatchewan,2022/6/1,Public administration,,,,,11.81,,,
Saskatchewan,2022/7/1,Public administration,,,,,11.81,,,
Saskatchewan,2022/8/1,Public administration,,,,,11.81,,,
Saskatchewan,2022/9/1,Public administration,,,,,11.81,,,
Saskatchewan,2022/10/1,Public administration,,,,,13,,,
Saskatchewan,2022/11/1,Public administration,,,,,13,,,
Saskatchewan,2022/12/1,Public administration,,,,,13,,,
Saskatchewan,2023/1/1,Public administration,35.3,34.7,40,0.98300283286119,13,2157348,156.7,1195840
Saskatchewan,2023/2/1,Public administration,35.6,35.4,39.42,0.99438202247191,13,2035345,157.6,1195840
Saskatchewan,2023/3/1,Public administration,37.4,36.6,40.16,0.9786096256684492,13,2070385,158.8,1195840
Saskatchewan,2023/4/1,Public administration,37.6,36.9,39.99,0.9813829787234042,13,2050852,160.4,1201624
Saskatchewan,2023/5/1,Public administration,36.5,36,39.29,0.9863013698630136,13,2034091,160.4,1201624
Saskatchewan,2023/6/1,Public administration,37.2,37,38.69,0.9946236559139784,13,2082750,160.5,1201624
Saskatchewan,2023/7/1,Public administration,37.5,37.5,38.26,1,13,2060290,161.1,1210257
Saskatchewan,2023/8/1,Public administration,36.4,35.8,39.23,0.9835164835164836,13,2087323,161.6,1210257
Saskatchewan,2023/9/1,Public administration,34.3,33.9,40.71,0.9883381924198252,13,2146006,161.2,1210257
Saskatchewan,2023/10/1,Public administration,35.6,35.3,39.97,0.9915730337078652,13,2249660,160.6,1222152
Saskatchewan,2023/11/1,Public administration,36.4,36,41.01,0.989010989010989,13,2097789,160.6,1222152
Saskatchewan,2023/12/1,Public administration,36.6,36.4,40.07,0.9945355191256828,13,2109309,159.9,1222152
Saskatchewan,2024/1/1,Public administration,36.1,35.7,39.77,0.9889196675900276,13,2084336,159.7,1230316
Saskatchewan,2024/2/1,Public administration,36.1,35.7,39.97,0.9889196675900276,13,2108113,160.3,1230316
Saskatchewan,2024/3/1,Public administration,35.3,34.3,40.49,0.971671388101983,13,2056990,161.2,1230316
Saskatchewan,2024/4/1,Public administration,36.1,34.4,41.95,0.9529085872576176,13,2161211,162,1238591
Saskatchewan,2024/5/1,Public administration,37.1,36.4,38.84,0.981132075471698,13,2121984,162.8,1238591
Saskatchewan,2024/6/1,Public administration,37.9,36.8,40.3,0.970976253298153,13,2107721,162.8,1238591
Saskatchewan,2024/7/1,Public administration,40,39.7,39.1,0.9925,13,2209739,163.6,1247868
Saskatchewan,2024/8/1,Public administration,42.4,41.4,39.67,0.9764150943396226,13,2154778,163.4,1247868
Saskatchewan,2024/9/1,Public administration,39.1,38,41.27,0.9718670076726342,13,2161744,162.3,1247868
Saskatchewan,2024/10/1,Public administration,39.7,38.2,42.41,0.9622166246851386,15,2160792,163.1,1256983
Saskatchewan,2024/11/1,Public administration,38.9,37.9,43.41,0.974293059125964,15,2169604,163.2,1256983
Saskatchewan,2024/12/1,Public administration,38.6,37.7,44.79,0.9766839378238342,15,2201418,162.8,1256983
Saskatchewan,2025/1/1,Public administration,39.1,37.9,44.39,0.9693094629156008,15,2236200,163.5,1261524
Saskatchewan,2025/2/1,Public administration,39.9,38.9,46.14,0.974937343358396,15,2235775,165.2,1261524
Saskatchewan,2025/3/1,Public administration,39.3,37.9,45.21,0.9643765903307888,15,2215667,165.2,1261524
Saskatchewan,2025/4/1,Public administration,42.3,41,43.02,0.9692671394799056,15,2252227,165,1264537
Saskatchewan,2025/5/1,Public administration,43.3,42.5,42.06,0.9815242494226328,15,2238096,165.4,1264537
Saskatchewan,2025/6/1,Public administration,42.6,41.8,42.46,0.9812206572769951,15,2197669,165.5,1264537
Saskatchewan,2025/7/1,Public administration,42.7,42.2,41.26,0.9882903981264636,15,2196955,165.9,1266959
Saskatchewan,2025/8/1,Public administration,43.7,43.4,42.27,0.9931350114416476,15,2196049,166.2,1266959
Saskatchewan,2025/9/1,Public administration,42.2,41.5,43.81,0.9834123222748814,15,,166.5,1266959
Saskatchewan,2022/1/1,Services-producing sector,,,,,11.81,,,
Saskatchewan,2022/2/1,Services-producing sector,,,,,11.81,,,
Saskatchewan,2022/3/1,Services-producing sector,,,,,11.81,,,
Saskatchewan,2022/4/1,Services-producing sector,,,,,11.81,,,
Saskatchewan,2022/5/1,Services-producing sector,,,,,11.81,,,
Saskatchewan,2022/6/1,Services-producing sector,,,,,11.81,,,
Saskatchewan,2022/7/1,Services-producing sector,,,,,11.81,,,
Saskatchewan,2022/8/1,Services-producing sector,,,,,11.81,,,
Saskatchewan,2022/9/1,Services-producing sector,,,,,11.81,,,
Saskatchewan,2022/10/1,Services-producing sector,,,,,13,,,
Saskatchewan,2022/11/1,Services-producing sector,,,,,13,,,
Saskatchewan,2022/12/1,Services-producing sector,,,,,13,,,
Saskatchewan,2023/1/1,Services-producing sector,456.4,392,29.93,0.8588957055214724,13,2157348,156.7,1195840
Saskatchewan,2023/2/1,Services-producing sector,459.1,394.1,30.11,0.858418645175343,13,2035345,157.6,1195840
Saskatchewan,2023/3/1,Services-producing sector,463.6,395.5,30.21,0.8531061259706644,13,2070385,158.8,1195840
Saskatchewan,2023/4/1,Services-producing sector,463.7,393.6,30.74,0.8488246711235713,13,2050852,160.4,1201624
Saskatchewan,2023/5/1,Services-producing sector,472.5,408.1,30.41,0.8637037037037038,13,2034091,160.4,1201624
Saskatchewan,2023/6/1,Services-producing sector,479.1,415,30.3,0.8662074723439782,13,2082750,160.5,1201624
Saskatchewan,2023/7/1,Services-producing sector,470.7,403.1,30.2,0.8563841087741662,13,2060290,161.1,1210257
Saskatchewan,2023/8/1,Services-producing sector,478.9,406.8,30.28,0.8494466485696388,13,2087323,161.6,1210257
Saskatchewan,2023/9/1,Services-producing sector,473.3,411.1,30.97,0.8685822945277837,13,2146006,161.2,1210257
Saskatchewan,2023/10/1,Services-producing sector,477.1,420.7,30.77,0.8817857891427373,13,2249660,160.6,1222152
Saskatchewan,2023/11/1,Services-producing sector,476.4,417.9,30.79,0.8772040302267002,13,2097789,160.6,1222152
Saskatchewan,2023/12/1,Services-producing sector,477.4,419.2,31.08,0.8780896522832007,13,2109309,159.9,1222152
Saskatchewan,2024/1/1,Services-producing sector,479,419.5,31.13,0.8757828810020877,13,2084336,159.7,1230316
Saskatchewan,2024/2/1,Services-producing sector,485,422.3,31.02,0.8707216494845361,13,2108113,160.3,1230316
Saskatchewan,2024/3/1,Services-producing sector,480.6,417.2,31.08,0.8680815647107781,13,2056990,161.2,1230316
Saskatchewan,2024/4/1,Services-producing sector,485.9,420.2,31.61,0.8647869932084792,13,2161211,162,1238591
Saskatchewan,2024/5/1,Services-producing sector,492.4,429.1,31.14,0.8714459788789602,13,2121984,162.8,1238591
Saskatchewan,2024/6/1,Services-producing sector,495.2,433.6,31.36,0.8756058158319872,13,2107721,162.8,1238591
Saskatchewan,2024/7/1,Services-producing sector,493.7,426.7,30.81,0.8642900546890825,13,2209739,163.6,1247868
Saskatchewan,2024/8/1,Services-producing sector,493.2,421.2,31.23,0.8540145985401459,13,2154778,163.4,1247868
Saskatchewan,2024/9/1,Services-producing sector,485.5,423.6,32.09,0.8725025746652936,13,2161744,162.3,1247868
Saskatchewan,2024/10/1,Services-producing sector,483.2,423.8,32.26,0.8770695364238411,15,2160792,163.1,1256983
Saskatchewan,2024/11/1,Services-producing sector,481.4,422,31.83,0.8766098878271708,15,2169604,163.2,1256983
Saskatchewan,2024/12/1,Services-producing sector,482.5,423.7,32.52,0.8781347150259067,15,2201418,162.8,1256983
Saskatchewan,2025/1/1,Services-producing sector,477.9,416.4,32.46,0.8713119899560577,15,2236200,163.5,1261524
Saskatchewan,2025/2/1,Services-producing sector,481.2,423.3,32.31,0.8796758104738155,15,2235775,165.2,1261524
Saskatchewan,2025/3/1,Services-producing sector,487.3,424.6,32.17,0.871331828442438,15,2215667,165.2,1261524
Saskatchewan,2025/4/1,Services-producing sector,491.8,424.8,31.99,0.8637657584383895,15,2252227,165,1264537
Saskatchewan,2025/5/1,Services-producing sector,496.6,433.1,31.92,0.8721304873137334,15,2238096,165.4,1264537
Saskatchewan,2025/6/1,Services-producing sector,504.9,439.9,32.09,0.8712616359675183,15,2197669,165.5,1264537
Saskatchewan,2025/7/1,Services-producing sector,502.9,433.5,31.84,0.8620003976933784,15,2196955,165.9,1266959
Saskatchewan,2025/8/1,Services-producing sector,504.3,431.5,32.31,0.8556414832441007,15,2196049,166.2,1266959
Saskatchewan,2025/9/1,Services-producing sector,500.3,432.6,32.66,0.8646811912852289,15,,166.5,1266959
Saskatchewan,2022/1/1,"Total, all industries",,,,,11.81,,,
Saskatchewan,2022/2/1,"Total, all industries",,,,,11.81,,,
Saskatchewan,2022/3/1,"Total, all industries",,,,,11.81,,,
Saskatchewan,2022/4/1,"Total, all industries",,,,,11.81,,,
Saskatchewan,2022/5/1,"Total, all industries",,,,,11.81,,,
Saskatchewan,2022/6/1,"Total, all industries",,,,,11.81,,,
Saskatchewan,2022/7/1,"Total, all industries",,,,,11.81,,,
Saskatchewan,2022/8/1,"Total, all industries",,,,,11.81,,,
Saskatchewan,2022/9/1,"Total, all industries",,,,,11.81,,,
Saskatchewan,2022/10/1,"Total, all industries",,,,,13,,,
Saskatchewan,2022/11/1,"Total, all industries",,,,,13,,,
Saskatchewan,2022/12/1,"Total, all industries",,,,,13,,,
Saskatchewan,2023/1/1,"Total, all industries",601.5,486.7,31.21,0.8091438071487946,13,2157348,156.7,1195840
Saskatchewan,2023/2/1,"Total, all industries",602.5,488.5,31.27,0.8107883817427386,13,2035345,157.6,1195840
Saskatchewan,2023/3/1,"Total, all industries",604.4,489.5,31.23,0.8098941098610192,13,2070385,158.8,1195840
Saskatchewan,2023/4/1,"Total, all industries",606.7,489.2,31.73,0.8063293225646941,13,2050852,160.4,1201624
Saskatchewan,2023/5/1,"Total, all industries",616.8,509.2,31.27,0.8255512321660182,13,2034091,160.4,1201624
Saskatchewan,2023/6/1,"Total, all industries",626,519.3,31.29,0.829552715654952,13,2082750,160.5,1201624
Saskatchewan,2023/7/1,"Total, all industries",619.3,508.3,31.27,0.8207653802680447,13,2060290,161.1,1210257
Saskatchewan,2023/8/1,"Total, all industries",627.2,507.3,31.51,0.8088329081632653,13,2087323,161.6,1210257
Saskatchewan,2023/9/1,"Total, all industries",617.4,511.3,32.05,0.8281503077421445,13,2146006,161.2,1210257
Saskatchewan,2023/10/1,"Total, all industries",622,521.6,31.73,0.8385852090032154,13,2249660,160.6,1222152
Saskatchewan,2023/11/1,"Total, all industries",623,517.8,31.86,0.8311396468699839,13,2097789,160.6,1222152
Saskatchewan,2023/12/1,"Total, all industries",625.4,517.2,32.28,0.8269907259354015,13,2109309,159.9,1222152
Saskatchewan,2024/1/1,"Total, all industries",619.2,511.6,32.2,0.8262273901808785,13,2084336,159.7,1230316
Saskatchewan,2024/2/1,"Total, all industries",623.4,515,32.15,0.8261148540263074,13,2108113,160.3,1230316
Saskatchewan,2024/3/1,"Total, all industries",622.7,506.6,32.38,0.8135538782720411,13,2056990,161.2,1230316
Saskatchewan,2024/4/1,"Total, all industries",629.5,510.9,32.73,0.8115965051628276,13,2161211,162,1238591
Saskatchewan,2024/5/1,"Total, all industries",646,528.9,32.21,0.8187306501547987,13,2121984,162.8,1238591
Saskatchewan,2024/6/1,"Total, all industries",647.6,534.4,32.3,0.8252007411982705,13,2107721,162.8,1238591
Saskatchewan,2024/7/1,"Total, all industries",649.3,527.9,32.09,0.813029416294471,13,2209739,163.6,1247868
Saskatchewan,2024/8/1,"Total, all industries",651.3,525.9,32.23,0.8074619990787656,13,2154778,163.4,1247868
Saskatchewan,2024/9/1,"Total, all industries",640.3,528.1,32.88,0.8247696392316103,13,2161744,162.3,1247868
Saskatchewan,2024/10/1,"Total, all industries",638.6,531.2,33.27,0.8318196053867837,15,2160792,163.1,1256983
Saskatchewan,2024/11/1,"Total, all industries",634.6,525.7,32.86,0.8283958398991491,15,2169604,163.2,1256983
Saskatchewan,2024/12/1,"Total, all industries",639.2,526.4,33.62,0.8235294117647058,15,2201418,162.8,1256983
Saskatchewan,2025/1/1,"Total, all industries",632.9,518.8,33.45,0.8197187549375888,15,2236200,163.5,1261524
Saskatchewan,2025/2/1,"Total, all industries",633.5,522.1,33.38,0.8241515390686662,15,2235775,165.2,1261524
Saskatchewan,2025/3/1,"Total, all industries",639.4,524.1,33.4,0.8196746950265875,15,2215667,165.2,1261524
Saskatchewan,2025/4/1,"Total, all industries",643.3,522.3,33.19,0.8119073527125757,15,2252227,165,1264537
Saskatchewan,2025/5/1,"Total, all industries",653.9,541.6,33.06,0.8282612020186574,15,2238096,165.4,1264537
Saskatchewan,2025/6/1,"Total, all industries",666.3,549.4,33.13,0.8245535044274351,15,2197669,165.5,1264537
Saskatchewan,2025/7/1,"Total, all industries",665.3,540.3,33.09,0.8121148354125958,15,2196955,165.9,1266959
Saskatchewan,2025/8/1,"Total, all industries",664.7,537.4,33.49,0.8084850308409808,15,2196049,166.2,1266959
Saskatchewan,2025/9/1,"Total, all industries",657.8,535.7,33.84,0.8143812709030102,15,,166.5,1266959
Saskatchewan,2022/1/1,Transportation and warehousing,,,,,11.81,,,
Saskatchewan,2022/2/1,Transportation and warehousing,,,,,11.81,,,
Saskatchewan,2022/3/1,Transportation and warehousing,,,,,11.81,,,
Saskatchewan,2022/4/1,Transportation and warehousing,,,,,11.81,,,
Saskatchewan,2022/5/1,Transportation and warehousing,,,,,11.81,,,
Saskatchewan,2022/6/1,Transportation and warehousing,,,,,11.81,,,
Saskatchewan,2022/7/1,Transportation and warehousing,,,,,11.81,,,
Saskatchewan,2022/8/1,Transportation and warehousing,,,,,11.81,,,
Saskatchewan,2022/9/1,Transportation and warehousing,,,,,11.81,,,
Saskatchewan,2022/10/1,Transportation and warehousing,,,,,13,,,
Saskatchewan,2022/11/1,Transportation and warehousing,,,,,13,,,
Saskatchewan,2022/12/1,Transportation and warehousing,,,,,13,,,
Saskatchewan,2023/1/1,Transportation and warehousing,25.8,20.4,30,0.7906976744186046,13,2157348,156.7,1195840
Saskatchewan,2023/2/1,Transportation and warehousing,28,21.6,31,0.7714285714285715,13,2035345,157.6,1195840
Saskatchewan,2023/3/1,Transportation and warehousing,26.5,21,30.31,0.7924528301886793,13,2070385,158.8,1195840
Saskatchewan,2023/4/1,Transportation and warehousing,27.3,21.1,30,0.7728937728937729,13,2050852,160.4,1201624
Saskatchewan,2023/5/1,Transportation and warehousing,29.7,24.7,30.75,0.8316498316498316,13,2034091,160.4,1201624
Saskatchewan,2023/6/1,Transportation and warehousing,30.9,25.6,30.19,0.8284789644012945,13,2082750,160.5,1201624
Saskatchewan,2023/7/1,Transportation and warehousing,29.5,23.3,31.19,0.7898305084745763,13,2060290,161.1,1210257
Saskatchewan,2023/8/1,Transportation and warehousing,32.5,26.6,28.71,0.8184615384615385,13,2087323,161.6,1210257
Saskatchewan,2023/9/1,Transportation and warehousing,31.5,25.3,29.98,0.8031746031746032,13,2146006,161.2,1210257
Saskatchewan,2023/10/1,Transportation and warehousing,29.7,25.2,30.72,0.8484848484848485,13,2249660,160.6,1222152
Saskatchewan,2023/11/1,Transportation and warehousing,29.7,24.9,31.61,0.8383838383838383,13,2097789,160.6,1222152
Saskatchewan,2023/12/1,Transportation and warehousing,29,25.1,32.87,0.8655172413793104,13,2109309,159.9,1222152
Saskatchewan,2024/1/1,Transportation and warehousing,27,23.7,31.1,0.8777777777777778,13,2084336,159.7,1230316
Saskatchewan,2024/2/1,Transportation and warehousing,31.1,25.4,31.69,0.8167202572347266,13,2108113,160.3,1230316
Saskatchewan,2024/3/1,Transportation and warehousing,31.3,25.4,33.05,0.8115015974440893,13,2056990,161.2,1230316
Saskatchewan,2024/4/1,Transportation and warehousing,30.3,25.5,31.66,0.8415841584158416,13,2161211,162,1238591
Saskatchewan,2024/5/1,Transportation and warehousing,29.3,24.9,32.17,0.8498293515358362,13,2121984,162.8,1238591
Saskatchewan,2024/6/1,Transportation and warehousing,30.7,26.6,32.62,0.8664495114006515,13,2107721,162.8,1238591
Saskatchewan,2024/7/1,Transportation and warehousing,28.6,23.6,32.2,0.8251748251748252,13,2209739,163.6,1247868
Saskatchewan,2024/8/1,Transportation and warehousing,30.9,24.3,33.23,0.7864077669902914,13,2154778,163.4,1247868
Saskatchewan,2024/9/1,Transportation and warehousing,31.5,24.1,33.39,0.7650793650793651,13,2161744,162.3,1247868
Saskatchewan,2024/10/1,Transportation and warehousing,31.4,23.7,32.42,0.7547770700636943,15,2160792,163.1,1256983
Saskatchewan,2024/11/1,Transportation and warehousing,30,23.4,31.79,0.7799999999999999,15,2169604,163.2,1256983
Saskatchewan,2024/12/1,Transportation and warehousing,30.7,23.3,30.76,0.758957654723127,15,2201418,162.8,1256983
Saskatchewan,2025/1/1,Transportation and warehousing,29.9,24,31.27,0.802675585284281,15,2236200,163.5,1261524
Saskatchewan,2025/2/1,Transportation and warehousing,30.2,24.5,30.78,0.8112582781456954,15,2235775,165.2,1261524
Saskatchewan,2025/3/1,Transportation and warehousing,28,22.5,32.15,0.8035714285714286,15,2215667,165.2,1261524
Saskatchewan,2025/4/1,Transportation and warehousing,28.3,22.8,33.26,0.8056537102473498,15,2252227,165,1264537
Saskatchewan,2025/5/1,Transportation and warehousing,27.4,21.9,33.03,0.7992700729927007,15,2238096,165.4,1264537
Saskatchewan,2025/6/1,Transportation and warehousing,27.7,21.9,33.36,0.7906137184115524,15,2197669,165.5,1264537
Saskatchewan,2025/7/1,Transportation and warehousing,27.7,21.6,33.18,0.7797833935018051,15,2196955,165.9,1266959
Saskatchewan,2025/8/1,Transportation and warehousing,26.1,20.3,32.94,0.7777777777777778,15,2196049,166.2,1266959
Saskatchewan,2025/9/1,Transportation and warehousing,28.2,22.2,30.84,0.7872340425531915,15,,166.5,1266959
Saskatchewan,2022/1/1,Utilities,,,,,11.81,,,
Saskatchewan,2022/2/1,Utilities,,,,,11.81,,,
Saskatchewan,2022/3/1,Utilities,,,,,11.81,,,
Saskatchewan,2022/4/1,Utilities,,,,,11.81,,,
Saskatchewan,2022/5/1,Utilities,,,,,11.81,,,
Saskatchewan,2022/6/1,Utilities,,,,,11.81,,,
Saskatchewan,2022/7/1,Utilities,,,,,11.81,,,
Saskatchewan,2022/8/1,Utilities,,,,,11.81,,,
Saskatchewan,2022/9/1,Utilities,,,,,11.81,,,
Saskatchewan,2022/10/1,Utilities,,,,,13,,,
Saskatchewan,2022/11/1,Utilities,,,,,13,,,
Saskatchewan,2022/12/1,Utilities,,,,,13,,,
Saskatchewan,2023/1/1,Utilities,7,6.8,40.74,0.9714285714285714,13,2157348,156.7,1195840
Saskatchewan,2023/2/1,Utilities,7.5,7.5,40.89,1,13,2035345,157.6,1195840
Saskatchewan,2023/3/1,Utilities,7.8,7.8,41.03,1,13,2070385,158.8,1195840
Saskatchewan,2023/4/1,Utilities,7.8,7.6,41.55,0.9743589743589745,13,2050852,160.4,1201624
Saskatchewan,2023/5/1,Utilities,8.7,8.5,42.62,0.9770114942528736,13,2034091,160.4,1201624
Saskatchewan,2023/6/1,Utilities,7.9,7.9,47.12,1,13,2082750,160.5,1201624
Saskatchewan,2023/7/1,Utilities,7.5,7.5,45.51,1,13,2060290,161.1,1210257
Saskatchewan,2023/8/1,Utilities,7.3,7.3,50.27,1,13,2087323,161.6,1210257
Saskatchewan,2023/9/1,Utilities,7.2,7.2,49.45,1,13,2146006,161.2,1210257
Saskatchewan,2023/10/1,Utilities,7.1,7.1,47.69,1,13,2249660,160.6,1222152
Saskatchewan,2023/11/1,Utilities,7.6,7.6,48.08,1,13,2097789,160.6,1222152
Saskatchewan,2023/12/1,Utilities,8.5,7.6,48.97,0.8941176470588235,13,2109309,159.9,1222152
Saskatchewan,2024/1/1,Utilities,7,6.8,47.08,0.9714285714285714,13,2084336,159.7,1230316
Saskatchewan,2024/2/1,Utilities,6.9,6.7,48.14,0.9710144927536232,13,2108113,160.3,1230316
Saskatchewan,2024/3/1,Utilities,6.6,6.6,52.65,1,13,2056990,161.2,1230316
Saskatchewan,2024/4/1,Utilities,6,6,50.83,1,13,2161211,162,1238591
Saskatchewan,2024/5/1,Utilities,6.2,6.1,48.12,0.9838709677419354,13,2121984,162.8,1238591
Saskatchewan,2024/6/1,Utilities,6.1,5.9,49.14,0.9672131147540984,13,2107721,162.8,1238591
Saskatchewan,2024/7/1,Utilities,5.9,5.8,49.53,0.983050847457627,13,2209739,163.6,1247868
Saskatchewan,2024/8/1,Utilities,5.9,5.7,51.68,0.9661016949152542,13,2154778,163.4,1247868
Saskatchewan,2024/9/1,Utilities,5.5,5.5,52.75,1,13,2161744,162.3,1247868
Saskatchewan,2024/10/1,Utilities,5.9,5.7,51.2,0.9661016949152542,15,2160792,163.1,1256983
Saskatchewan,2024/11/1,Utilities,6.4,6.4,47.15,1,15,2169604,163.2,1256983
Saskatchewan,2024/12/1,Utilities,7.1,6.9,48.8,0.9718309859154932,15,2201418,162.8,1256983
Saskatchewan,2025/1/1,Utilities,6.6,6.2,49.14,0.9393939393939394,15,2236200,163.5,1261524
Saskatchewan,2025/2/1,Utilities,6.5,6.4,51.74,0.9846153846153848,15,2235775,165.2,1261524
Saskatchewan,2025/3/1,Utilities,6.4,6.4,50.49,1,15,2215667,165.2,1261524
Saskatchewan,2025/4/1,Utilities,6.2,6,48.45,0.9677419354838708,15,2252227,165,1264537
Saskatchewan,2025/5/1,Utilities,7,7,50.46,1,15,2238096,165.4,1264537
Saskatchewan,2025/6/1,Utilities,7.3,7.3,50.68,1,15,2197669,165.5,1264537
Saskatchewan,2025/7/1,Utilities,8,7.6,50.51,0.95,15,2196955,165.9,1266959
Saskatchewan,2025/8/1,Utilities,8.5,8.4,44.61,0.9882352941176472,15,2196049,166.2,1266959
Saskatchewan,2025/9/1,Utilities,7.4,7.4,49.24,1,15,,166.5,1266959
Saskatchewan,2022/1/1,Wholesale and retail trade,,,,,11.81,,,
Saskatchewan,2022/2/1,Wholesale and retail trade,,,,,11.81,,,
Saskatchewan,2022/3/1,Wholesale and retail trade,,,,,11.81,,,
Saskatchewan,2022/4/1,Wholesale and retail trade,,,,,11.81,,,
Saskatchewan,2022/5/1,Wholesale and retail trade,,,,,11.81,,,
Saskatchewan,2022/6/1,Wholesale and retail trade,,,,,11.81,,,
Saskatchewan,2022/7/1,Wholesale and retail trade,,,,,11.81,,,
Saskatchewan,2022/8/1,Wholesale and retail trade,,,,,11.81,,,
Saskatchewan,2022/9/1,Wholesale and retail trade,,,,,11.81,,,
Saskatchewan,2022/10/1,Wholesale and retail trade,,,,,13,,,
Saskatchewan,2022/11/1,Wholesale and retail trade,,,,,13,,,
Saskatchewan,2022/12/1,Wholesale and retail trade,,,,,13,,,
Saskatchewan,2023/1/1,Wholesale and retail trade,100.1,90.7,24.13,0.9060939060939062,13,2157348,156.7,1195840
Saskatchewan,2023/2/1,Wholesale and retail trade,99.7,90.4,24.23,0.9067201604814444,13,2035345,157.6,1195840
Saskatchewan,2023/3/1,Wholesale and retail trade,103.4,93.4,24.72,0.9032882011605416,13,2070385,158.8,1195840
Saskatchewan,2023/4/1,Wholesale and retail trade,103.1,93.1,24.91,0.9030067895247332,13,2050852,160.4,1201624
Saskatchewan,2023/5/1,Wholesale and retail trade,100.6,92.3,24.59,0.9174950298210736,13,2034091,160.4,1201624
Saskatchewan,2023/6/1,Wholesale and retail trade,101.3,92.2,24.34,0.9101678183613032,13,2082750,160.5,1201624
Saskatchewan,2023/7/1,Wholesale and retail trade,97.9,90.5,24.35,0.9244126659856996,13,2060290,161.1,1210257
Saskatchewan,2023/8/1,Wholesale and retail trade,100.7,92.5,25.12,0.9185700099304864,13,2087323,161.6,1210257
Saskatchewan,2023/9/1,Wholesale and retail trade,101.7,94,25.11,0.9242871189773844,13,2146006,161.2,1210257
Saskatchewan,2023/10/1,Wholesale and retail trade,102.1,94.7,24.68,0.9275220372184134,13,2249660,160.6,1222152
Saskatchewan,2023/11/1,Wholesale and retail trade,102.5,94.1,25.04,0.9180487804878048,13,2097789,160.6,1222152
Saskatchewan,2023/12/1,Wholesale and retail trade,103.8,95.9,25.14,0.9238921001926784,13,2109309,159.9,1222152
Saskatchewan,2024/1/1,Wholesale and retail trade,103.5,93.3,25.65,0.9014492753623188,13,2084336,159.7,1230316
Saskatchewan,2024/2/1,Wholesale and retail trade,106,95.3,25.94,0.8990566037735849,13,2108113,160.3,1230316
Saskatchewan,2024/3/1,Wholesale and retail trade,104.1,93.5,26.15,0.8981748318924112,13,2056990,161.2,1230316
Saskatchewan,2024/4/1,Wholesale and retail trade,104.5,93,26.91,0.8899521531100478,13,2161211,162,1238591
Saskatchewan,2024/5/1,Wholesale and retail trade,105.6,94.2,26.73,0.8920454545454546,13,2121984,162.8,1238591
Saskatchewan,2024/6/1,Wholesale and retail trade,103.9,94.8,26.57,0.9124157844080846,13,2107721,162.8,1238591
Saskatchewan,2024/7/1,Wholesale and retail trade,107.1,96.8,26.11,0.903828197945845,13,2209739,163.6,1247868
Saskatchewan,2024/8/1,Wholesale and retail trade,105.2,96.6,25.59,0.918250950570342,13,2154778,163.4,1247868
Saskatchewan,2024/9/1,Wholesale and retail trade,100.2,91.9,26.8,0.9171656686626748,13,2161744,162.3,1247868
Saskatchewan,2024/10/1,Wholesale and retail trade,99.3,91.9,26.45,0.9254783484390736,15,2160792,163.1,1256983
Saskatchewan,2024/11/1,Wholesale and retail trade,99,92.9,26.38,0.9383838383838384,15,2169604,163.2,1256983
Saskatchewan,2024/12/1,Wholesale and retail trade,100.4,93.1,26.57,0.9272908366533864,15,2201418,162.8,1256983
Saskatchewan,2025/1/1,Wholesale and retail trade,100,89.4,26.19,0.894,15,2236200,163.5,1261524
Saskatchewan,2025/2/1,Wholesale and retail trade,98.4,89.8,25.24,0.91260162601626,15,2235775,165.2,1261524
Saskatchewan,2025/3/1,Wholesale and retail trade,101.7,92.5,24.83,0.9095378564405112,15,2215667,165.2,1261524
Saskatchewan,2025/4/1,Wholesale and retail trade,99.9,91.1,26.08,0.9119119119119118,15,2252227,165,1264537
Saskatchewan,2025/5/1,Wholesale and retail trade,97.6,90.3,26.01,0.9252049180327868,15,2238096,165.4,1264537
Saskatchewan,2025/6/1,Wholesale and retail trade,98.4,91.1,26.85,0.9258130081300812,15,2197669,165.5,1264537
Saskatchewan,2025/7/1,Wholesale and retail trade,99.4,93.1,26.56,0.936619718309859,15,2196955,165.9,1266959
Saskatchewan,2025/8/1,Wholesale and retail trade,100.2,92.8,27.24,0.9261477045908184,15,2196049,166.2,1266959
Saskatchewan,2025/9/1,Wholesale and retail trade,102.2,94.1,27.04,0.920743639921722,15,,166.5,1266959
